"S.No.","State","Disaster","Date","No. of Districts Affected","Villages Affected","Population Affected","Deaths","Injured","Missing","Houses Damaged","Animal Deaths","Crop Affected (Ha)","Infrastructure Affected","Rainfall (mm)","People Evacuated","Relief Camps","Camp Inmates"
"1","Andaman and Nicobar Islands","Other : ","19-09-2026","1","0","0","0","0","0","0","0","0.00","0","82.00","0","0","0"
"2","Andaman and Nicobar Islands","Other : nil","19-09-2026","1","0","0","0","0","0","0","0","0.00","0","48.00","0","0","0"
"3","Assam","Electrical Disasters and fires","19-09-2026","2","1","0","1","0","0","1","0","0.00","0","0.00","0","0","0"
"4","Assam","Floods","19-09-2026","4","18","1171","0","0","0","0","0","670.63","3","226.90","0","0","0"
"5","Assam","Other : Erosion","19-09-2026","1","2","0","0","0","0","0","0","0.00","0","0.00","0","0","0"
"6","Assam","Village Fire","19-09-2026","1","0","0","0","0","0","1","0","0.00","0","0.00","0","0","0"
"7","Bihar","Other : Road Accident","19-09-2026","1","0","0","3","0","0","0","0","0.00","0","0.00","0","0","0"
"8","Chhattisgarh","Drowning ","19-09-2026","1","0","0","1","0","0","0","0","0.00","0","0.00","0","0","0"
"9","Gujarat","Heavy Rain","19-09-2026","8","2","20","1","1","0","9","1","0.00","0","784.77","0","0","0"
"10","Gujarat","Thunder and Lightening","19-09-2026","2","0","0","0","0","0","1","2","0.00","0","342.80","0","0","0"
"11","Himachal Pradesh","Air, Road and Rail Accidents","19-09-2026","4","3","0","5","2","0","0","0","0.00","0","0.00","0","0","0"
"12","Himachal Pradesh","Heavy Rain","19-09-2026","4","0","0","0","0","0","2","0","0.00","4","0.00","0","0","0"
"13","Himachal Pradesh","Other : 0","19-09-2026","1","0","0","1","0","0","0","0","0.00","0","0.00","0","0","0"
"14","Kerala","Floods","19-09-2026","1","0","0","0","0","0","0","0","0.00","0","0.00","0","0","0"
"15","Kerala","Heat Wave and Cold Wave","19-09-2026","1","0","0","0","0","0","0","0","1.00","0","0.00","0","0","0"
"16","Kerala","Heavy Rain","19-09-2026","5","0","0","0","0","0","0","0","0.00","0","20.07","0","0","0"
"17","Kerala","Other : ","19-09-2026","2","0","0","1","0","0","0","0","0.00","0","2.16","0","0","0"
"18","Kerala","Other : 0","19-09-2026","1","0","0","0","0","0","0","0","0.00","0","0.00","0","0","0"
"19","Kerala","Other : nil","19-09-2026","1","0","0","0","0","0","0","0","0.00","0","0.56","0","0","0"
"20","Kerala","Other : rain","19-09-2026","1","0","0","0","0","0","0","0","0.00","0","5.18","0","0","0"
"21","Maharashtra","Air, Road and Rail Accidents","19-09-2026","2","0","0","1","40","0","0","0","0.00","0","0.00","0","0","0"
"22","Maharashtra","Other : ","19-09-2026","1","0","0","2","0","0","0","0","0.00","0","0.00","0","0","0"
"23","Maharashtra","Other : -","19-09-2026","1","0","0","2","0","0","0","0","0.00","0","0.00","0","0","0"
"24","Maharashtra","Other : 0","19-09-2026","2","0","0","1","1","0","0","0","0.00","0","0.00","0","0","0"
"25","Maharashtra","Thunder and Lightening","19-09-2026","1","0","0","0","0","0","0","2","0.00","0","0.00","0","0","0"
"26","Odisha","Other : ","19-09-2026","25","0","0","0","0","0","0","0","0.00","0","137.40","0","0","0"
"27","Puducherry","Heavy Rain","19-09-2026","1","0","0","0","0","0","0","0","0.00","0","0.60","0","0","0"
"28","Uttarakhand","Air, Road and Rail Accidents","19-09-2026","3","0","0","0","10","0","0","0","0.00","0","0.00","0","0","0"
"29","Uttar Pradesh","Floods","19-09-2026","1","1","894","0","0","0","0","60","42.70","0","0.00","694","1","200"
"30","Uttar Pradesh","Other : Drowing ","19-09-2026","1","0","1","1","0","0","0","0","0.00","0","0.00","0","0","0"
"31","Uttar Pradesh","Other : drowning","19-09-2026","1","2","2","2","0","0","0","0","0.00","0","0.00","0","0","0"
"32","Uttar Pradesh","Other : snakebite","19-09-2026","1","4","4","2","0","0","0","2","0.00","0","0.00","0","0","0"
"33","West Bengal","Floods","19-09-2026","1","45","30","0","0","0","10","0","0.00","0","45.00","0","2","502"
"34","West Bengal","Landslides and Mudflows","19-09-2026","1","0","0","0","0","0","0","0","0.00","0","0.00","0","1","8"
"35","West Bengal","Other : Accidential drowning","19-09-2026","1","0","0","1","0","0","0","0","0.00","0","0.00","0","0","0"
"36","West Bengal","Other : River erosion","19-09-2026","1","1","0","0","0","0","0","0","0.00","0","45.00","0","0","0"
"37","West Bengal","Thunder and Lightening","19-09-2026","1","0","0","2","0","0","0","0","0.00","0","0.00","0","0","0"
"38","Andaman and Nicobar Islands","Other : ","18-09-2026","1","0","0","0","0","0","0","0","0.00","0","0.00","0","0","0"
"39","Andaman and Nicobar Islands","Other : nil","18-09-2026","1","0","0","0","0","0","0","0","0.00","0","13.00","0","0","0"
"40","Arunachal Pradesh","Heavy Rain","18-09-2026","1","6","0","0","0","0","0","0","35.40","4","0.00","0","0","0"
"41","Arunachal Pradesh","Other : Flash Flood","18-09-2026","1","1","0","0","0","0","0","0","0.00","1","0.00","0","0","0"
"42","Assam","Electrical Disasters and fires","18-09-2026","1","1","0","0","0","0","1","0","0.00","0","0.00","0","0","0"
"43","Assam","Floods","18-09-2026","3","13","0","0","0","0","0","0","783.00","0","9.80","0","0","0"
"44","Assam","Hailstorm","18-09-2026","1","2","0","0","0","0","0","0","0.00","3","73.97","0","0","0"
"45","Assam","Thunder and Lightening","18-09-2026","1","1","0","0","0","0","0","0","0.00","1","5.80","0","0","0"
"46","Assam","Urban Fires","18-09-2026","1","0","16","0","0","0","4","0","0.00","0","0.00","0","0","0"
"47","Bihar","Other : Drowning","18-09-2026","1","0","0","0","0","1","0","0","0.00","0","0.00","0","0","0"
"48","Gujarat","Heavy Rain","18-09-2026","11","2","5","1","0","0","7","7","0.00","0","713.44","0","0","0"
"49","Gujarat","Thunder and Lightening","18-09-2026","5","1","0","0","0","0","3","3","0.00","0","179.22","0","0","0"
"50","Himachal Pradesh","Air, Road and Rail Accidents","18-09-2026","3","0","0","19","7","0","0","1","0.00","0","44.30","0","0","0"
"51","Himachal Pradesh","Heavy Rain","18-09-2026","3","1","7","0","0","0","2","0","0.00","100000","0.00","0","0","0"
"52","Himachal Pradesh","Landslides and Mudflows","18-09-2026","1","0","0","0","0","0","2","0","0.00","0","0.00","0","0","0"
"53","Himachal Pradesh","Other : ","18-09-2026","1","0","0","0","0","0","7","0","0.00","0","0.00","0","0","0"
"54","Himachal Pradesh","Other : Fell Down, Dead Body Found, Road Accident","18-09-2026","1","0","0","3","12","0","0","0","0.00","0","4.70","13","0","0"
"55","Himachal Pradesh","Thunder and Lightening","18-09-2026","1","1","3","0","0","0","0","49","0.00","0","0.00","0","0","0"
"56","Jharkhand","Other : 0","18-09-2026","1","0","1","1","0","0","0","0","0.00","0","20.80","0","0","0"
"57","Jharkhand","Other : Drowing.","18-09-2026","1","1","5","1","0","0","0","0","0.00","0","0.00","0","0","0"
"58","Kerala","Heavy Rain","18-09-2026","5","0","0","1","0","0","0","0","0.00","0","40.94","0","0","0"
"59","Kerala","Other : ","18-09-2026","3","0","0","0","0","0","0","0","0.00","0","10.75","0","0","0"
"60","Kerala","Other : NIL","18-09-2026","1","0","0","0","0","0","0","0","0.04","0","6.87","0","0","0"
"61","Kerala","Other : rain","18-09-2026","1","0","0","0","0","0","0","0","0.00","0","12.35","0","0","0"
"62","Maharashtra","Thunder and Lightening","18-09-2026","3","0","0","4","11","0","0","1","0.00","0","8.60","0","0","0"
"63","Odisha","Other : ","18-09-2026","25","0","0","0","0","0","0","0","0.00","0","86.70","0","0","0"
"64","Punjab","Heavy Rain","18-09-2026","1","0","0","0","0","0","3","0","0.00","0","0.00","0","0","0"
"65","Sikkim","Heavy Rain","18-09-2026","4","6","31","0","0","0","9","0","0.00","0","126.50","0","0","0"
"66","Uttarakhand","Air, Road and Rail Accidents","18-09-2026","1","0","0","0","1","0","0","0","0.00","0","0.00","0","0","0"
"67","Uttarakhand","Other : animal attack.","18-09-2026","1","0","0","0","1","0","0","0","0.00","0","0.00","0","0","0"
"68","Uttarakhand","Other : Drowning.","18-09-2026","1","0","0","0","0","1","0","0","0.00","0","0.00","0","0","0"
"69","Uttar Pradesh","Floods","18-09-2026","1","1","894","0","0","0","0","60","42.70","0","0.33","694","1","200"
"70","Uttar Pradesh","Heavy Rain","18-09-2026","2","2","0","0","0","0","4","0","0.00","0","25.00","0","41","0"
"71","Uttar Pradesh","Other : Fire & Snakebite","18-09-2026","1","0","0","1","0","0","0","1","0.00","0","0.00","0","0","0"
"72","Uttar Pradesh","Other : snake bite","18-09-2026","1","2","2","0","0","0","0","2","0.00","0","0.33","0","0","0"
"73","West Bengal","Heavy Rain","18-09-2026","2","3","0","0","0","0","0","0","0.00","0","139.40","0","0","0"
"74","West Bengal","Landslides and Mudflows","18-09-2026","1","0","0","0","0","0","0","0","0.00","0","0.00","0","1","8"
"75","West Bengal","Other : ","18-09-2026","2","4","0","0","0","0","0","0","0.00","0","0.00","0","0","0"
"76","Andaman and Nicobar Islands","Other : ","17-09-2026","2","0","0","0","0","0","0","0","0.00","0","26.00","0","0","0"
"77","Arunachal Pradesh","Earthquakes","17-09-2026","1","0","0","0","0","0","0","0","0.00","0","0.00","0","0","0"
"78","Assam","Floods","17-09-2026","2","15","0","0","0","0","0","0","937.00","1","33.00","0","0","0"
"79","Assam","Other : ","17-09-2026","1","6","0","0","0","0","0","0","0.00","2","0.00","0","0","0"
"80","Assam","Other : Erosion","17-09-2026","2","4","18","0","0","0","0","0","0.00","0","51.00","0","0","0"
"81","Assam","Other : Storm","17-09-2026","1","6","8","0","0","0","2","0","0.00","2","0.00","0","0","0"
"82","Assam","Other : Storm Damaged","17-09-2026","1","0","0","0","0","0","0","0","0.00","1","0.00","0","0","0"
"83","Assam","Thunder and Lightening","17-09-2026","3","14","5","0","0","0","1","0","0.00","13","162.60","0","0","0"
"84","Bihar","Other : DROWNING","17-09-2026","2","0","0","2","0","1","0","0","0.00","0","0.00","0","0","0"
"85","Chhattisgarh","Drowning ","17-09-2026","3","0","0","6","0","0","0","0","0.00","0","0.00","0","0","0"
"86","Gujarat","Heavy Rain","17-09-2026","5","0","0","0","0","0","6","2","0.00","0","14.18","0","0","0"
"87","Gujarat","Thunder and Lightening","17-09-2026","3","0","0","0","0","0","1","0","0.00","0","1.00","0","0","0"
"88","Himachal Pradesh","Air, Road and Rail Accidents","17-09-2026","3","1","1","2","1","0","0","0","0.00","0","34.20","0","0","0"
"89","Himachal Pradesh","Heavy Rain","17-09-2026","1","0","0","0","0","0","0","0","0.00","0","0.00","0","0","0"
"90","Himachal Pradesh","Other : Fall from Cliff","17-09-2026","1","1","1","0","0","0","0","1","0.00","0","0.00","0","0","0"
"91","Himachal Pradesh","Other : Fire","17-09-2026","1","1","2","0","0","0","1","0","0.00","0","0.00","0","0","0"
"92","Himachal Pradesh","Other : Road Accident & Rain","17-09-2026","1","0","0","1","0","0","6","0","0.00","0","19.20","0","0","0"
"93","Karnataka","Heavy Rain","17-09-2026","5","0","0","0","0","0","79","2","160.00","0","3.90","0","0","0"
"94","Kerala","Heavy Rain","17-09-2026","7","0","0","0","0","0","0","0","0.00","0","19.24","0","0","0"
"95","Kerala","Other : ","17-09-2026","5","0","0","0","0","0","0","0","0.00","0","8.42","0","0","0"
"96","Maharashtra","Other : Road Accident ","17-09-2026","1","0","0","1","4","0","0","0","0.00","0","0.00","0","0","0"
"97","Meghalaya","Cyclones","17-09-2026","1","2","4","0","0","0","1","0","0.00","1","2.80","0","0","0"
"98","Mizoram","Landslides and Mudflows","17-09-2026","1","0","0","0","0","0","0","0","0.00","0","0.00","0","0","0"
"99","Odisha","Other : ","17-09-2026","22","0","0","0","0","0","0","0","0.00","0","62.20","0","0","0"
"100","Puducherry","Heavy Rain","17-09-2026","4","0","0","0","0","0","0","0","0.00","0","36.60","0","0","0"
"101","Sikkim","Heavy Rain","17-09-2026","5","9","118","0","0","0","32","0","0.00","0","196.40","0","0","0"
"102","Uttarakhand","Air, Road and Rail Accidents","17-09-2026","2","0","0","0","15","0","0","0","0.00","0","0.00","0","0","0"
"103","Uttarakhand","Other : Animal attack","17-09-2026","1","0","0","0","1","0","0","0","0.00","0","0.00","0","0","0"
"104","Uttarakhand","Other : Drowning","17-09-2026","1","0","0","0","0","2","0","0","0.00","0","0.00","0","0","0"
"105","Uttarakhand","Other :  Snaak Bite.","17-09-2026","1","0","0","1","0","0","0","0","0.00","0","0.00","0","0","0"
"106","Uttar Pradesh","Floods","17-09-2026","1","1","894","0","0","0","0","60","42.70","0","1.00","594","1","300"
"107","Uttar Pradesh","Heavy Rain","17-09-2026","2","3","1","0","0","0","7","0","0.00","0","14.00","0","41","0"
"108","Uttar Pradesh","Other : snake bite","17-09-2026","1","1","1","0","0","0","0","1","0.00","0","1.00","0","0","0"
"109","West Bengal","Floods","17-09-2026","1","7","75","0","0","0","82","0","0.00","0","0.00","0","1","100"
"110","West Bengal","Heavy Rain","17-09-2026","2","2","550","0","0","0","0","0","0.00","1","133.00","0","0","0"
"111","West Bengal","Landslides and Mudflows","17-09-2026","1","0","0","0","0","0","0","0","0.00","0","0.00","0","1","8"
"112","West Bengal","Other : Accidental Drowning","17-09-2026","1","0","0","1","0","0","0","0","0.00","0","0.00","0","0","0"
"113","West Bengal","Other : Drowning","17-09-2026","1","0","0","1","0","0","0","0","0.00","0","0.00","0","0","0"
"114","West Bengal","Sea Erosion","17-09-2026","2","1","52","0","0","0","19","0","0.00","1","0.00","0","6","502"
"115","West Bengal","Thunder and Lightening","17-09-2026","2","2","7","1","6","0","0","0","0.00","0","0.00","0","0","0"
"116","Andaman and Nicobar Islands","Other : ","16-09-2026","1","0","0","0","0","0","0","0","0.00","0","6.00","0","0","0"
"117","Assam","Floods","16-09-2026","3","42","0","0","0","0","0","3","1959.00","7","2.00","0","0","0"
"118","Assam","Other : Erosion","16-09-2026","1","2","0","0","0","0","0","0","0.00","0","0.00","0","0","0"
"119","Assam","Other : Non Flood Drowning","16-09-2026","1","0","0","1","0","0","0","0","0.00","0","0.00","0","0","0"
"120","Assam","Other : Storm","16-09-2026","1","0","0","0","0","0","0","0","0.00","0","0.00","0","0","0"
"121","Assam","Other : STORM","16-09-2026","1","5","0","0","0","0","0","0","0.00","2","0.00","0","0","0"
"122","Assam","Thunder and Lightening","16-09-2026","1","1","1","1","0","0","0","0","0.00","0","0.00","0","0","0"
"123","Gujarat","Heavy Rain","16-09-2026","8","3","10","0","0","0","8","1","0.00","0","63.88","0","0","0"
"124","Gujarat","Thunder and Lightening","16-09-2026","5","2","0","0","0","0","4","1","0.00","0","2.00","0","0","0"
"125","Haryana","Floods","16-09-2026","1","0","0","0","0","0","0","0","0.00","0","8.00","0","0","0"
"126","Himachal Pradesh","Air, Road and Rail Accidents","16-09-2026","2","0","0","2","3","0","0","0","0.00","0","0.00","0","0","0"
"127","Himachal Pradesh","Electrical Disasters and fires","16-09-2026","1","1","5","0","0","0","1","0","0.00","0","0.00","0","0","0"
"128","Himachal Pradesh","Heavy Rain","16-09-2026","3","0","0","0","0","0","4","0","0.00","0","12.00","0","0","0"
"129","Himachal Pradesh","Other : ","16-09-2026","1","0","0","1","0","0","0","0","0.00","0","0.00","0","0","0"
"130","Himachal Pradesh","Other : Fall from path","16-09-2026","1","0","0","2","0","0","0","0","0.00","0","0.00","0","0","0"
"131","Himachal Pradesh","Other : Fell Down on Hill, Fire","16-09-2026","1","0","0","0","0","0","0","3","0.00","0","0.00","0","0","0"
"132","Himachal Pradesh","Village Fire","16-09-2026","1","0","0","0","0","0","1","0","0.00","0","0.00","0","0","0"
"133","Jammu and Kashmir","Other : Drowning","16-09-2026","1","0","0","1","0","0","0","0","0.00","0","0.00","0","0","0"
"134","Jharkhand","Heavy Rain","16-09-2026","1","0","0","0","0","0","4","0","0.00","0","0.00","0","0","0"
"135","Jharkhand","Other : 0","16-09-2026","1","0","0","1","0","0","0","0","0.00","0","0.00","0","0","0"
"136","Kerala","Floods","16-09-2026","1","0","0","0","0","0","0","0","0.00","0","0.00","0","0","0"
"137","Kerala","Heavy Rain","16-09-2026","6","0","0","1","0","0","0","0","0.00","0","6.91","0","0","0"
"138","Kerala","Other : ","16-09-2026","2","0","0","0","0","0","0","0","0.00","0","0.00","0","0","0"
"139","Kerala","Other : Human Wildlife attack","16-09-2026","1","0","0","0","1","0","0","0","0.00","0","0.00","0","0","0"
"140","Kerala","Other : NIL","16-09-2026","1","0","0","0","0","0","0","0","0.01","0","0.00","0","0","0"
"141","Maharashtra","Other : Drowning","16-09-2026","1","0","0","1","0","0","0","0","0.00","0","0.00","0","0","0"
"142","Maharashtra","Other : Electric Accident ","16-09-2026","1","0","0","1","0","0","0","0","0.00","0","0.00","0","0","0"
"143","Maharashtra","Other : Tree Fall","16-09-2026","1","0","0","1","1","0","0","0","0.00","0","0.00","0","0","0"
"144","Meghalaya","Thunder and Lightening","16-09-2026","1","1","0","0","0","0","0","2","0.00","0","4.50","0","0","0"
"145","Odisha","Other : ","16-09-2026","18","0","0","0","0","0","0","0","0.00","0","65.10","0","0","0"
"146","Puducherry","Heavy Rain","16-09-2026","4","0","0","0","0","0","0","0","0.00","0","0.00","0","0","0"
"147","Sikkim","Heavy Rain","16-09-2026","3","9","554","0","0","0","15","0","0.00","0","73.70","0","5","319"
"148","Uttarakhand","Air, Road and Rail Accidents","16-09-2026","1","0","0","1","11","0","0","0","0.00","0","0.00","0","0","0"
"149","Uttarakhand","Other : foot sleepage","16-09-2026","1","0","0","0","2","0","0","0","0.00","0","0.00","0","0","0"
"150","Uttar Pradesh","Heavy Rain","16-09-2026","2","3","0","0","0","0","11","0","0.00","0","35.00","0","41","0"
"151","Uttar Pradesh","Other : 0","16-09-2026","1","0","0","1","0","0","0","0","0.00","0","0.00","0","0","0"
"152","Uttar Pradesh","Thunder and Lightening","16-09-2026","1","0","2","0","2","0","0","2","0.00","0","0.00","0","82","0"
"153","West Bengal","Landslides and Mudflows","16-09-2026","1","1","3","0","0","0","0","0","0.00","0","0.00","0","1","8"
"154","West Bengal","Other : Drowning","16-09-2026","1","1","4","2","2","0","0","0","0.00","0","0.00","0","0","0"
"155","West Bengal","Other : DROWNING","16-09-2026","1","0","0","2","0","0","0","0","0.00","0","0.00","0","0","0"
"156","West Bengal","Other : FIRE","16-09-2026","1","1","0","0","0","0","2","0","0.00","0","0.00","0","0","0"
"157","West Bengal","Other : Flood / Flash Flood","16-09-2026","1","7","850","0","0","0","317","0","0.00","0","0.00","250","3","250"
"158","West Bengal","Other : River / Coastal Erosion","16-09-2026","1","3","95","0","0","0","0","0","0.00","0","0.00","95","6","502"
"159","West Bengal","Other : Snake Bite","16-09-2026","1","0","0","1","0","0","0","0","0.00","0","0.00","0","0","0"
"160","Andaman and Nicobar Islands","Other : ","15-09-2026","1","0","0","0","0","0","0","0","0.00","0","0.00","0","0","0"
"161","Andaman and Nicobar Islands","Other : nil","15-09-2026","1","0","0","0","0","0","0","0","0.00","0","0.00","0","0","0"
"162","Assam","Floods","15-09-2026","2","52","0","0","0","0","0","0","3599.00","0","0.00","0","0","0"
"163","Assam","Other : Drowning (Not related to flood)","15-09-2026","1","0","0","0","0","3","0","0","0.00","0","0.00","0","0","0"
"164","Assam","Other : Erosion","15-09-2026","1","2","0","0","0","0","0","0","0.00","0","0.00","0","0","0"
"165","Assam","Other : Storm","15-09-2026","1","0","0","0","0","0","0","0","0.00","0","0.00","0","0","0"
"166","Bihar","Other : DROWNING","15-09-2026","2","0","0","4","0","0","0","0","0.00","0","0.00","0","0","0"
"167","Chhattisgarh","Drowning ","15-09-2026","1","0","0","1","0","0","0","0","0.00","0","0.00","0","0","0"
"168","Daman Diu","Heavy Rain","15-09-2026","1","0","0","0","0","0","0","0","0.00","0","131.80","0","0","0"
"169","Gujarat","Electrical Disasters and fires","15-09-2026","1","0","1","1","0","0","0","1","0.00","0","157.33","0","0","0"
"170","Gujarat","Floods","15-09-2026","1","0","0","0","0","0","3","0","0.00","0","0.00","0","0","0"
"171","Gujarat","Heavy Rain","15-09-2026","10","2","20","0","1","0","13","3","0.00","0","2250.82","0","0","0"
"172","Gujarat","Thunder and Lightening","15-09-2026","6","2","0","3","0","0","10","39","0.00","0","488.89","0","0","0"
"173","Himachal Pradesh","Air, Road and Rail Accidents","15-09-2026","4","0","0","4","2","0","0","0","0.00","0","15.40","0","0","0"
"174","Himachal Pradesh","Heavy Rain","15-09-2026","3","0","0","0","0","0","2","0","0.00","8","6.40","0","0","0"
"175","Himachal Pradesh","Other : ","15-09-2026","1","0","0","2","12","0","0","0","0.00","0","0.00","0","0","0"
"176","Himachal Pradesh","Other : Snake Bite, Dog Bite","15-09-2026","1","0","0","0","0","0","0","3","0.00","0","0.00","0","0","0"
"177","Himachal Pradesh","Thunder and Lightening","15-09-2026","1","1","4","0","0","0","0","4","0.00","0","0.00","0","0","0"
"178","Jharkhand","Heavy Rain","15-09-2026","1","0","0","0","0","0","1","0","0.00","0","0.00","0","0","0"
"179","Jharkhand","Other : Drowing","15-09-2026","1","1","5","1","0","0","0","0","0.00","0","0.00","0","0","0"
"180","Kerala","Heavy Rain","15-09-2026","4","0","0","0","0","0","0","0","0.00","0","21.16","0","0","0"
"181","Kerala","Other : ","15-09-2026","4","0","0","0","0","0","0","0","0.00","0","6.15","0","0","0"
"182","Kerala","Other : nil","15-09-2026","1","0","0","0","0","0","0","0","0.00","0","0.00","0","0","0"
"183","Maharashtra","Other : cylinder blast ","15-09-2026","1","0","0","0","2","0","0","0","0.00","0","0.00","0","0","0"
"184","Puducherry","Heavy Rain","15-09-2026","1","0","0","0","0","0","0","0","0.00","0","5.20","0","0","0"
"185","Punjab","Heavy Rain","15-09-2026","1","1","0","0","0","0","3","0","0.00","0","12.50","0","0","0"
"186","Sikkim","Heavy Rain","15-09-2026","3","6","17","0","0","0","4","0","0.00","0","34.90","0","1","110"
"187","Uttarakhand","Air, Road and Rail Accidents","15-09-2026","1","0","0","0","4","0","0","0","0.00","0","0.00","0","0","0"
"188","Uttarakhand","Electrical Disasters and fires","15-09-2026","1","0","0","1","0","0","0","0","0.00","0","0.00","0","0","0"
"189","Uttarakhand","Other : rock that fell from the hillside","15-09-2026","1","0","0","1","0","0","0","0","0.00","0","0.00","0","0","0"
"190","Uttarakhand","Other : wild life inflict","15-09-2026","1","0","0","0","2","0","0","0","0.00","0","0.00","0","0","0"
"191","Uttarakhand","Other : wildlife inflicts","15-09-2026","1","0","0","0","1","0","0","0","0.00","0","0.00","0","0","0"
"192","Uttar Pradesh","Other : Snakebite","15-09-2026","1","0","0","1","0","0","0","0","0.00","0","0.00","0","0","0"
"193","West Bengal","Landslides and Mudflows","15-09-2026","2","5","44","0","0","0","10","0","0.00","0","0.00","0","2","16"
"194","West Bengal","Other : DROWNING","15-09-2026","2","2","2","2","0","0","0","0","0.00","0","0.00","0","0","0"
"195","West Bengal","Other : Flood / Flash Flood","15-09-2026","1","10","347","0","0","0","20","0","0.00","0","0.00","75","25","0"
"196","West Bengal","Other : Heavy Rainfall Snake Bite","15-09-2026","1","7","4","1","0","0","0","0","0.00","0","0.00","0","0","0"
"197","West Bengal","Other : River / Coastal Erosion","15-09-2026","1","3","0","0","0","0","0","0","0.00","0","0.00","0","3","0"
"198","West Bengal","Thunder and Lightening","15-09-2026","1","0","0","1","0","0","0","0","0.00","0","0.00","0","0","0"
"199","Assam","Air, Road and Rail Accidents","14-09-2026","2","0","0","3","1","0","0","0","0.00","0","0.00","0","0","0"
"200","Assam","Floods","14-09-2026","3","64","0","0","0","0","0","0","4897.41","0","0.00","0","0","0"
"201","Assam","Landslide","14-09-2026","1","1","7","0","0","0","1","0","0.00","0","0.00","0","0","0"
"202","Assam","Other : Erosion","14-09-2026","1","2","0","0","0","0","0","0","0.00","0","0.00","0","0","0"
"203","Dadra and Nagar Haveli","Heavy Rain","14-09-2026","1","0","0","0","0","0","0","0","0.00","0","101.10","0","0","0"
"204","Daman Diu","Heavy Rain","14-09-2026","1","0","0","0","0","0","0","0","0.00","0","66.00","0","0","0"
"205","Gujarat","Heavy Rain","14-09-2026","14","7","10","5","4","0","44","8","0.00","0","1793.01","0","0","0"
"206","Gujarat","Thunder and Lightening","14-09-2026","6","6","0","0","0","0","3","33","0.00","0","355.50","0","0","0"
"207","Himachal Pradesh","Air, Road and Rail Accidents","14-09-2026","2","1","1","0","3","0","0","0","0.00","0","46.80","0","0","0"
"208","Himachal Pradesh","Other : ","14-09-2026","2","0","0","2","1","0","0","0","0.00","0","0.00","0","0","0"
"209","Himachal Pradesh","Other : Fall from Cliff","14-09-2026","1","2","2","2","0","0","0","0","0.00","0","0.00","0","0","0"
"210","Jharkhand","Other : Drowing","14-09-2026","1","1","4","1","0","0","0","0","0.00","0","0.00","0","0","0"
"211","Kerala","Heavy Rain","14-09-2026","2","0","0","0","0","0","0","0","0.00","0","0.00","0","0","0"
"212","Kerala","Other : ","14-09-2026","6","0","0","0","0","0","0","0","0.00","0","0.53","0","0","0"
"213","Kerala","Other : 0","14-09-2026","1","0","0","0","0","0","0","0","0.00","0","0.00","0","0","0"
"214","Maharashtra","Air, Road and Rail Accidents","14-09-2026","1","0","0","0","1","0","0","0","0.00","0","0.00","0","0","0"
"215","Maharashtra","Other : Structure Collapse","14-09-2026","1","0","0","0","1","0","0","0","0.00","0","0.00","0","0","0"
"216","Maharashtra","Thunder and Lightening","14-09-2026","1","0","0","0","0","0","0","1","0.00","0","0.20","0","0","0"
"217","Puducherry","Heavy Rain","14-09-2026","4","0","0","0","0","0","0","0","0.00","0","51.40","0","0","0"
"218","Uttarakhand","Other : wild life inflict","14-09-2026","1","0","0","0","1","0","0","0","0.00","0","0.00","0","0","0"
"219","Uttar Pradesh","Other : Death due to Lightning.","14-09-2026","1","0","0","1","0","0","0","0","0.00","0","0.00","0","0","0"
"220","West Bengal","Landslides and Mudflows","14-09-2026","1","1","88","0","0","0","27","0","0.00","0","0.00","0","1","8"
"221","West Bengal","Other : Death related to Other Incidents","14-09-2026","1","0","0","1","0","0","0","0","0.00","0","0.00","0","0","0"
"222","West Bengal","Other : Drowning","14-09-2026","1","0","0","1","0","0","0","0","0.00","0","0.00","0","0","0"
"223","West Bengal","Other : DROWNING","14-09-2026","2","1","2","1","0","2","0","0","0.00","0","0.00","1","0","0"
"224","West Bengal","Other : River / Coastal Erosion","14-09-2026","2","4","51","0","0","0","17","0","0.00","0","0.00","74","6","96"
"225","West Bengal","Thunder and Lightening","14-09-2026","1","0","0","1","0","0","0","0","0.00","0","0.00","0","0","0"
"226","Assam","Floods","13-09-2026","2","64","1733","0","0","0","0","0","4897.41","0","20.44","0","0","0"
"227","Assam","Hailstorm","13-09-2026","1","2","0","0","0","0","0","0","0.00","2","79.83","0","0","0"
"228","Assam","Other : ","13-09-2026","1","3","0","0","0","0","0","0","0.00","1","0.00","0","0","0"
"229","Assam","Other : Drowning incident","13-09-2026","1","1","1","1","0","0","0","0","0.00","0","88.20","0","0","0"
"230","Assam","Other : Erosion","13-09-2026","1","1","0","0","0","0","0","0","0.00","0","11.40","0","0","0"
"231","Assam","Other : Storm","13-09-2026","1","3","7","0","0","0","1","0","0.00","0","0.10","0","0","0"
"232","Chhattisgarh","Drowning ","13-09-2026","1","0","0","1","0","0","0","0","0.00","0","0.00","0","0","0"
"233","Gujarat","Heavy Rain","13-09-2026","7","3","50","3","0","0","16","7","0.00","0","552.22","0","0","0"
"234","Gujarat","Thunder and Lightening","13-09-2026","2","0","0","0","0","0","1","0","0.00","0","150.50","0","0","0"
"235","Himachal Pradesh","Air, Road and Rail Accidents","13-09-2026","1","1","2","2","0","0","0","0","0.00","0","0.00","0","0","0"
"236","Himachal Pradesh","Heavy Rain","13-09-2026","1","0","0","0","0","0","0","0","0.00","0","0.00","0","0","0"
"237","Himachal Pradesh","Other : Short circuit fire","13-09-2026","1","0","0","0","0","0","0","0","0.00","0","0.00","0","0","0"
"238","Kerala","Floods","13-09-2026","1","0","0","0","0","0","0","0","0.00","0","0.00","0","0","0"
"239","Kerala","Heavy Rain","13-09-2026","5","0","0","0","0","10","0","0","0.00","0","0.08","0","0","0"
"240","Kerala","Other : ","13-09-2026","4","0","0","0","0","0","0","0","0.00","0","0.00","0","0","0"
"241","Maharashtra","Air, Road and Rail Accidents","13-09-2026","1","0","0","0","1","0","0","0","0.00","0","0.00","0","0","0"
"242","Mizoram","Floods","13-09-2026","1","0","0","0","0","0","0","0","1.00","1","0.00","0","0","0"
"243","Puducherry","Heavy Rain","13-09-2026","4","0","0","0","0","0","0","0","0.00","0","0.00","0","0","0"
"244","West Bengal","Floods","13-09-2026","1","83","980","1","0","0","27","0","0.00","0","64.00","0","14","4752"
"245","West Bengal","Heavy Rain","13-09-2026","1","8","1700","0","0","0","0","0","0.00","0","67.00","0","0","0"
"246","West Bengal","Landslides and Mudflows","13-09-2026","1","1","0","0","0","0","0","0","0.00","0","0.00","0","1","8"
"247","West Bengal","Other : Snake Bite","13-09-2026","1","2","2","2","0","0","0","0","0.00","0","0.00","0","0","0"
"248","Andaman and Nicobar Islands","Other : nil","12-09-2026","1","0","0","0","0","0","0","0","0.00","0","32.40","0","0","0"
"249","Arunachal Pradesh","Earthquakes","12-09-2026","1","0","0","0","0","0","0","0","0.00","0","0.00","0","0","0"
"250","Assam","Floods","12-09-2026","2","40","4070","0","0","0","0","4600","3992.41","0","70.02","0","0","0"
"251","Assam","Hailstorm","12-09-2026","2","8","16","0","0","0","3","0","0.00","6","0.00","0","0","0"
"252","Assam","Landslides and Mudflows","12-09-2026","1","1","0","1","0","0","0","0","0.00","0","69.40","0","0","0"
"253","Assam","Other : ","12-09-2026","2","61","125","1","0","0","0","0","0.00","19","70.02","0","0","0"
"254","Assam","Other : 0","12-09-2026","1","2","0","0","0","0","0","0","0.00","2","0.00","0","0","0"
"255","Assam","Other : Drowning (Not related to Flood)","12-09-2026","1","0","0","0","0","1","0","0","0.00","0","0.51","0","0","0"
"256","Assam","Other : Erosion","12-09-2026","1","4","0","0","0","0","0","0","0.00","0","21.60","0","0","0"
"257","Assam","Other : Non-Flood Drowning","12-09-2026","1","0","0","1","0","0","0","0","0.00","0","0.00","0","0","0"
"258","Assam","Thunder and Lightening","12-09-2026","1","2","0","0","0","0","0","4","0.00","0","12.00","0","0","0"
"259","Assam","Urban Fires","12-09-2026","1","1","43","0","0","0","0","0","0.00","10","0.00","0","0","0"
"260","Chhattisgarh","Drowning ","12-09-2026","2","0","0","3","0","2","0","0","0.00","0","0.00","0","0","0"
"261","Gujarat","Heavy Rain","12-09-2026","1","0","0","0","0","0","0","0","0.00","0","1.18","0","0","0"
"262","Himachal Pradesh","Air, Road and Rail Accidents","12-09-2026","2","0","0","1","2","0","0","0","0.00","0","20.80","0","0","0"
"263","Himachal Pradesh","Heavy Rain","12-09-2026","1","0","0","0","0","0","2","0","0.00","0","0.00","0","0","0"
"264","Himachal Pradesh","Other : ","12-09-2026","1","0","0","1","0","0","0","0","0.00","0","0.00","0","0","0"
"265","Himachal Pradesh","Other : Buffalo died due to fall from steep rock","12-09-2026","1","0","0","0","0","0","0","1","0.00","0","10.10","0","0","0"
"266","Kerala","Heavy Rain","12-09-2026","4","0","0","0","0","0","0","0","0.00","0","1.20","0","0","0"
"267","Kerala","Other : ","12-09-2026","4","0","0","0","0","0","0","0","0.00","0","0.00","0","0","0"
"268","Maharashtra","lightning","12-09-2026","1","0","0","0","0","0","0","1","0.00","0","0.00","0","0","0"
"269","Maharashtra","Other : lightning","12-09-2026","1","0","0","0","0","0","0","1","0.00","0","0.00","0","0","0"
"270","Maharashtra","Other : Road Accident","12-09-2026","1","0","0","8","8","0","0","0","0.00","0","0.00","0","0","0"
"271","Mizoram","Heavy Rain","12-09-2026","1","1","0","1","0","0","0","0","0.00","0","0.00","0","0","0"
"272","Mizoram","Landslides and Mudflows","12-09-2026","1","2","40","1","4","0","3","0","0.00","0","0.00","9","0","0"
"273","Puducherry","Heavy Rain","12-09-2026","1","0","0","0","0","0","0","0","0.00","0","18.40","0","0","0"
"274","West Bengal","Landslides and Mudflows","12-09-2026","1","0","0","0","0","0","0","0","0.00","0","0.00","0","1","8"
"275","West Bengal","Other : ","12-09-2026","1","3","42","0","0","0","18","0","0.00","0","0.00","0","6","502"
"276","Andaman and Nicobar Islands","Other : ","11-09-2026","1","0","0","0","0","0","0","0","0.00","0","84.40","0","0","0"
"277","Assam","Floods","11-09-2026","4","42","4354","0","0","0","7612","5000","3987.81","7","0.00","36","1","20"
"278","Assam","Landslides and Mudflows","11-09-2026","1","1","16","0","0","0","4","0","0.00","0","0.00","0","0","0"
"279","Assam","Other : ","11-09-2026","2","19","56","0","0","0","20","0","0.00","0","0.00","0","0","0"
"280","Assam","Other : Erosion ","11-09-2026","1","1","0","0","0","0","0","0","0.00","1","0.00","0","0","0"
"281","Assam","Other : (Storm)","11-09-2026","1","2","56","0","0","0","20","0","0.00","0","0.00","0","0","0"
"282","Chhattisgarh","Drowning ","11-09-2026","2","0","0","8","0","5","0","0","0.00","0","0.00","0","0","0"
"283","Chhattisgarh","House/ Residential Fire ","11-09-2026","1","0","0","1","0","0","0","0","0.00","0","0.00","0","0","0"
"284","Chhattisgarh","Lightning ","11-09-2026","1","0","0","2","2","0","0","0","0.00","0","0.00","0","0","0"
"285","Haryana","Other : ","11-09-2026","1","0","0","0","0","0","0","0","0.00","0","28.00","0","0","0"
"286","Himachal Pradesh","Air, Road and Rail Accidents","11-09-2026","4","1","2","4","3","0","0","0","0.00","0","0.00","0","0","0"
"287","Himachal Pradesh","Food Poisoning","11-09-2026","1","0","0","0","0","0","0","1","0.00","0","0.00","0","0","0"
"288","Himachal Pradesh","Heavy Rain","11-09-2026","2","0","0","1","0","0","1","0","0.00","0","0.00","0","0","0"
"289","Himachal Pradesh","Other : ","11-09-2026","2","0","0","2","0","0","1","0","0.00","0","0.00","0","0","0"
"290","Jharkhand","Heavy Rain","11-09-2026","1","0","0","0","0","0","1","0","0.00","0","0.00","0","0","0"
"291","Kerala","Heavy Rain","11-09-2026","5","0","0","0","0","0","0","0","0.00","0","0.52","0","0","0"
"292","Kerala","Other : ","11-09-2026","3","0","0","0","0","0","0","0","0.00","0","0.00","0","0","0"
"293","Kerala","Other : 0","11-09-2026","1","0","0","0","0","0","0","0","0.00","0","0.00","0","0","0"
"294","Maharashtra","Other : Accidental Fire","11-09-2026","1","0","0","1","0","0","0","0","0.00","0","0.00","0","0","0"
"295","Maharashtra","Other : Drowning ","11-09-2026","1","0","0","9","0","0","0","0","0.00","0","0.00","0","0","0"
"296","Maharashtra","Other : Road Accident","11-09-2026","1","0","0","8","7","0","0","0","0.00","0","0.00","0","0","0"
"297","Meghalaya","Floods","11-09-2026","1","2","100","0","0","0","0","0","0.00","0","3.30","0","0","0"
"298","Meghalaya","Village Fire","11-09-2026","1","1","7","0","0","0","1","0","0.00","0","3.30","0","0","0"
"299","Odisha","Other : ","11-09-2026","30","0","0","0","0","0","0","0","0.00","0","822.00","0","0","0"
"300","Puducherry","Heavy Rain","11-09-2026","4","0","0","0","0","0","0","0","0.00","0","0.00","0","0","0"
"301","Sikkim","Heavy Rain","11-09-2026","1","1","13","0","0","0","0","0","0.00","0","7.70","13","0","0"
"302","Tamil Nadu","Heavy Rain","11-09-2026","1","0","0","0","0","0","0","0","0.00","0","12.38","0","0","0"
"303","Tamil Nadu","Thunder and Lightening","11-09-2026","1","0","0","0","0","0","6","0","0.00","6","7.98","0","0","0"
"304","Tripura","Heavy Rain","11-09-2026","1","0","0","0","0","0","1","0","0.00","0","0.00","0","0","0"
"305","Tripura","Other : FIRE INCIDENT","11-09-2026","1","0","0","0","0","0","1","0","0.00","0","0.00","0","0","0"
"306","Uttar Pradesh","Other : Drowning","11-09-2026","1","0","0","1","0","0","0","0","0.00","0","6.00","0","0","0"
"307","West Bengal","Heavy Rain","11-09-2026","1","3","0","0","0","0","0","0","0.00","0","65.00","0","0","0"
"308","West Bengal","Landslides and Mudflows","11-09-2026","1","3","52","0","0","0","0","0","0.00","0","0.00","0","1","8"
"309","West Bengal","Other : Drowning","11-09-2026","2","1","0","2","0","0","0","0","0.00","0","0.00","0","0","0"
"310","West Bengal","Other : Flash Flood","11-09-2026","1","34","83443","2","0","0","0","0","0.00","0","0.00","0","6","500"
"311","West Bengal","Other : Water Logging","11-09-2026","1","2","150","0","0","0","0","0","0.00","0","0.00","150","0","0"
"312","West Bengal","Sea Erosion","11-09-2026","1","2","644","0","0","0","246","0","0.00","0","0.00","46","11","3140"
"313","West Bengal","Tornadoes and Cyclone","11-09-2026","1","10","2153","0","0","0","466","0","0.00","1","0.00","0","1","8"
"314","Andaman and Nicobar Islands","Other : ","10-09-2026","1","0","0","0","0","0","0","0","0.00","0","24.20","0","0","0"
"315","Andaman and Nicobar Islands","Other : lightlyrain","10-09-2026","1","0","0","0","0","0","0","0","0.00","0","0.46","0","0","0"
"316","Assam","Floods","10-09-2026","4","59","9937","0","0","0","0","8399","4080.11","2","121.20","0","3","220"
"317","Assam","Other : Erosion","10-09-2026","1","2","0","0","0","0","0","0","0.00","0","0.20","0","0","0"
"318","Chhattisgarh","Drowning ","10-09-2026","1","0","0","1","0","0","0","0","0.00","0","0.00","0","0","0"
"319","Himachal Pradesh","Air, Road and Rail Accidents","10-09-2026","2","0","0","0","5","0","0","0","0.00","0","0.00","0","0","0"
"320","Himachal Pradesh","Heavy Rain","10-09-2026","2","0","0","0","0","0","3","0","0.00","0","1.20","0","0","0"
"321","Himachal Pradesh","Other : Fall from Cliff","10-09-2026","1","1","1","1","0","0","0","0","0.00","0","0.00","0","0","0"
"322","Himachal Pradesh","Other : fell down from Height","10-09-2026","1","0","0","0","0","0","0","1","0.00","0","0.00","0","0","0"
"323","Jharkhand","Thunder and Lightening","10-09-2026","2","2","5","2","0","0","0","0","0.00","0","16.70","0","0","0"
"324","Kerala","Floods","10-09-2026","1","0","0","0","0","0","0","0","0.00","0","0.00","0","0","0"
"325","Kerala","Heavy Rain","10-09-2026","5","0","0","0","0","0","0","0","0.00","0","0.23","0","0","0"
"326","Kerala","Other : ","10-09-2026","3","0","0","0","0","0","0","0","0.00","0","0.00","0","0","0"
"327","Kerala","Other : Human-Wildlife conflict","10-09-2026","1","0","0","0","0","0","0","0","0.40","0","0.00","0","0","0"
"328","Maharashtra","Other : Drowning","10-09-2026","2","0","0","3","0","0","0","0","0.00","0","0.00","0","0","0"
"329","Mizoram","Landslides and Mudflows","10-09-2026","2","2","0","0","0","0","0","0","0.00","0","0.00","0","0","0"
"330","Puducherry","Heavy Rain","10-09-2026","4","0","0","0","0","0","0","0","0.00","0","15.00","0","0","0"
"331","Sikkim","Heavy Rain","10-09-2026","4","6","29","0","0","0","4","0","0.00","0","20.50","0","0","0"
"332","West Bengal","Landslides and Mudflows","10-09-2026","1","17","64","0","0","0","13","0","0.00","0","0.00","2","1","8"
"333","West Bengal","Other : COASTAL EROSION AND Drowning","10-09-2026","1","41","41613","1","0","0","316","0","0.00","0","0.00","5852","14","3140"
"334","West Bengal","Other : Electrocution","10-09-2026","1","1","1","1","0","0","0","0","0.00","0","0.00","0","0","0"
"335","West Bengal","Other : Fall of Tree","10-09-2026","1","1","3","0","0","0","1","0","0.00","0","0.00","0","0","0"
"336","West Bengal","Other : Flood / Flash Flood","10-09-2026","1","10","100","0","0","0","0","0","0.00","0","0.00","0","0","0"
"337","West Bengal","Thunder and Lightening","10-09-2026","1","0","0","2","0","0","0","0","0.00","0","0.00","0","0","0"
"338","Andaman and Nicobar Islands","Other : ","09-09-2026","1","0","0","0","0","0","0","0","0.00","0","66.00","0","0","0"
"339","Arunachal Pradesh","Heavy Rain","09-09-2026","1","1","0","0","0","0","1","0","0.00","0","0.00","0","0","0"
"340","Arunachal Pradesh","Landslides and Mudflows","09-09-2026","1","1","0","0","0","0","0","0","0.00","1","0.00","0","0","0"
"341","Assam","Electrical Disasters and fires","09-09-2026","1","1","5","0","0","0","1","0","0.00","0","0.00","5","0","0"
"342","Assam","Floods","09-09-2026","4","77","7991","0","0","0","0","11899","4680.61","1","8.02","0","1","23"
"343","Assam","Other : Drowning","09-09-2026","1","1","1","1","0","0","0","0","0.00","0","0.00","0","0","0"
"344","Assam","Other : Erosion","09-09-2026","1","3","0","0","0","0","0","0","0.00","0","1.60","0","0","0"
"345","Assam","Other : Lightning on dated 09-09-2026","09-09-2026","1","2","0","0","0","0","0","0","0.00","2","0.00","0","0","0"
"346","Assam","Thunder and Lightening","09-09-2026","1","4","2","2","0","0","0","0","0.00","7","0.00","0","0","0"
"347","Chhattisgarh","Drowning ","09-09-2026","1","0","0","1","0","0","0","0","0.00","0","0.00","0","0","0"
"348","Himachal Pradesh","Air, Road and Rail Accidents","09-09-2026","1","0","0","1","3","0","0","0","0.00","0","0.00","0","0","0"
"349","Himachal Pradesh","Hailstorm","09-09-2026","1","0","0","0","0","0","0","0","0.00","0","0.00","0","0","0"
"350","Himachal Pradesh","Heavy Rain","09-09-2026","3","0","0","0","0","0","0","0","605.30","0","3.60","0","0","0"
"351","Himachal Pradesh","Other : ","09-09-2026","1","0","0","0","0","0","1","1","0.00","0","0.00","0","0","0"
"352","Himachal Pradesh","Other : drowning","09-09-2026","1","0","0","0","0","1","0","0","0.00","0","3.60","0","0","0"
"353","Himachal Pradesh","Thunder and Lightening","09-09-2026","1","1","1","0","0","0","0","45","0.00","0","0.00","0","0","0"
"354","Himachal Pradesh","Village Fire","09-09-2026","1","0","0","0","0","0","9","0","0.00","0","0.00","0","0","0"
"355","Jharkhand","Other : 0","09-09-2026","1","1","0","1","0","0","0","0","0.00","0","0.00","0","0","0"
"356","Jharkhand","Thunder and Lightening","09-09-2026","2","2","3","2","0","0","0","0","0.00","0","14.70","0","0","0"
"357","Kerala","Heavy Rain","09-09-2026","3","0","0","0","0","0","0","0","0.00","0","1.40","0","0","0"
"358","Kerala","Other : ","09-09-2026","5","0","0","1","0","0","0","0","0.00","0","1.58","0","0","0"
"359","Maharashtra","Other : Drowning","09-09-2026","1","0","0","1","0","0","0","0","0.00","0","0.00","0","0","0"
"360","Maharashtra","Other : Road Accident ","09-09-2026","1","0","0","6","7","0","0","0","0.00","0","0.00","0","0","0"
"361","Odisha","Other : ","09-09-2026","21","0","0","0","0","0","0","0","0.00","0","65.50","0","0","0"
"362","Sikkim","Heavy Rain","09-09-2026","2","3","18","0","0","0","1","0","0.00","0","145.00","0","1","10"
"363","West Bengal","Landslides and Mudflows","09-09-2026","1","3","22","0","0","0","5","0","0.00","0","0.00","5","1","8"
"364","West Bengal","Other : Drowning","09-09-2026","1","0","0","1","0","0","0","0","0.00","0","0.00","0","0","0"
"365","West Bengal","Other : DROWNING & SNAKE BITE","09-09-2026","1","1","3","2","0","0","0","0","0.00","0","0.00","0","0","0"
"366","West Bengal","Other : Flood / Flash Flood","09-09-2026","1","3","150","0","0","0","0","0","69.00","0","0.00","0","0","0"
"367","West Bengal","Other : Heavy Rainfall & Lightning","09-09-2026","1","10","5","1","0","0","0","0","0.00","0","0.00","0","0","0"
"368","West Bengal","Other : Lightning & Flood / Flash Flood","09-09-2026","1","24","20225","2","0","0","0","0","0.00","0","0.00","0","0","24"
"369","West Bengal","Other :  River / Coastal Erosion","09-09-2026","1","1","120","0","0","0","10","0","6.50","0","0.00","0","0","0"
"370","West Bengal","Thunder and Lightening","09-09-2026","4","2","2","6","3","0","0","0","0.00","0","0.00","0","0","0"
"371","Andaman and Nicobar Islands","Other : ","08-09-2026","1","0","0","0","0","0","0","0","0.00","0","3.18","0","0","0"
"372","Arunachal Pradesh","Earthquakes","08-09-2026","1","0","0","0","0","0","0","0","0.00","0","0.00","0","0","0"
"373","Arunachal Pradesh","Floods","08-09-2026","1","2","10","0","0","0","2","0","0.00","0","0.00","0","0","0"
"374","Assam","Air, Road and Rail Accidents","08-09-2026","1","0","0","0","2","0","0","0","0.00","0","0.67","0","0","0"
"375","Assam","Floods","08-09-2026","3","85","8056","0","0","0","0","12876","4376.01","3","35.40","0","1","23"
"376","Assam","Other : Erosion","08-09-2026","1","3","39","0","0","0","0","0","0.00","0","0.80","0","0","0"
"377","Assam","Other : Landslide","08-09-2026","1","1","0","0","0","0","1","0","0.00","0","0.00","0","0","0"
"378","Assam","Thunder and Lightening","08-09-2026","1","4","99","0","0","0","9","0","0.00","2","18.00","0","0","0"
"379","Bihar","Other : Drowning","08-09-2026","1","0","0","0","0","1","0","0","0.00","0","0.00","0","0","0"
"380","Haryana","Floods","08-09-2026","1","0","0","0","0","0","0","0","0.00","0","0.00","0","0","0"
"381","Himachal Pradesh","Air, Road and Rail Accidents","08-09-2026","2","0","0","1","5","0","0","0","0.00","0","0.00","0","0","0"
"382","Himachal Pradesh","Heavy Rain","08-09-2026","3","0","0","0","0","0","2","6","0.00","0","39.20","0","0","0"
"383","Himachal Pradesh","Heavy Rain/Accidental drwoning","08-09-2026","1","0","0","0","0","0","0","12","0.00","0","0.00","0","0","0"
"384","Himachal Pradesh","Other : ","08-09-2026","1","0","0","1","0","0","0","0","0.00","0","0.00","0","0","0"
"385","Himachal Pradesh","Other : Fall from cliff","08-09-2026","1","2","0","0","0","0","0","2","0.00","0","0.00","0","0","0"
"386","Himachal Pradesh","Other : Fell down from Hight","08-09-2026","1","0","0","0","0","0","0","2","0.00","0","0.00","0","0","0"
"387","Jharkhand","Heavy Rain","08-09-2026","1","0","0","0","0","0","1","0","0.00","0","177.00","0","0","0"
"388","Kerala","Heavy Rain","08-09-2026","6","0","0","0","0","0","0","0","0.00","0","0.13","0","0","0"
"389","Kerala","Other : ","08-09-2026","4","0","0","0","0","0","0","0","0.00","0","0.00","0","0","0"
"390","Kerala","Other : 0","08-09-2026","1","0","0","0","0","0","0","0","0.00","0","0.00","0","0","0"
"391","Mizoram","Landslides and Mudflows","08-09-2026","5","18","0","0","0","0","3","0","0.00","0","0.00","1","0","0"
"392","Odisha","Other : ","08-09-2026","17","0","0","0","0","0","0","0","0.00","0","112.20","0","0","0"
"393","Sikkim","Heavy Rain","08-09-2026","1","1","5","0","0","0","2","0","0.00","0","0.00","0","0","0"
"394","Tripura","Other : Drowning","08-09-2026","1","0","0","1","0","0","0","0","0.00","0","0.00","0","0","0"
"395","West Bengal","Cyclones","08-09-2026","1","3","0","0","0","0","6","0","0.00","0","0.00","0","0","0"
"396","West Bengal","Other : Drowning","08-09-2026","2","1","4","2","0","0","0","0","0.00","0","0.00","0","0","0"
"397","West Bengal","Other : Fall of Wall","08-09-2026","1","0","0","1","0","0","0","0","0.00","0","0.00","0","0","0"
"398","West Bengal","Other : Fire","08-09-2026","1","1","9","0","0","0","1","0","0.00","0","0.00","0","0","0"
"399","West Bengal","Other : House Damage / Structure Collapse","08-09-2026","1","1","0","0","4","0","1","0","0.00","0","0.00","0","0","0"
"400","West Bengal","Other : River / Coastal Erosion & Lightning","08-09-2026","1","19","19456","1","0","0","26","0","0.00","0","0.00","65","5","300"
"401","West Bengal","Other : Snake Bite","08-09-2026","2","0","0","2","0","0","0","0","0.00","0","0.00","0","0","0"
"402","West Bengal","Thunder and Lightening","08-09-2026","3","1","4","3","3","0","0","0","0.00","0","0.00","0","0","0"
"403","Andaman and Nicobar Islands","Heavy Rain","07-09-2026","1","0","0","0","0","0","0","0","0.00","0","18.60","0","0","0"
"404","Assam","Air, Road and Rail Accidents","07-09-2026","1","0","0","0","25","0","0","0","0.00","0","0.00","0","0","0"
"405","Assam","Floods","07-09-2026","5","96","10359","0","0","0","8755","17087","4197.61","9293","19.70","0","2","127"
"406","Assam","Other : Erosion","07-09-2026","1","2","0","0","0","0","0","0","0.00","0","1.20","0","0","0"
"407","Assam","Other : Non Flood Drowning","07-09-2026","1","0","0","1","0","0","0","0","0.00","0","0.00","0","0","0"
"408","Assam","Other : Storm","07-09-2026","1","1","0","0","0","0","0","0","0.00","1","11.02","0","0","0"
"409","Delhi","Other : ","07-09-2026","1","0","0","7","6","0","0","0","0.00","0","0.00","0","0","0"
"410","Gujarat","Heavy Rain","07-09-2026","1","0","0","0","0","0","0","0","0.00","0","0.09","0","0","0"
"411","Himachal Pradesh","Air, Road and Rail Accidents","07-09-2026","5","1","1","4","10","0","0","0","0.00","0","0.10","0","0","0"
"412","Himachal Pradesh","Hailstorm","07-09-2026","1","0","0","0","0","0","0","0","0.00","0","0.00","0","0","0"
"413","Himachal Pradesh","Heavy Rain","07-09-2026","2","0","0","0","0","0","2","0","0.00","0","0.00","0","0","0"
"414","Himachal Pradesh","Other : ","07-09-2026","2","0","0","2","0","0","0","1","0.00","0","0.00","0","0","0"
"415","Himachal Pradesh","Other : Drowning","07-09-2026","1","0","0","1","0","0","0","0","0.00","0","0.00","0","0","0"
"416","Himachal Pradesh","Other : Fall from path","07-09-2026","1","0","0","2","0","0","0","0","0.00","0","0.00","0","0","0"
"417","Himachal Pradesh","Other : Fire Incident","07-09-2026","1","0","0","0","0","0","0","0","0.00","0","0.00","0","0","0"
"418","Himachal Pradesh","Other : Snake Bite","07-09-2026","1","0","0","1","0","0","0","0","0.00","0","0.00","0","0","0"
"419","Kerala","Floods","07-09-2026","1","0","0","0","0","0","0","0","0.00","0","0.00","0","0","0"
"420","Kerala","Heavy Rain","07-09-2026","3","0","0","0","0","0","0","0","0.00","0","0.00","0","0","0"
"421","Kerala","Other : ","07-09-2026","3","0","0","0","0","0","0","0","0.00","0","1.16","0","0","0"
"422","Maharashtra","Other : Drowning","07-09-2026","1","0","0","1","0","0","0","0","0.00","0","0.00","0","0","0"
"423","Mizoram","Landslides and Mudflows","07-09-2026","1","1","0","0","0","0","0","0","0.00","0","0.00","0","0","0"
"424","Odisha","Other : ","07-09-2026","28","0","0","0","0","0","0","0","0.00","0","117.60","0","0","0"
"425","Punjab","Other : Rainfall","07-09-2026","1","1","0","0","0","0","1","0","0.00","0","2.50","0","0","0"
"426","Sikkim","Heavy Rain","07-09-2026","6","2","20","0","0","0","4","0","0.00","0","38.30","0","0","0"
"427","Uttar Pradesh","Other : Drowning","07-09-2026","1","0","0","1","0","0","0","0","0.00","0","24.00","0","0","0"
"428","Uttar Pradesh","Other : Live stock death due to Snake Bite","07-09-2026","1","0","0","0","0","0","0","12","0.00","0","288.00","0","0","0"
"429","West Bengal","Floods","07-09-2026","1","7","68","0","0","0","0","0","0.00","0","65.00","53","4","260"
"430","West Bengal","Landslides and Mudflows","07-09-2026","1","2","157","0","0","0","0","0","0.00","0","0.00","157","2","157"
"431","West Bengal","Other : ","07-09-2026","1","38","0","0","0","0","0","0","18.00","0","0.00","0","38","378"
"432","West Bengal","Other : Drowning","07-09-2026","2","2","2","2","0","0","0","0","0.00","0","0.00","0","0","0"
"433","West Bengal","Other : DROWNING","07-09-2026","1","2","2","2","0","0","0","0","0.00","0","0.00","0","0","0"
"434","West Bengal","Other : Flood, Flash Flood, Coastal Erosion","07-09-2026","1","22","7297","0","0","0","0","0","0.00","0","0.00","1400","3","372"
"435","West Bengal","Other : Lightning and Snake Bite","07-09-2026","1","2","6","2","0","0","0","0","0.00","0","0.00","0","0","0"
"436","West Bengal","Other : Structure/House/Wall Collapse","07-09-2026","2","17","58","0","0","0","33","0","0.00","0","0.00","0","0","0"
"437","Andaman and Nicobar Islands","Other : ","06-09-2026","2","0","0","0","0","0","0","0","0.00","0","64.20","0","0","0"
"438","Arunachal Pradesh","Earthquakes","06-09-2026","1","0","0","0","0","0","0","0","0.00","0","0.00","0","0","0"
"439","Assam","Floods","06-09-2026","8","128","13928","0","0","0","0","24842","4816.31","4","60.90","0","1","193"
"440","Assam","Other : Erosion","06-09-2026","1","3","18","0","0","0","0","0","0.00","0","3.00","0","0","0"
"441","Assam","Other : Landslide ","06-09-2026","1","1","4","0","0","0","1","0","0.00","0","0.00","0","0","0"
"442","Assam","Village Fire","06-09-2026","1","1","4","0","0","0","1","0","0.00","0","0.00","0","0","0"
"443","Himachal Pradesh","Air, Road and Rail Accidents","06-09-2026","1","0","0","0","1","0","0","0","0.00","0","0.00","0","0","0"
"444","Himachal Pradesh","Heavy Rain","06-09-2026","3","1","5","6","0","0","18","0","0.00","1","801.30","0","0","0"
"445","Himachal Pradesh","Heavy Rain/ Road accident","06-09-2026","1","0","0","3","0","0","6","0","0.00","0","0.00","0","0","0"
"446","Himachal Pradesh","Other : ","06-09-2026","1","0","0","3","0","0","8","0","0.00","0","0.00","0","0","0"
"447","Himachal Pradesh","Road accident","06-09-2026","1","0","0","1","0","0","2","0","0.00","0","0.00","0","0","0"
"448","Kerala","Heavy Rain","06-09-2026","3","0","0","0","0","0","0","0","0.00","0","3.15","0","0","0"
"449","Kerala","Other : ","06-09-2026","3","0","0","0","0","0","0","0","0.00","0","0.50","0","0","0"
"450","Kerala","Other : 0","06-09-2026","1","0","0","0","0","0","0","0","0.00","0","0.08","0","0","0"
"451","Maharashtra","Air, Road and Rail Accidents","06-09-2026","1","0","0","2","2","0","0","0","0.00","0","0.00","0","0","0"
"452","Maharashtra","Other : ","06-09-2026","3","0","0","3","0","0","0","0","0.00","0","0.00","0","0","0"
"453","Maharashtra","Urban Fires","06-09-2026","1","0","0","0","4","0","0","0","0.00","0","0.00","0","0","0"
"454","Odisha","Other : 0","06-09-2026","17","0","0","0","0","0","0","0","0.00","0","20.60","0","0","0"
"455","Puducherry","Heavy Rain","06-09-2026","4","0","0","0","0","0","0","0","0.00","0","15.70","0","0","0"
"456","Sikkim","Heavy Rain","06-09-2026","6","0","0","0","0","0","0","0","0.00","0","57.40","0","2","106"
"457","Uttarakhand","Air, Road and Rail Accidents","06-09-2026","2","0","0","1","4","0","0","0","0.00","0","0.00","0","0","0"
"458","Uttarakhand","Other : Droning.","06-09-2026","1","0","0","1","0","0","0","0","0.00","0","0.00","0","0","0"
"459","Uttarakhand","Other : Rock falling from hiil side.","06-09-2026","1","0","0","1","1","0","0","0","0.00","0","0.00","0","0","0"
"460","West Bengal","Floods","06-09-2026","2","2","920","0","0","0","0","0","0.00","0","0.00","0","3","450"
"461","West Bengal","Other : Missing due to Drowning","06-09-2026","1","0","0","0","0","1","0","0","0.00","0","0.00","0","0","0"
"462","Andaman and Nicobar Islands","Other : ","05-09-2026","2","0","0","0","0","0","0","0","0.00","0","3.80","0","0","0"
"463","Assam","Floods","05-09-2026","7","135","15130","0","0","0","0","28312","4731.41","40","60.88","0","4","445"
"464","Assam","Other : ","05-09-2026","1","3","5","0","0","0","0","0","0.00","0","0.00","0","0","0"
"465","Assam","Road Accident","05-09-2026","1","0","0","0","3","0","0","0","0.00","0","0.00","0","0","0"
"466","Gujarat","Heavy Rain","05-09-2026","2","0","0","0","0","0","11","0","0.00","0","4.27","0","0","0"
"467","Himachal Pradesh","Air, Road and Rail Accidents","05-09-2026","3","2","2","1","6","0","1","0","0.00","0","0.00","0","0","0"
"468","Himachal Pradesh","Heavy Rain","05-09-2026","2","0","0","0","0","0","5","0","0.00","0","5.00","0","0","0"
"469","Himachal Pradesh","Other : ","05-09-2026","1","0","0","0","0","0","1","2","0.00","0","0.00","0","0","0"
"470","Himachal Pradesh","Other : Falling from Height ","05-09-2026","1","0","0","1","0","0","0","0","0.00","0","3.00","0","0","0"
"471","Jharkhand","Heavy Rain","05-09-2026","1","1","4","0","0","0","1","0","0.00","0","9.85","0","0","0"
"472","Karnataka","Droughts","05-09-2026","24","0","0","0","0","0","0","0","1925873.87","0","10.20","0","0","0"
"473","Kerala","Heavy Rain","05-09-2026","5","0","0","0","0","0","0","0","0.00","0","0.77","0","0","0"
"474","Kerala","Other : ","05-09-2026","4","0","0","0","0","0","0","0","0.08","0","0.62","0","0","0"
"475","Kerala","Other : 0","05-09-2026","2","0","0","0","0","0","0","0","0.00","0","0.00","0","0","0"
"476","Kerala","Other : No disaster. ","05-09-2026","1","0","0","0","0","0","0","0","0.00","0","0.06","0","0","0"
"477","Odisha","Other : ","05-09-2026","20","0","0","0","0","0","0","0","0.00","0","37.30","0","0","0"
"478","Puducherry","Heavy Rain","05-09-2026","4","0","0","0","0","0","0","0","0.00","0","0.00","0","0","0"
"479","Sikkim","Heavy Rain","05-09-2026","6","1","4","0","0","0","1","0","0.00","0","25.60","0","2","106"
"480","West Bengal","Landslides and Mudflows","05-09-2026","1","0","0","0","0","0","0","0","0.00","0","0.00","0","1","8"
"481","West Bengal","Other : Fall of tree","05-09-2026","1","1","1","0","0","0","1","0","0.00","0","0.00","0","0","0"
"482","Andaman and Nicobar Islands","Other : ","04-09-2026","1","0","0","0","0","0","0","0","0.00","0","0.00","0","0","0"
"483","Arunachal Pradesh","Landslides and Mudflows","04-09-2026","1","1","0","0","0","0","0","0","0.00","1","0.00","0","0","0"
"484","Assam","Floods","04-09-2026","7","142","18474","0","0","0","0","28312","4892.01","3","131.51","0","4","447"
"485","Assam","Landslides and Mudflows","04-09-2026","1","3","0","0","0","0","0","0","0.00","0","1.00","0","0","0"
"486","Assam","Other : Erosion","04-09-2026","1","2","16","0","0","0","0","0","0.00","0","7.00","0","0","0"
"487","Assam","Thunder and Lightening","04-09-2026","1","3","0","0","0","0","0","0","0.00","0","5.20","0","0","0"
"488","Delhi","Air, Road and Rail Accidents","04-09-2026","1","0","0","1","4","0","0","0","0.00","1","0.00","0","0","0"
"489","Delhi","Other : Cylinder Blast","04-09-2026","1","0","0","0","3","0","0","0","0.00","0","0.00","0","0","0"
"490","Gujarat","Heavy Rain","04-09-2026","1","0","0","0","0","0","0","0","0.00","0","0.82","0","0","0"
"491","Himachal Pradesh","Air, Road and Rail Accidents","04-09-2026","1","0","0","0","1","0","0","0","0.00","0","0.00","0","0","0"
"492","Himachal Pradesh","Heavy Rain","04-09-2026","4","0","0","0","0","0","8","0","0.00","1","67.00","0","0","0"
"493","Himachal Pradesh","Other : 01 house damaged due top fire at Jubbal","04-09-2026","1","0","0","5","35","0","5","0","0.00","0","0.00","0","0","0"
"494","Kerala","Floods","04-09-2026","1","0","0","0","0","0","0","0","0.00","0","0.00","0","0","0"
"495","Kerala","Heavy Rain","04-09-2026","5","0","0","0","0","0","0","0","0.00","0","3.53","0","0","0"
"496","Kerala","Other : ","04-09-2026","4","0","0","0","0","0","0","0","0.00","0","2.52","0","0","0"
"497","Meghalaya","Village Fire","04-09-2026","1","1","20","0","0","0","4","0","0.00","0","7.80","0","0","0"
"498","Odisha","Other : 0","04-09-2026","30","0","0","0","0","0","0","0","0.00","0","18.70","0","0","0"
"499","Puducherry","Heavy Rain","04-09-2026","4","0","0","0","0","0","0","0","0.00","0","0.00","0","0","0"
"500","Punjab","Heavy Rain","04-09-2026","1","0","0","0","0","0","0","0","0.00","0","41.00","0","0","0"
"501","Sikkim","Heavy Rain","04-09-2026","6","0","0","0","0","0","0","0","0.00","0","41.00","0","0","0"
"502","West Bengal","Floods","04-09-2026","5","47","32578","0","0","0","0","0","0.00","0","316.00","0","24","3327"
"503","West Bengal","Landslides and Mudflows","04-09-2026","1","1","3","0","0","0","0","0","0.00","0","0.00","0","1","8"
"504","West Bengal","Other : Accidental Drowning","04-09-2026","2","2","2","3","0","0","0","0","0.00","0","0.00","0","0","0"
"505","West Bengal","Other : Drowning","04-09-2026","1","1","1","1","0","0","0","0","0.00","0","0.00","0","0","0"
"506","West Bengal","Other : River erosion and Flash Flood","04-09-2026","1","9","9029","0","0","0","140","0","0.00","0","68.00","0","2","550"
"507","Andaman and Nicobar Islands","Other : ","03-09-2026","1","0","0","0","0","0","0","0","0.00","0","0.00","0","0","0"
"508","Arunachal Pradesh","Landslides and Mudflows","03-09-2026","1","1","300","0","0","0","0","0","0.00","1","0.00","0","0","0"
"509","Assam","Floods","03-09-2026","8","134","21106","0","0","0","0","34956","5623.21","20","239.02","0","4","440"
"510","Assam","Other : Erosion","03-09-2026","1","1","0","0","0","0","0","0","0.00","0","0.00","0","0","0"
"511","Assam","Other : Storm","03-09-2026","1","3","0","0","0","0","0","0","0.00","0","0.30","0","0","0"
"512","Assam","Thunder and Lightening","03-09-2026","1","1","0","0","0","0","0","0","0.00","0","6.40","0","0","0"
"513","Bihar","Other : ","03-09-2026","2","0","0","1","0","1","0","0","0.00","0","0.00","0","0","0"
"514","Haryana","Other : ","03-09-2026","1","0","0","0","0","0","0","0","0.00","0","8.00","0","0","0"
"515","Himachal Pradesh","Air, Road and Rail Accidents","03-09-2026","5","1","0","3","8","0","0","0","0.00","0","65.10","0","0","0"
"516","Himachal Pradesh","Heavy Rain","03-09-2026","5","0","0","2","0","0","10","7","0.00","0","75.80","0","0","0"
"517","Himachal Pradesh","Other : ","03-09-2026","1","0","0","0","0","0","0","1","0.00","0","0.00","0","0","0"
"518","Himachal Pradesh","Other : fall from Cliff","03-09-2026","1","1","1","0","0","0","0","1","0.00","0","0.00","0","0","0"
"519","Jharkhand","Heavy Rain","03-09-2026","1","0","0","0","0","0","6","0","25.00","0","204.40","0","0","0"
"520","Jharkhand","Other : ","03-09-2026","1","0","1","1","0","0","0","0","0.00","0","16.25","0","0","0"
"521","Kerala","Heavy Rain","03-09-2026","4","0","0","0","0","0","0","0","0.00","0","2.30","0","0","0"
"522","Kerala","Other","03-09-2026","1","0","0","0","0","0","0","0","0.00","0","0.00","0","0","0"
"523","Kerala","Other : ","03-09-2026","3","0","0","0","0","0","0","0","0.40","0","0.78","0","0","0"
"524","Kerala","Other : Human Wildlife Conflict","03-09-2026","1","0","0","0","0","0","0","0","0.16","0","0.00","0","0","0"
"525","Kerala","Other : State Specific Disaster","03-09-2026","1","0","0","0","0","0","0","0","0.08","0","0.00","0","0","0"
"526","Maharashtra","Other : Drowning","03-09-2026","1","0","0","1","0","0","0","0","0.00","0","0.00","0","0","0"
"527","Odisha","Floods","03-09-2026","2","311","168753","0","0","0","0","0","0.00","0","3.50","46141","101","46141"
"528","Odisha","Other : ","03-09-2026","21","62","7745","0","0","0","0","0","0.00","0","33.30","7745","22","7745"
"529","Punjab","Heavy Rain","03-09-2026","1","3","0","0","0","0","5","0","0.00","0","16.50","0","0","0"
"530","Sikkim","Heavy Rain","03-09-2026","6","6","79","0","0","0","8","0","0.00","8","55.30","11","2","106"
"531","Tripura","Heavy Rain","03-09-2026","1","0","0","0","0","0","1","0","0.00","0","0.00","0","0","0"
"532","Uttar Pradesh","Heavy Rain","03-09-2026","1","2","2","0","0","0","50","0","0.00","0","84.00","0","0","0"
"533","West Bengal","Heavy Rain","03-09-2026","4","185","1404","1","0","0","7","0","0.00","0","77.40","15","2","210"
"534","West Bengal","Landslides and Mudflows","03-09-2026","1","1","4","0","0","0","1","0","0.00","0","0.00","0","4","8"
"535","West Bengal","Other : Accidental Drowning","03-09-2026","2","6","56","2","0","0","4","0","0.00","0","0.00","10","1","10"
"536","West Bengal","Other : Accidental Drowning ","03-09-2026","1","0","0","1","0","0","0","0","0.00","0","0.00","0","0","0"
"537","West Bengal","Other : Fall of tree","03-09-2026","1","0","20","0","0","0","0","0","0.00","0","0.00","20","1","1"
"538","West Bengal","Other : Heavy Rain & wall Collapse","03-09-2026","1","7","34","0","0","0","8","0","0.00","0","0.20","0","0","0"
"539","West Bengal","Other : River & coastal erosion","03-09-2026","1","2","350","0","0","0","55","0","0.00","0","0.00","0","1","250"
"540","Andaman and Nicobar Islands","Other : ","02-09-2026","1","0","0","0","0","0","0","0","0.00","0","0.00","0","0","0"
"541","Arunachal Pradesh","Earthquakes","02-09-2026","1","0","0","0","0","0","0","0","0.00","0","0.00","0","0","0"
"542","Arunachal Pradesh","Landslides and Mudflows","02-09-2026","2","3","501","0","0","0","0","0","0.00","3","0.00","0","0","0"
"543","Assam","Air, Road and Rail Accidents","02-09-2026","1","0","0","1","2","0","0","0","0.00","0","18.54","0","0","0"
"544","Assam","Floods","02-09-2026","6","155","30819","0","0","0","0","37086","6754.31","15","65.30","0","3","359"
"545","Assam","Hailstorm","02-09-2026","1","1","0","0","0","0","0","0","0.00","3","0.00","0","0","0"
"546","Assam","Landslides and Mudflows","02-09-2026","1","12","0","0","0","0","0","0","0.00","0","4.80","0","0","0"
"547","Assam","Other : Erosion","02-09-2026","1","3","4","0","0","0","0","0","0.00","0","10.00","0","0","0"
"548","Assam","Other : flood","02-09-2026","1","29","6175","0","0","0","0","3715","12.00","50","11.60","0","0","0"
"549","Assam","Other : River Erosion Report","02-09-2026","1","1","0","0","0","0","0","0","0.00","0","0.00","0","0","0"
"550","Assam","Other : Storm","02-09-2026","2","5","0","0","0","0","0","0","0.00","3","15.20","0","0","0"
"551","Assam","Urban Fires","02-09-2026","1","0","1","0","0","0","0","0","0.00","0","0.00","0","0","0"
"552","Bihar","Other : ","02-09-2026","1","0","0","1","0","0","0","0","0.00","0","0.00","0","0","0"
"553","Chhattisgarh","Drowning ","02-09-2026","1","0","0","1","0","0","0","0","0.00","0","0.00","0","0","0"
"554","Chhattisgarh","Drowning  ","02-09-2026","1","0","0","1","0","0","0","0","0.00","0","0.00","0","0","0"
"555","Chhattisgarh","Snake bite ","02-09-2026","1","0","0","1","0","0","0","0","0.00","0","0.00","0","0","0"
"556","Himachal Pradesh","Air, Road and Rail Accidents","02-09-2026","3","0","0","3","5","0","0","0","0.00","0","23.00","0","0","0"
"557","Himachal Pradesh","Heavy Rain","02-09-2026","5","3","16","0","0","0","27","0","0.00","2","199.20","0","0","0"
"558","Himachal Pradesh","Landslides and Mudflows","02-09-2026","1","0","0","0","0","0","0","0","0.00","0","0.00","0","0","0"
"559","Himachal Pradesh","Other : ","02-09-2026","1","0","0","0","0","0","4","1","0.00","0","0.00","0","0","0"
"560","Himachal Pradesh","Other : 0","02-09-2026","1","0","0","0","0","0","0","1","0.00","0","58.80","0","0","0"
"561","Jharkhand","Heavy Rain","02-09-2026","3","3","27","1","1","0","10","0","0.00","0","47.50","0","0","0"
"562","Kerala","Heavy Rain","02-09-2026","5","0","0","0","0","0","0","0","0.00","0","4.34","0","0","0"
"563","Kerala","Other : ","02-09-2026","2","0","0","0","0","0","0","0","0.00","0","2.00","0","0","0"
"564","Kerala","Other : Human-Wildlife Conflict","02-09-2026","1","0","0","0","0","0","0","0","3.76","0","0.00","0","0","0"
"565","Kerala","Other : NIL","02-09-2026","1","0","0","0","0","0","0","0","0.00","0","0.74","0","0","0"
"566","Maharashtra","Other : Electric Shock ","02-09-2026","1","0","0","0","0","0","0","2","0.00","0","0.00","0","0","0"
"567","Mizoram","Landslides and Mudflows","02-09-2026","1","1","0","0","0","0","0","0","0.00","0","0.00","0","0","0"
"568","Odisha","Floods","02-09-2026","3","207","28366","0","0","0","322","0","0.00","0","4.70","14344","68","14344"
"569","Odisha","Other : ","02-09-2026","14","0","0","0","0","0","0","0","0.00","0","22.90","0","0","0"
"570","Puducherry","Heavy Rain","02-09-2026","4","0","0","0","0","0","0","0","0.00","0","16.20","0","0","0"
"571","Punjab","Heavy Rain","02-09-2026","1","4","0","0","0","0","6","0","0.00","0","27.53","0","0","0"
"572","Sikkim","Heavy Rain","02-09-2026","6","3","54","0","0","0","2","0","0.00","1","155.00","0","0","0"
"573","West Bengal","Other : Drowning","02-09-2026","3","3","3","3","0","0","0","0","0.00","0","0.00","2","0","0"
"574","West Bengal","Other : DROWNING","02-09-2026","1","0","0","1","0","0","0","0","0.00","0","0.00","0","0","0"
"575","West Bengal","Other : Drowning and Cyclone","02-09-2026","1","4","8","2","0","0","2","0","0.00","0","0.00","0","0","0"
"576","West Bengal","Other : Snake Bite","02-09-2026","1","0","0","1","0","0","0","0","0.00","0","0.00","0","0","0"
"577","Andaman and Nicobar Islands","Other : ","01-09-2026","1","0","0","0","0","0","0","0","0.00","0","0.00","0","0","0"
"578","Arunachal Pradesh","Earthquakes","01-09-2026","1","0","0","0","0","0","0","0","0.00","0","0.00","0","0","0"
"579","Assam","Air, Road and Rail Accidents","01-09-2026","1","0","0","3","6","0","0","0","0.00","0","16.76","0","0","0"
"580","Assam","Floods","01-09-2026","4","99","18660","0","0","0","0","31544","5764.61","1","137.49","0","3","356"
"581","Assam","Landslide","01-09-2026","1","1","8","0","1","0","1","0","0.00","0","0.00","0","0","0"
"582","Assam","Other : ","01-09-2026","2","2","4","0","0","1","0","0","0.00","0","10.00","0","0","0"
"583","Assam","Other : Landslide","01-09-2026","1","2","9","4","2","0","2","0","0.00","0","37.60","0","0","0"
"584","Assam","Urban Fires","01-09-2026","1","0","0","0","0","0","0","0","0.00","0","0.00","0","0","0"
"585","Bihar","Other : ","01-09-2026","2","0","0","1","0","1","0","0","0.00","0","0.00","0","0","0"
"586","Delhi","Other : ","01-09-2026","1","0","0","1","0","0","0","0","0.00","0","0.00","0","0","0"
"587","Himachal Pradesh","Air, Road and Rail Accidents","01-09-2026","1","0","0","1","0","0","0","0","0.00","0","0.00","0","0","0"
"588","Himachal Pradesh","Heavy Rain","01-09-2026","5","0","0","1","0","0","14","1","0.00","2","7.60","0","0","0"
"589","Himachal Pradesh","Other : ","01-09-2026","1","0","0","0","0","0","0","0","0.00","0","3.30","0","0","0"
"590","Himachal Pradesh","Other : Bear Attack","01-09-2026","1","2","2","0","1","0","0","2","0.00","0","0.00","0","0","0"
"591","Himachal Pradesh","Other : Fall from Hight/Flood","01-09-2026","1","0","0","1","0","0","0","4","0.00","1","0.00","0","0","0"
"592","Himachal Pradesh","Other : Road Accident & Heavy Rain","01-09-2026","1","0","0","0","2","0","1","0","0.00","0","1.50","0","0","0"
"593","Jharkhand","Heavy Rain","01-09-2026","1","0","0","0","0","0","0","0","0.00","0","4481.50","0","0","0"
"594","Jharkhand","Other : Drowning in water","01-09-2026","1","1","2","2","0","0","1","0","0.00","0","20.00","0","0","0"
"595","Kerala","Heavy Rain","01-09-2026","4","0","0","0","0","0","0","0","5.06","0","0.85","0","0","0"
"596","Kerala","Other : ","01-09-2026","4","0","0","0","0","0","0","0","0.00","0","0.10","0","0","0"
"597","Maharashtra","Other : Boat capsized","01-09-2026","1","0","0","2","0","0","0","0","0.00","0","0.00","0","0","0"
"598","Mizoram","Landslides and Mudflows","01-09-2026","1","0","0","0","0","0","0","0","0.00","0","0.00","0","0","0"
"599","Odisha","Floods","01-09-2026","2","146","10508","0","0","0","132","0","0.00","0","79.60","2076","33","9821"
"600","Odisha","Other : ","01-09-2026","26","0","0","0","0","0","0","0","0.00","0","187.60","0","0","0"
"601","Puducherry","Heavy Rain","01-09-2026","4","0","0","0","0","0","0","0","0.00","0","0.00","0","0","0"
"602","Punjab","Heavy Rain","01-09-2026","1","1","0","0","0","0","1","0","0.00","0","29.50","0","0","0"
"603","Sikkim","Heavy Rain","01-09-2026","6","0","0","0","0","0","0","0","0.00","0","143.90","0","2","106"
"604","West Bengal","Landslides and Mudflows","01-09-2026","1","1","0","0","0","0","0","0","0.00","0","0.00","0","1","8"
"605","West Bengal","Other : Fire","01-09-2026","1","1","4","0","0","0","1","0","0.00","0","0.00","0","0","0"
"606","West Bengal","Other : River / Coastal Erosion","01-09-2026","1","1","250","0","0","0","0","0","0.00","0","0.00","0","1","250"
"607","West Bengal","Other : Structure/House/Wall Collapse","01-09-2026","1","1","8","0","0","0","2","0","0.00","0","0.00","0","0","0"
"608","West Bengal","Thunder and Lightening","01-09-2026","2","7","3","7","0","0","0","0","0.00","0","0.00","0","12","480"
"609","Andaman and Nicobar Islands","Other : ","31-08-2026","1","0","0","0","0","0","0","0","0.00","0","0.00","0","0","0"
"610","Andaman and Nicobar Islands","Other : Light Rain","31-08-2026","1","0","0","0","0","0","0","0","0.00","0","5.20","0","0","0"
"611","Arunachal Pradesh","Heavy Rain","31-08-2026","1","1","5","0","0","0","2","0","0.00","0","0.00","0","0","0"
"612","Arunachal Pradesh","Landslides and Mudflows","31-08-2026","1","1","0","2","0","0","0","0","0.00","0","0.00","0","0","0"
"613","Assam","Floods","31-08-2026","6","129","18895","0","0","0","3","23381","5627.46","21","421.70","0","1","306"
"614","Assam","Hailstorm","31-08-2026","2","12","63","0","0","0","12","0","0.00","0","119.60","0","0","0"
"615","Assam","Other : Erosion","31-08-2026","1","2","0","0","0","0","0","0","0.00","0","4.60","0","0","0"
"616","Assam","Other : Storm","31-08-2026","2","4","2","0","0","0","1","0","0.00","3","22.27","0","0","0"
"617","Assam","Other :   Storm Report ","31-08-2026","1","3","0","0","0","0","0","0","0.00","1","9.60","0","0","0"
"618","Assam","Thunder and Lightening","31-08-2026","1","3","0","0","0","0","0","0","0.00","0","119.60","0","0","0"
"619","Bihar","Other : drowning","31-08-2026","1","0","0","1","0","1","0","0","0.00","0","0.00","0","0","0"
"620","Bihar","Thunder and Lightening","31-08-2026","1","0","0","1","4","0","0","0","0.00","0","0.00","0","0","0"
"621","Chhattisgarh","Drowning ","31-08-2026","1","0","0","1","0","0","0","0","0.00","0","0.00","0","0","0"
"622","Himachal Pradesh","Air, Road and Rail Accidents","31-08-2026","3","1","1","3","3","2","0","0","0.00","0","0.00","0","0","0"
"623","Himachal Pradesh","Floods","31-08-2026","1","0","0","0","0","0","0","0","0.00","1","0.00","0","0","0"
"624","Himachal Pradesh","Heavy Rain","31-08-2026","4","0","0","0","0","0","3","0","0.00","0","57.10","0","0","0"
"625","Himachal Pradesh","Other : ","31-08-2026","1","0","0","0","0","0","0","2","0.00","0","0.00","0","0","0"
"626","Jharkhand","Air, Road and Rail Accidents","31-08-2026","1","0","0","1","3","0","0","0","0.00","0","18.20","0","0","0"
"627","Jharkhand","Thunder and Lightening","31-08-2026","1","1","1","2","0","0","0","0","0.00","0","29.00","0","0","0"
"628","Kerala","Heavy Rain","31-08-2026","4","0","0","0","1","0","1","0","0.00","0","1.62","0","0","9"
"629","Kerala","Other : ","31-08-2026","5","0","0","0","0","0","0","0","0.00","0","10.30","0","0","0"
"630","Maharashtra","Other : Drowing","31-08-2026","1","0","0","1","0","0","0","0","0.00","0","0.00","0","0","0"
"631","Maharashtra","Other : Drowni","31-08-2026","1","0","0","1","0","0","0","0","0.00","0","0.00","0","0","0"
"632","Maharashtra","Other : Drowning","31-08-2026","2","0","0","4","0","0","0","0","0.00","0","0.00","0","0","0"
"633","Maharashtra","Other : Fire","31-08-2026","1","0","0","0","2","0","0","0","0.00","0","0.00","0","0","0"
"634","Maharashtra","Other : structure collapse","31-08-2026","1","0","0","0","1","0","0","0","0.00","0","0.00","0","0","0"
"635","Mizoram","Other : Rock Fall","31-08-2026","1","0","0","0","0","0","1","0","0.00","0","0.00","0","0","0"
"636","Odisha","Other : ","31-08-2026","30","0","0","0","0","0","0","0","0.00","0","729.70","0","0","0"
"637","Puducherry","Heavy Rain","31-08-2026","4","0","0","0","0","0","0","0","0.00","0","2.60","0","0","0"
"638","Punjab","Heavy Rain","31-08-2026","1","4","0","0","0","0","0","0","0.00","0","5.00","0","0","0"
"639","Sikkim","Heavy Rain","31-08-2026","3","2","47","0","0","0","0","0","0.00","2","17.30","0","2","106"
"640","Uttarakhand","Air, Road and Rail Accidents","31-08-2026","2","0","0","3","2","0","0","0","0.00","0","0.00","0","0","0"
"641","Uttarakhand","Other : Falling Rock","31-08-2026","1","0","0","1","0","0","0","0","0.00","0","0.00","0","0","0"
"642","West Bengal","Landslides and Mudflows","31-08-2026","1","1","0","0","0","0","0","0","0.00","0","0.00","0","1","8"
"643","West Bengal","Other : LIGHTNING & SNAKE BITE","31-08-2026","1","0","0","2","0","0","0","0","0.00","0","0.00","0","0","0"
"644","West Bengal","Other : River Coastal Erosion Accidental Drowning","31-08-2026","1","3","301","1","0","0","0","0","0.00","0","0.00","0","1","250"
"645","West Bengal","Other : WALL COLLAPSE","31-08-2026","1","0","0","2","0","0","0","0","0.00","0","0.00","0","0","0"
"646","West Bengal","Other : Wild Animal Attack","31-08-2026","1","1","7","0","7","0","0","0","0.00","0","0.00","0","0","0"
"647","Andaman and Nicobar Islands","Other : nil","30-08-2026","1","0","0","0","0","0","0","0","0.00","0","4.40","0","0","0"
"648","Assam","Air, Road and Rail Accidents","30-08-2026","1","0","0","0","0","0","0","0","0.00","0","0.00","0","0","0"
"649","Assam","Floods","30-08-2026","5","89","18932","0","0","0","208","14999","5178.81","6","15.00","0","5","1419"
"650","Assam","Other : Erosion","30-08-2026","1","1","0","0","0","0","0","0","0.00","0","0.00","0","0","0"
"651","Bihar","Other : drowning","30-08-2026","1","0","0","1","0","0","0","0","0.00","0","0.00","0","0","0"
"652","Bihar","Other : septic tank suffocation","30-08-2026","1","0","0","4","0","0","0","0","0.00","0","0.00","0","0","0"
"653","Chhattisgarh","Drowning ","30-08-2026","1","1","0","3","0","0","0","0","0.00","0","0.00","0","0","0"
"654","Chhattisgarh","Heavy Rain ","30-08-2026","1","1","0","0","0","0","0","0","0.00","0","0.00","0","0","0"
"655","Himachal Pradesh","Air, Road and Rail Accidents","30-08-2026","4","0","0","3","11","0","3","0","0.00","0","1.10","0","0","0"
"656","Himachal Pradesh","Heavy Rain","30-08-2026","1","0","0","0","0","0","1","0","0.00","0","0.00","0","0","0"
"657","Himachal Pradesh","Other : 1. Flash Flood 2. Fell down ","30-08-2026","1","0","0","0","0","0","0","1","0.00","0","0.00","0","0","0"
"658","Himachal Pradesh","Other : Fall from Cliff","30-08-2026","1","10","10","0","0","0","0","10","0.00","0","0.00","0","0","0"
"659","Kerala","Heavy Rain","30-08-2026","7","0","0","1","0","0","1","0","0.00","0","29.37","0","2","9"
"660","Kerala","Other : ","30-08-2026","3","0","0","0","0","0","0","0","0.79","0","9.39","0","0","0"
"661","Maharashtra","Air, Road and Rail Accidents","30-08-2026","1","0","0","0","0","0","0","0","0.00","0","0.00","0","0","0"
"662","Maharashtra","Electrical Disasters and fires","30-08-2026","1","0","0","0","0","0","0","0","0.00","0","0.00","0","0","0"
"663","Maharashtra","Other : Drowning","30-08-2026","2","0","0","2","0","0","0","0","0.00","0","0.00","0","0","0"
"664","Maharashtra","Village Fire","30-08-2026","1","0","0","0","0","0","0","0","0.00","0","0.00","0","0","0"
"665","Mizoram","Landslides and Mudflows","30-08-2026","2","0","3","0","0","0","0","0","1.00","0","0.00","0","0","0"
"666","Odisha","Other : ","30-08-2026","2","0","0","0","0","0","0","0","0.00","0","19.20","0","0","0"
"667","Odisha","Other : 0","30-08-2026","27","0","0","0","0","0","0","0","0.00","0","429.10","0","0","0"
"668","Puducherry","Heavy Rain","30-08-2026","4","0","0","0","0","0","0","0","0.00","0","0.00","0","0","0"
"669","Uttarakhand","Air, Road and Rail Accidents","30-08-2026","3","0","0","2","5","0","0","0","0.00","0","0.00","0","0","0"
"670","Uttarakhand","Other : Animal attack.","30-08-2026","1","0","0","0","1","0","0","0","0.00","0","0.00","0","0","0"
"671","Uttarakhand","Other : Drowning","30-08-2026","1","0","0","1","0","0","0","0","0.00","0","0.00","0","0","0"
"672","West Bengal","Other : Accidental Fire","30-08-2026","1","1","7","0","0","0","2","0","0.00","0","0.00","0","0","0"
"673","West Bengal","Other : River/Coastal Erosion","30-08-2026","1","1","335","0","0","0","36","0","0.00","0","0.00","0","0","0"
"674","West Bengal","Other : Snake Bite","30-08-2026","1","0","0","1","0","0","0","0","0.00","0","0.00","0","0","0"
"675","Andaman and Nicobar Islands","Other : lightly rain","29-08-2026","1","0","0","0","0","0","0","0","0.00","0","8.00","0","0","0"
"676","Arunachal Pradesh","Earthquakes","29-08-2026","1","0","0","0","0","0","0","0","0.00","0","0.00","0","0","0"
"677","Assam","Air, Road and Rail Accidents","29-08-2026","1","0","0","0","1","0","0","0","0.00","0","0.00","0","0","0"
"678","Assam","Floods","29-08-2026","5","79","18401","0","0","0","0","14999","5165.81","13","136.80","0","3","1053"
"679","Assam","Other : Erosion","29-08-2026","1","1","0","0","0","0","0","0","0.00","0","0.00","0","0","0"
"680","Himachal Pradesh","Air, Road and Rail Accidents","29-08-2026","3","5","5","1","696","0","1","0","0.00","0","0.00","0","0","0"
"681","Himachal Pradesh","Heavy Rain","29-08-2026","1","0","0","0","0","0","2","1","0.00","0","0.00","0","0","0"
"682","Jharkhand","Thunder and Lightening","29-08-2026","1","1","1","0","0","0","0","1","0.00","0","22.20","0","0","0"
"683","Karnataka","Heavy Rain","29-08-2026","2","0","0","0","0","0","6","0","0.00","0","25.70","0","0","0"
"684","Kerala","Heavy Rain","29-08-2026","6","0","0","0","0","0","1","0","0.00","0","22.48","0","0","9"
"685","Kerala","Other : ","29-08-2026","3","0","0","0","0","0","0","0","0.00","0","23.44","0","1","7"
"686","Maharashtra","Other : animal attack","29-08-2026","1","0","0","1","0","0","0","0","0.00","0","0.00","0","0","0"
"687","Maharashtra","Other : Drowning","29-08-2026","2","0","0","2","0","0","0","0","0.00","0","0.00","0","0","0"
"688","Maharashtra","Other : Structure Collapse","29-08-2026","1","0","0","0","1","0","0","0","0.00","0","0.00","0","0","0"
"689","Odisha","Other : 0","29-08-2026","30","0","0","0","0","0","0","0","0.00","0","103.00","0","0","0"
"690","Puducherry","Heavy Rain","29-08-2026","4","0","0","0","0","0","0","0","0.00","0","31.80","0","0","0"
"691","Sikkim","Heavy Rain","29-08-2026","1","0","0","0","0","0","0","0","0.00","0","7.70","0","0","0"
"692","Sikkim","Landslides and Mudflows","29-08-2026","1","2","50","0","0","0","0","0","0.00","0","4.50","0","0","0"
"693","Sikkim","Other : ","29-08-2026","2","0","0","0","0","0","0","0","0.00","0","14.30","0","0","0"
"694","Sikkim","Other : 0","29-08-2026","2","0","0","0","0","0","0","0","0.00","0","36.60","0","0","0"
"695","West Bengal","Heavy Rain","29-08-2026","1","7","450","0","0","0","2","0","0.00","0","65.00","450","0","0"
"696","West Bengal","Landslides and Mudflows","29-08-2026","1","0","0","0","0","0","0","0","0.00","0","0.00","0","1","8"
"697","West Bengal","Other : Accidental Drowning","29-08-2026","1","5","1117","1","0","0","82","0","0.00","0","65.00","250","1","250"
"698","West Bengal","Other : Snake Bite","29-08-2026","1","0","0","1","0","0","0","0","0.00","0","0.00","0","0","0"
"699","West Bengal","Other : Wall Collapse","29-08-2026","1","0","0","1","0","0","0","0","0.00","0","0.00","0","0","0"
"700","Andaman and Nicobar Islands","Other : moderate rain","28-08-2026","1","0","0","0","0","0","0","0","0.00","0","132.00","0","0","0"
"701","Arunachal Pradesh","Landslides and Mudflows","28-08-2026","1","4","0","0","0","0","0","0","0.00","8","0.00","0","0","0"
"702","Assam","Floods","28-08-2026","6","74","19326","0","0","0","2","13989","4245.91","11","10.80","0","2","57"
"703","Assam","Other : ","28-08-2026","1","4","20","0","0","0","2","0","0.00","4","1.00","0","0","0"
"704","Assam","Other : Landslide","28-08-2026","1","4","4","0","0","0","1","0","0.00","0","0.80","4","0","0"
"705","Assam","Other : Non Flood Drowning ","28-08-2026","1","0","0","1","0","0","0","0","0.00","0","0.00","0","0","0"
"706","Assam","Thunder and Lightening","28-08-2026","1","3","0","0","0","0","0","0","0.00","3","1.00","0","0","0"
"707","Chhattisgarh","Drowning ","28-08-2026","1","0","0","1","0","0","0","0","0.00","0","0.00","0","0","0"
"708","Gujarat","Heavy Rain","28-08-2026","1","0","0","0","0","0","0","0","0.00","0","0.18","0","0","0"
"709","Himachal Pradesh","Air, Road and Rail Accidents","28-08-2026","1","0","0","1","3","0","0","0","0.00","0","0.20","0","0","0"
"710","Himachal Pradesh","Heavy Rain","28-08-2026","4","0","0","2","2","0","4","1","0.00","0","51.00","0","0","0"
"711","Himachal Pradesh","Other : Road Accident","28-08-2026","1","0","0","1","2","0","0","0","0.00","0","0.00","0","0","0"
"712","Himachal Pradesh","Other : Road Accident, Heavy Rain & Road Accident","28-08-2026","1","0","0","0","1","0","0","0","0.00","0","0.00","0","0","0"
"713","Kerala","Heavy Rain","28-08-2026","5","0","0","1","0","0","1","0","0.00","0","17.62","0","0","0"
"714","Kerala","Other : ","28-08-2026","4","0","0","0","0","0","0","0","0.00","0","23.70","0","0","0"
"715","Mizoram","Landslides and Mudflows","28-08-2026","1","1","3","0","0","0","1","0","0.00","0","0.00","3","0","0"
"716","Odisha","Other : ","28-08-2026","26","0","0","0","0","0","0","0","0.00","0","145.80","0","0","0"
"717","Odisha","Other : 0","28-08-2026","1","0","0","0","0","0","0","0","0.00","0","0.20","0","0","0"
"718","Puducherry","Heavy Rain","28-08-2026","4","0","0","0","0","0","0","0","0.00","0","1.00","0","0","0"
"719","Tripura","Heavy Rain","28-08-2026","1","0","0","0","0","0","12","0","0.00","0","0.00","0","0","0"
"720","Uttarakhand","Air, Road and Rail Accidents","28-08-2026","1","0","0","1","12","0","0","0","0.00","0","0.00","0","0","0"
"721","West Bengal","Other : Died due to snake bite","28-08-2026","1","0","0","1","0","0","0","0","0.00","0","0.00","0","0","0"
"722","West Bengal","Other : River Erosion","28-08-2026","1","1","0","0","0","0","0","0","0.00","0","0.00","0","0","0"
"723","West Bengal","Thunder and Lightening","28-08-2026","1","0","0","1","0","0","0","0","0.00","0","65.00","0","0","0"
"724","Andaman and Nicobar Islands","Other : Moderate Rain","27-08-2026","1","0","0","0","0","0","0","0","0.00","0","80.60","0","0","0"
"725","Arunachal Pradesh","Landslides and Mudflows","27-08-2026","1","2","0","0","0","0","0","0","0.00","7","0.00","0","0","0"
"726","Assam","Air, Road and Rail Accidents","27-08-2026","1","0","0","0","1","0","0","0","0.00","0","0.00","0","0","0"
"727","Assam","Floods","27-08-2026","6","77","19626","0","0","0","0","13849","4221.91","2","38.80","0","2","57"
"728","Assam","Hailstorm","27-08-2026","1","1","0","0","0","0","0","0","0.00","2","0.00","0","0","0"
"729","Assam","Other : Erosion","27-08-2026","2","2","0","0","0","0","0","0","0.00","0","0.00","0","0","0"
"730","Assam","Other : Non Flood Drowning","27-08-2026","1","0","0","2","0","0","0","0","0.00","0","0.00","0","0","0"
"731","Assam","Other : Non Flood Drowning ","27-08-2026","1","0","0","4","0","0","0","0","0.00","0","0.00","0","0","0"
"732","Assam","Other : Storm","27-08-2026","2","4","0","0","0","0","0","0","0.00","3","27.00","0","0","0"
"733","Assam","Thunder and Lightening","27-08-2026","1","2","0","0","0","0","0","0","0.00","2","27.00","0","0","0"
"734","Bihar","Other : road accient","27-08-2026","1","0","0","4","0","0","0","0","0.00","0","0.00","0","0","0"
"735","Bihar","Thunder and Lightening","27-08-2026","1","0","0","1","0","0","0","0","0.00","0","0.00","0","0","0"
"736","Himachal Pradesh","Air, Road and Rail Accidents","27-08-2026","2","0","0","0","2","0","0","0","0.00","0","49.00","0","0","0"
"737","Himachal Pradesh","Heavy Rain","27-08-2026","3","0","0","0","2","0","6","0","0.00","0","49.00","0","0","0"
"738","Karnataka","Heavy Rain","27-08-2026","3","0","0","0","0","0","25","1","0.00","0","29.00","0","0","0"
"739","Kerala","Heavy Rain","27-08-2026","6","0","0","0","0","1","5","0","0.00","0","62.69","0","0","7"
"740","Kerala","Other : ","27-08-2026","3","0","0","0","0","0","0","0","0.00","0","49.19","0","0","0"
"741","Odisha","Other : 0","27-08-2026","9","0","0","0","0","0","0","0","0.00","0","2.50","0","0","0"
"742","Puducherry","Heavy Rain","27-08-2026","4","0","0","0","0","0","0","0","0.00","0","2.80","0","0","0"
"743","Sikkim","Heavy Rain","27-08-2026","1","0","0","0","0","0","0","0","0.00","0","0.00","0","0","0"
"744","Sikkim","Landslides and Mudflows","27-08-2026","5","2","48","0","0","0","1","0","0.00","0","0.00","0","0","2"
"745","Tripura","Heavy Rain","27-08-2026","1","0","0","0","0","0","6","0","0.00","0","0.00","0","0","0"
"746","Tripura","Other : Drowning","27-08-2026","1","0","0","1","0","0","0","0","0.00","0","0.00","0","0","0"
"747","West Bengal","Floods","27-08-2026","1","3","276","0","0","0","12","0","0.00","0","0.00","0","1","220"
"748","West Bengal","Major Building Collapse","27-08-2026","1","1","3","1","0","0","1","0","0.00","0","0.00","0","0","0"
"749","West Bengal","Other : Accidental Fire","27-08-2026","1","1","9","0","0","0","0","0","0.00","0","0.00","0","0","0"
"750","West Bengal","Other : DROWNING","27-08-2026","1","0","0","1","0","0","0","0","0.00","0","0.00","0","0","0"
"751","West Bengal","Other : House fire","27-08-2026","1","0","0","1","0","0","0","0","0.00","0","0.00","0","0","0"
"752","West Bengal","Thunder and Lightening","27-08-2026","3","7","9","4","0","0","15","0","0.00","0","0.00","0","0","0"
"753","Andaman and Nicobar Islands","Other : light rain","26-08-2026","1","0","0","0","0","0","0","0","0.00","0","10.40","0","0","0"
"754","Arunachal Pradesh","Earthquakes","26-08-2026","1","0","0","0","0","0","0","0","0.00","0","0.00","0","0","0"
"755","Arunachal Pradesh","Landslides and Mudflows","26-08-2026","1","6","0","0","0","0","0","0","0.00","16","0.00","0","0","0"
"756","Assam","Floods","26-08-2026","6","93","21840","2","0","0","0","13514","4333.91","78","12.20","0","2","57"
"757","Assam","Landslides and Mudflows","26-08-2026","1","1","147","0","0","0","27","0","0.10","1","0.00","0","0","0"
"758","Assam","Other : Erosion","26-08-2026","1","1","0","0","0","0","0","0","0.00","0","0.00","0","0","0"
"759","Assam","Other : Storm report of 25.08.2026","26-08-2026","1","0","0","0","0","0","0","0","0.00","0","2.60","0","0","0"
"760","Chhattisgarh","Drowning ","26-08-2026","1","0","0","1","0","0","0","0","0.00","0","0.00","0","0","0"
"761","Gujarat","Heavy Rain","26-08-2026","1","0","0","0","0","0","0","0","0.00","0","0.09","0","0","0"
"762","Himachal Pradesh","Air, Road and Rail Accidents","26-08-2026","2","0","0","2","51","0","1","0","0.00","0","0.00","0","0","0"
"763","Himachal Pradesh","Electrical Disasters and fires","26-08-2026","1","0","0","1","0","2","1","0","0.00","0","0.00","0","0","0"
"764","Himachal Pradesh","Heavy Rain","26-08-2026","2","0","0","0","0","0","0","0","9.22","2","6.60","0","0","0"
"765","Himachal Pradesh","Landslides and Mudflows","26-08-2026","1","0","0","1","1","0","0","0","0.00","0","0.00","0","0","0"
"766","Himachal Pradesh","Other : Drowning","26-08-2026","1","0","0","1","0","0","0","0","0.00","0","0.00","0","0","0"
"767","Kerala","Floods","26-08-2026","1","0","0","0","0","0","0","0","0.00","0","5.43","0","0","0"
"768","Kerala","Heavy Rain","26-08-2026","8","0","0","1","0","0","4","0","0.00","0","168.53","0","0","16"
"769","Kerala","Other : ","26-08-2026","4","0","0","0","0","0","0","0","0.00","0","83.33","7","1","7"
"770","Kerala","Other : RAIN","26-08-2026","1","0","0","0","0","0","0","0","0.00","0","0.00","7","1","7"
"771","Maharashtra","Other : Accident ","26-08-2026","1","0","0","0","2","0","0","0","0.00","0","0.00","0","0","0"
"772","Sikkim","Heavy Rain","26-08-2026","4","0","0","0","0","0","0","0","0.00","0","192.00","0","2","0"
"773","Sikkim","Landslides and Mudflows","26-08-2026","2","1","45","0","0","0","0","0","0.00","0","134.40","0","0","0"
"774","West Bengal","Droughts","26-08-2026","1","0","0","2","0","0","0","0","0.00","0","0.00","0","0","0"
"775","West Bengal","Drowning","26-08-2026","1","0","0","2","0","0","0","0","0.00","0","0.00","0","0","0"
"776","West Bengal","Floods","26-08-2026","1","2","20","0","0","0","0","0","0.00","0","60.00","220","1","0"
"777","West Bengal","Landslides and Mudflows","26-08-2026","1","1","9","0","0","0","1","0","0.00","0","0.00","8","1","1"
"778","West Bengal","Thunder and Lightening","26-08-2026","1","1","1","1","0","0","0","0","1.00","0","0.00","0","0","0"
"779","Andaman and Nicobar Islands","Other : ","25-08-2026","1","0","0","0","0","0","0","0","0.00","0","1.20","0","0","0"
"780","Andaman and Nicobar Islands","Other : Light Rain","25-08-2026","1","0","0","0","0","0","0","0","0.00","0","9.60","0","0","0"
"781","Assam","Air, Road and Rail Accidents","25-08-2026","1","0","0","1","4","0","0","0","0.00","0","48.77","0","0","0"
"782","Assam","Floods","25-08-2026","5","62","18292","0","0","0","0","16964","4228.85","9","40.00","0","0","0"
"783","Assam","Other : Erosion","25-08-2026","1","1","0","0","0","0","0","0","0.00","0","0.00","0","0","0"
"784","Assam","Thunder and Lightening","25-08-2026","1","2","0","0","0","0","0","0","0.00","1","0.00","0","0","0"
"785","Bihar","Other : drowning","25-08-2026","2","0","0","5","0","0","0","0","0.00","0","0.00","0","0","0"
"786","Gujarat","Heavy Rain","25-08-2026","1","0","0","0","0","0","0","0","0.00","0","5.73","0","0","0"
"787","Haryana","Floods","25-08-2026","1","0","0","0","0","0","0","0","0.00","0","3.00","0","0","0"
"788","Haryana","Other : ","25-08-2026","1","0","0","0","0","0","0","0","0.00","0","16.00","0","0","0"
"789","Himachal Pradesh","Air, Road and Rail Accidents","25-08-2026","2","1","1","1","1","0","7","0","0.00","0","0.00","0","0","0"
"790","Himachal Pradesh","Hailstorm","25-08-2026","1","0","0","0","0","0","0","0","0.00","0","0.00","0","0","0"
"791","Himachal Pradesh","Heavy Rain","25-08-2026","4","0","0","0","0","0","12","0","0.00","0","43.00","0","0","0"
"792","Himachal Pradesh","Other : ","25-08-2026","1","0","0","0","0","0","1","2","0.00","0","0.00","0","0","0"
"793","Himachal Pradesh","Other : Falling of Mango Tree ","25-08-2026","1","0","0","0","0","0","1","0","0.00","0","0.00","0","0","0"
"794","Himachal Pradesh","Other : Snake Bite","25-08-2026","1","0","0","1","0","0","0","0","0.00","0","0.00","0","0","0"
"795","Kerala","Heavy Rain","25-08-2026","8","0","0","0","0","0","5","0","0.00","0","382.98","0","2","16"
"796","Kerala","Other : ","25-08-2026","4","0","0","0","0","0","3","0","0.00","0","163.00","0","1","7"
"797","Maharashtra","Other : Drowning","25-08-2026","1","0","0","1","0","0","0","0","0.00","0","0.00","0","0","0"
"798","Nagaland","Landslides and Mudflows","25-08-2026","1","1","6","0","0","0","0","0","0.00","1","0.00","0","0","0"
"799","Odisha","Other : ","25-08-2026","21","0","0","0","0","0","0","0","0.00","0","410.10","0","0","0"
"800","Puducherry","Heavy Rain","25-08-2026","1","0","0","0","0","0","0","0","0.00","0","54.40","0","0","0"
"801","Tripura","Heavy Rain","25-08-2026","1","0","0","0","0","0","9","0","0.00","0","0.00","0","0","0"
"802","Uttarakhand","Air, Road and Rail Accidents","25-08-2026","2","0","0","0","3","0","0","0","0.00","0","0.00","0","0","0"
"803","Uttarakhand","Thunder and Lightening","25-08-2026","1","0","0","0","0","0","0","10","0.00","0","0.00","0","0","0"
"804","West Bengal","Other : Fire","25-08-2026","1","1","13","0","0","0","1","0","0.00","0","0.00","0","0","0"
"805","West Bengal","Other : River / Coastal Erosion","25-08-2026","1","1","256","0","0","0","18","0","0.00","0","0.00","0","1","200"
"806","West Bengal","Other : Structure/House/Wall Collapse","25-08-2026","1","1","5","1","0","0","1","0","0.00","0","0.00","0","0","0"
"807","West Bengal","Thunder and Lightening","25-08-2026","1","1","0","0","1","0","0","0","0.00","0","0.00","1","0","0"
"808","Andaman and Nicobar Islands","Other : ","24-08-2026","1","0","0","0","0","0","0","0","0.00","0","0.00","0","0","0"
"809","Andaman and Nicobar Islands","Other : Light Rain","24-08-2026","1","0","0","0","0","0","0","0","0.00","0","1.00","0","0","0"
"810","Assam","Air, Road and Rail Accidents","24-08-2026","1","0","0","0","1","0","0","0","0.00","0","0.00","0","0","0"
"811","Assam","Floods","24-08-2026","6","91","19210","0","0","0","687","15514","3309.39","8","68.37","0","5","159"
"812","Assam","Other : ","24-08-2026","2","4","0","0","0","0","0","0","0.00","2","1.60","0","0","0"
"813","Bihar","Other : ","24-08-2026","1","0","0","0","0","4","0","0","0.00","0","0.00","0","0","0"
"814","Gujarat","Floods","24-08-2026","1","1","0","0","0","0","1","0","0.00","0","1.00","0","0","0"
"815","Gujarat","Heavy Rain","24-08-2026","2","0","0","0","0","0","1","0","0.00","0","0.73","0","0","0"
"816","Haryana","Other : ","24-08-2026","1","0","0","0","0","0","0","0","0.00","0","22.00","0","0","0"
"817","Himachal Pradesh","Air, Road and Rail Accidents","24-08-2026","2","0","0","2","0","0","0","0","0.00","0","40.00","0","0","0"
"818","Himachal Pradesh","Heavy Rain","24-08-2026","5","0","0","0","0","0","7","1","0.00","0","8.00","0","1","0"
"819","Himachal Pradesh","Other : Drowning","24-08-2026","1","0","0","3","0","0","0","0","0.00","0","40.00","0","0","0"
"820","Jharkhand","Heavy Rain","24-08-2026","1","0","0","0","0","0","1","0","0.00","0","0.00","0","0","0"
"821","Karnataka","Heavy Rain","24-08-2026","1","0","0","0","0","0","8","0","0.00","0","38.60","0","0","0"
"822","Kerala","Heavy Rain","24-08-2026","6","0","0","0","0","0","201","0","0.00","0","151.00","0","0","0"
"823","Kerala","Other : ","24-08-2026","5","0","0","0","0","0","0","0","0.00","0","73.77","0","0","0"
"824","Maharashtra","Other : fire duo to short sarcit","24-08-2026","1","0","0","0","3","0","0","0","0.00","0","0.00","0","0","0"
"825","Maharashtra","Other : Gas Leakage","24-08-2026","1","0","0","0","0","0","0","0","0.00","0","0.00","0","0","0"
"826","Maharashtra","Other : ventilator Blast","24-08-2026","1","0","0","3","0","0","0","0","0.00","0","0.00","0","0","0"
"827","Meghalaya","Floods","24-08-2026","1","1","0","0","0","0","0","0","0.00","0","4.50","0","0","0"
"828","Meghalaya","Landslides and Mudflows","24-08-2026","1","30","0","0","0","0","0","0","0.00","10","29.00","0","0","0"
"829","Meghalaya","Village Fire","24-08-2026","1","1","6","0","0","0","1","0","0.00","0","5.80","0","0","0"
"830","Odisha","Floods","24-08-2026","9","1728","1346588","0","0","0","2350","0","102424.50","0","363.20","361075","132070","377643"
"831","Odisha","Other : ","24-08-2026","21","0","0","0","0","0","0","0","0.00","0","623.40","0","0","0"
"832","Puducherry","Heavy Rain","24-08-2026","4","0","0","0","0","0","0","0","0.00","0","33.40","0","0","0"
"833","Punjab","Heavy Rain","24-08-2026","1","1","0","0","0","0","1","0","0.00","0","8.50","0","0","0"
"834","Tripura","Floods","24-08-2026","2","0","0","0","0","0","0","0","0.00","0","0.00","0","18","3495"
"835","Tripura","Heavy Rain","24-08-2026","1","0","0","0","0","0","22","0","0.00","0","0.00","0","0","0"
"836","Uttarakhand","Other : missing in trek route","24-08-2026","1","0","0","0","0","1","0","0","0.00","0","0.00","0","0","0"
"837","Uttar Pradesh","Heavy Rain","24-08-2026","1","0","0","0","0","0","15","0","0.00","0","0.00","0","0","0"
"838","Uttar Pradesh","Other : ","24-08-2026","1","0","2","2","0","0","0","0","0.00","0","0.00","0","0","0"
"839","West Bengal","Heavy Rain","24-08-2026","1","8","0","0","0","0","176","0","0.00","0","65.00","0","2","73"
"840","West Bengal","Other : Drowning","24-08-2026","1","0","0","1","0","0","0","0","0.00","0","0.00","0","0","0"
"841","West Bengal","Other : DROWNING","24-08-2026","1","0","0","3","0","0","0","0","0.00","0","0.00","0","0","0"
"842","West Bengal","Other : Drowning & Snake Bite","24-08-2026","1","2","0","2","0","0","0","0","0.00","0","0.00","0","0","0"
"843","West Bengal","Other : Fall of tree","24-08-2026","1","0","0","1","0","0","0","0","0.00","0","0.00","0","0","0"
"844","West Bengal","Other : Fire","24-08-2026","1","1","2","0","0","0","1","0","0.00","0","0.00","0","0","0"
"845","West Bengal","Other : Snake Bite","24-08-2026","1","0","0","1","0","0","0","0","0.00","0","0.00","0","0","0"
"846","West Bengal","Thunder and Lightening","24-08-2026","1","1","0","0","0","0","0","2","0.00","0","0.00","0","0","0"
"847","Andaman and Nicobar Islands","Other : ","23-08-2026","1","0","0","0","0","0","0","0","0.00","0","0.00","0","0","0"
"848","Andaman and Nicobar Islands","Other : 00","23-08-2026","1","0","0","0","0","0","0","0","0.00","0","2.40","0","0","0"
"849","Assam","Floods","23-08-2026","6","85","12590","0","0","0","0","6249","3126.93","59","70.93","0","0","0"
"850","Assam","Other : Erosion","23-08-2026","1","2","0","0","0","0","0","0","0.00","0","10.80","0","0","0"
"851","Assam","Other : Storm Damage Report","23-08-2026","1","4","0","0","0","0","0","0","0.00","2","8.00","0","0","0"
"852","Assam","Thunder and Lightening","23-08-2026","1","1","0","0","0","0","0","0","0.00","1","8.00","0","0","0"
"853","Bihar","Other : ","23-08-2026","2","0","0","0","0","2","0","0","0.00","0","0.00","0","0","0"
"854","Chhattisgarh","Drowning ","23-08-2026","1","0","0","1","2","0","0","0","0.00","0","0.00","0","0","0"
"855","Chhattisgarh","Lightning ","23-08-2026","2","0","0","3","0","0","0","0","0.00","0","0.00","0","0","0"
"856","Gujarat","Heavy Rain","23-08-2026","2","0","0","0","0","0","1","0","0.00","0","1.18","0","0","0"
"857","Himachal Pradesh","Air, Road and Rail Accidents","23-08-2026","3","0","0","2","2","0","5","1","0.00","0","7.50","0","0","0"
"858","Himachal Pradesh","Heavy Rain","23-08-2026","3","4","19","0","0","0","5","0","0.00","2","0.00","0","0","0"
"859","Himachal Pradesh","Other : ","23-08-2026","1","0","0","1","0","0","4","1","0.00","0","0.00","0","0","0"
"860","Himachal Pradesh","Other : 0","23-08-2026","1","0","0","2","1","0","0","0","0.00","0","0.00","0","0","0"
"861","Himachal Pradesh","Other : Road Accident, HPPWD, Power","23-08-2026","1","0","0","1","0","0","0","0","0.00","0","0.00","0","0","0"
"862","Kerala","Floods","23-08-2026","1","0","0","0","0","0","0","0","0.00","0","5.86","0","0","0"
"863","Kerala","Heavy Rain","23-08-2026","8","0","0","0","0","0","1","0","0.00","0","107.70","0","0","0"
"864","Kerala","Other : ","23-08-2026","5","0","0","0","0","0","0","0","0.00","0","36.67","0","0","0"
"865","Maharashtra","Other : ","23-08-2026","2","0","0","5","6","0","0","0","0.00","0","0.00","0","0","0"
"866","Puducherry","Heavy Rain","23-08-2026","4","0","0","0","0","0","0","0","0.00","0","0.00","0","0","0"
"867","Tripura","Floods","23-08-2026","2","0","0","0","0","0","115","0","0.00","0","0.00","0","16","1229"
"868","Uttarakhand","Air, Road and Rail Accidents","23-08-2026","1","0","0","0","17","0","0","0","0.00","0","0.00","0","0","0"
"869","Uttarakhand","Heavy Rain","23-08-2026","1","0","0","1","0","0","0","0","0.00","0","0.00","0","0","0"
"870","Uttarakhand","Other : drowning","23-08-2026","1","0","0","2","0","0","0","0","0.00","0","0.00","0","0","0"
"871","Uttarakhand","Other : under construction building","23-08-2026","1","0","0","2","4","0","0","0","0.00","0","0.00","0","0","0"
"872","Andaman and Nicobar Islands","Other : ","22-08-2026","1","0","0","0","0","0","0","0","0.00","0","3.00","0","0","0"
"873","Andaman and Nicobar Islands","Other : moderate rain","22-08-2026","1","0","0","0","0","0","0","0","0.00","0","79.00","0","0","0"
"874","Arunachal Pradesh","Floods","22-08-2026","1","1","0","0","0","0","0","0","0.00","5","0.00","0","0","0"
"875","Assam","Air, Road and Rail Accidents","22-08-2026","1","0","0","2","0","0","0","0","0.00","0","0.00","0","0","0"
"876","Assam","Floods","22-08-2026","8","78","12033","0","0","0","1954","5868","2994.00","4","16.00","0","5","666"
"877","Assam","Other : Erosion","22-08-2026","1","2","4","0","0","0","0","0","0.00","0","30.20","0","0","0"
"878","Bihar","Other : ","22-08-2026","2","0","0","0","0","2","0","0","0.00","0","0.00","0","0","0"
"879","Chhattisgarh","Drowning ","22-08-2026","1","0","0","3","0","0","0","0","0.00","0","0.00","0","0","0"
"880","Gujarat","Heavy Rain","22-08-2026","3","0","0","0","0","0","2","0","0.00","0","32.00","0","0","0"
"881","Gujarat","Thunder and Lightening","22-08-2026","1","0","0","0","0","0","0","0","0.00","0","1.00","0","0","0"
"882","Himachal Pradesh","Heavy Rain","22-08-2026","4","0","0","0","0","0","13","0","0.00","0","0.00","0","0","0"
"883","Himachal Pradesh","Landslides and Mudflows","22-08-2026","1","1","1","2","0","0","0","0","0.00","0","0.00","0","0","0"
"884","Himachal Pradesh","Other : ","22-08-2026","1","0","0","4","0","0","6","8","0.00","0","0.00","0","0","0"
"885","Jammu and Kashmir","Other : Drowning (Accidental)","22-08-2026","1","0","0","1","0","0","0","0","0.00","0","0.00","0","0","0"
"886","Jharkhand","Air, Road and Rail Accidents","22-08-2026","1","0","2","2","0","0","0","0","0.00","0","0.00","0","0","0"
"887","Kerala","Heavy Rain","22-08-2026","8","0","9","0","0","0","0","0","0.00","0","51.76","0","0","18"
"888","Kerala","Other : ","22-08-2026","4","0","0","0","0","0","0","0","0.00","0","15.67","0","0","0"
"889","Maharashtra","Other : Drowning","22-08-2026","1","0","0","2","0","0","0","0","0.00","0","0.00","0","0","0"
"890","Puducherry","Heavy Rain","22-08-2026","4","0","0","0","0","0","0","0","0.00","0","0.00","0","0","0"
"891","Punjab","Other : ","22-08-2026","1","0","0","1","0","0","0","0","0.00","0","11.50","0","0","0"
"892","Uttarakhand","Air, Road and Rail Accidents","22-08-2026","2","0","0","3","3","0","0","0","0.00","0","0.00","0","0","0"
"893","Uttarakhand","Other : drowning","22-08-2026","2","0","0","2","0","0","0","0","0.00","0","0.00","0","0","0"
"894","West Bengal","Landslides and Mudflows","22-08-2026","1","0","0","0","0","0","0","0","0.00","0","0.00","0","1","8"
"895","West Bengal","Other : Drowning","22-08-2026","1","0","0","1","0","0","0","0","0.00","0","0.00","0","0","0"
"896","West Bengal","Other : River erossion","22-08-2026","1","2","224","0","0","0","6","0","0.00","0","72.00","224","1","200"
"897","Andaman and Nicobar Islands","Other : ","21-08-2026","1","0","0","0","0","0","0","0","0.00","0","1.20","0","0","0"
"898","Andaman and Nicobar Islands","Other : Modrate Rain","21-08-2026","1","0","0","0","0","0","0","0","0.00","0","68.60","0","0","0"
"899","Arunachal Pradesh","Landslides and Mudflows","21-08-2026","1","4","0","0","0","0","0","0","0.00","4","0.00","0","0","0"
"900","Assam","Air, Road and Rail Accidents","21-08-2026","1","0","0","0","16","0","0","0","0.00","0","6.08","0","0","0"
"901","Assam","Floods","21-08-2026","7","60","11968","0","0","0","0","5653","3592.00","3","94.00","0","0","0"
"902","Assam","Other : Erosion","21-08-2026","1","1","0","0","0","0","0","0","0.00","0","0.00","0","0","0"
"903","Assam","Other : Storm","21-08-2026","1","0","0","0","0","0","0","0","0.00","5","0.00","0","0","0"
"904","Assam","Thunder and Lightening","21-08-2026","1","1","0","0","0","0","0","0","0.00","1","79.00","0","0","0"
"905","Bihar","Other : ","21-08-2026","1","0","0","1","0","0","0","0","0.00","0","0.00","0","0","0"
"906","Chhattisgarh","Other : ","21-08-2026","1","0","0","1","0","0","0","0","0.00","0","0.00","0","0","0"
"907","Chhattisgarh","Other : 20-08-2026","21-08-2026","1","0","0","1","0","0","0","0","0.00","0","0.00","0","0","0"
"908","Gujarat","Floods","21-08-2026","1","1","0","0","0","0","1","0","0.00","0","1.00","0","0","0"
"909","Gujarat","Heavy Rain","21-08-2026","3","0","0","0","0","0","1","2","0.00","0","17.21","0","0","0"
"910","Haryana","Other : Rain","21-08-2026","1","0","0","0","0","0","0","0","0.00","0","3.00","0","0","0"
"911","Himachal Pradesh","Heavy Rain","21-08-2026","5","2","10","0","0","0","13","0","3.89","0","12.00","0","0","0"
"912","Himachal Pradesh","Other : ","21-08-2026","1","0","0","0","0","0","0","0","0.00","0","0.00","0","0","0"
"913","Himachal Pradesh","Other : 0","21-08-2026","2","0","0","3","0","0","1","2","0.00","0","36.00","0","0","0"
"914","Himachal Pradesh","Other : Fall from Height","21-08-2026","1","2","2","2","0","0","0","0","0.00","0","0.00","0","0","0"
"915","Himachal Pradesh","Other : Heavy Rain & Road Accident","21-08-2026","1","0","0","1","1","0","3","0","0.00","0","5.00","0","0","0"
"916","Karnataka","Heavy Rain","21-08-2026","2","0","0","0","0","0","21","0","0.00","0","9.30","0","0","0"
"917","Kerala","Heavy Rain","21-08-2026","9","0","9","0","1","0","2","0","0.00","0","28.87","0","0","9"
"918","Kerala","Other : ","21-08-2026","3","0","0","0","0","0","0","0","0.00","0","6.27","0","0","0"
"919","Maharashtra","Other : accident","21-08-2026","1","0","0","0","10","0","0","0","0.00","0","0.00","0","0","0"
"920","Mizoram","Landslides and Mudflows","21-08-2026","2","2","0","0","0","0","1","0","0.00","0","0.00","0","0","0"
"921","Odisha","Floods","21-08-2026","4","351","267264","0","0","0","0","0","46735.00","0","1.10","135429","150","86543"
"922","Odisha","Other : ","21-08-2026","22","0","0","0","0","0","0","0","0.00","0","68.90","0","0","0"
"923","Puducherry","Heavy Rain","21-08-2026","4","0","0","0","0","0","0","0","0.00","0","46.80","0","0","0"
"924","Punjab","Heavy Rain","21-08-2026","2","1","0","0","0","0","1","0","0.00","0","55.40","0","0","0"
"925","West Bengal","Heavy Rain","21-08-2026","2","6","52","0","0","0","2","0","0.00","0","130.00","0","0","0"
"926","West Bengal","Landslides and Mudflows","21-08-2026","1","2","10","0","0","0","3","0","0.00","0","0.00","0","1","8"
"927","West Bengal","Other : Drowning","21-08-2026","1","0","0","1","0","0","0","0","0.00","0","0.00","0","0","0"
"928","West Bengal","Other : Drowning & Flash Flood","21-08-2026","1","4","0","2","0","0","2","0","0.00","0","65.00","0","0","0"
"929","West Bengal","Other : Flood  Flash Flood & River Coastal Erosion","21-08-2026","1","2","116","0","0","0","7","0","0.00","0","65.00","0","2","24"
"930","West Bengal","Other : Water Logging","21-08-2026","1","13","145","0","0","0","0","0","0.00","0","65.00","0","0","0"
"931","West Bengal","Other : Wild Animal Attack","21-08-2026","1","1","7","0","0","0","2","0","0.00","0","0.00","0","0","0"
"932","Andaman and Nicobar Islands","Other : ","20-08-2026","1","0","0","0","0","0","0","0","0.00","0","0.00","0","0","0"
"933","Andaman and Nicobar Islands","Other : Moderate Rain","20-08-2026","1","0","0","0","0","0","0","0","0.00","0","26.60","0","0","0"
"934","Arunachal Pradesh","Landslides and Mudflows","20-08-2026","1","4","0","0","0","0","0","0","0.00","6","0.00","0","0","0"
"935","Assam","Floods","20-08-2026","7","92","14799","0","0","0","61","16527","3083.00","142","58.60","0","6","238"
"936","Assam","Other : Erosion","20-08-2026","2","2","7","0","0","0","0","0","0.00","1","3.60","0","0","0"
"937","Assam","Other : Non flood drowning ","20-08-2026","1","0","0","1","0","0","0","0","0.00","0","0.00","0","0","0"
"938","Assam","Urban Fires","20-08-2026","1","0","0","0","0","0","3","0","0.00","0","0.00","0","0","0"
"939","Bihar","Other : 01","20-08-2026","1","0","0","1","0","0","0","0","0.00","0","0.00","0","0","0"
"940","Bihar","Other : drowning","20-08-2026","1","0","0","0","0","2","0","0","0.00","0","0.00","0","0","0"
"941","Chhattisgarh","Other : 20/08/2026","20-08-2026","1","0","0","1","0","0","0","0","0.00","0","0.00","0","0","0"
"942","Gujarat","Floods","20-08-2026","1","2","0","0","0","0","2","0","0.00","0","0.00","0","0","0"
"943","Gujarat","Heavy Rain","20-08-2026","3","1","10","1","0","0","12","0","0.00","0","5971.00","0","0","0"
"944","Gujarat","Other : ","20-08-2026","1","0","0","0","0","0","1","0","0.00","0","0.00","0","0","0"
"945","Haryana","Heat Wave and Cold Wave","20-08-2026","1","0","0","0","0","0","0","0","0.00","0","3.00","0","0","0"
"946","Haryana","Other : ","20-08-2026","1","0","0","0","0","0","0","0","0.00","0","0.00","0","0","0"
"947","Himachal Pradesh","Air, Road and Rail Accidents","20-08-2026","3","1","3","4","2","0","0","0","0.00","0","158.40","0","0","0"
"948","Himachal Pradesh","Cloud Burst","20-08-2026","1","0","0","0","0","0","0","0","5.00","0","0.00","0","0","0"
"949","Himachal Pradesh","Heavy Rain","20-08-2026","4","3","12","1","0","0","9","0","0.00","9","11.40","0","0","0"
"950","Himachal Pradesh","Landslides and Mudflows","20-08-2026","1","0","0","6","0","0","0","0","0.00","0","228.00","0","0","0"
"951","Himachal Pradesh","Other : Road Accident , Heavy rain ","20-08-2026","1","0","0","0","2","0","2","0","0.00","0","70.80","0","0","0"
"952","Jharkhand","Heavy Rain","20-08-2026","1","0","0","0","0","0","0","0","4.00","0","0.00","0","0","0"
"953","Karnataka","Heavy Rain","20-08-2026","2","0","0","0","0","0","3","0","0.00","0","14.70","0","0","0"
"954","Kerala","Floods","20-08-2026","1","0","0","0","0","0","2","0","0.00","0","0.00","0","0","0"
"955","Kerala","Heavy Rain","20-08-2026","6","0","9","0","0","0","0","0","2.00","0","34.73","0","0","0"
"956","Kerala","Other : ","20-08-2026","4","0","0","1","0","0","0","0","0.00","0","17.29","0","0","0"
"957","Maharashtra","Air, Road and Rail Accidents","20-08-2026","1","0","0","2","0","0","0","0","0.00","0","0.00","0","0","0"
"958","Odisha","Floods","20-08-2026","6","841","696031","0","0","0","485","0","0.00","0","28.50","384486","615","384486"
"959","Odisha","Other : ","20-08-2026","21","0","0","0","0","0","0","0","0.00","0","65.20","0","0","0"
"960","Puducherry","Heavy Rain","20-08-2026","4","0","0","0","0","0","0","0","0.00","0","16.20","0","0","0"
"961","Punjab","Other : Rain","20-08-2026","1","2","7","0","0","0","2","0","0.00","0","0.00","0","0","0"
"962","Uttarakhand","Air, Road and Rail Accidents","20-08-2026","2","0","0","5","7","0","0","0","0.00","0","0.00","0","0","0"
"963","Uttarakhand","Other : Drowning","20-08-2026","1","0","0","1","0","0","0","0","0.00","0","0.00","0","0","0"
"964","West Bengal","Drowning","20-08-2026","1","1","1","1","0","0","0","0","0.00","0","0.00","0","0","0"
"965","West Bengal","Heavy Rain","20-08-2026","1","1","2","0","0","0","0","0","0.00","0","65.00","2","0","0"
"966","West Bengal","Other : Accidental Fire","20-08-2026","1","1","1","0","1","0","0","0","0.00","0","0.00","2","0","0"
"967","West Bengal","Other : Death due to collapse of mud wall","20-08-2026","1","1","1","1","0","0","0","0","0.00","0","0.00","0","0","0"
"968","West Bengal","Other : Electrocution","20-08-2026","1","1","0","2","0","0","0","0","0.00","0","0.00","0","0","0"
"969","West Bengal","Other : Fall of tree","20-08-2026","1","1","0","0","0","0","1","0","0.00","0","0.00","0","0","0"
"970","West Bengal","Other : Heavy Rainfall & Lightning & Snake Bite","20-08-2026","1","177","2202","2","0","0","45","0","0.00","0","65.00","0","1","30"
"971","West Bengal","Other : River / Coastal Erosion","20-08-2026","2","23","300","0","0","0","22","0","0.00","0","0.00","50","3","43"
"972","Andaman and Nicobar Islands","Other : Light Rain","19-08-2026","1","0","0","0","0","0","0","0","0.00","0","13.40","0","0","0"
"973","Arunachal Pradesh","Earthquakes","19-08-2026","2","1","0","0","0","0","0","0","0.00","1","0.00","0","0","0"
"974","Arunachal Pradesh","Floods","19-08-2026","1","1","5151","0","0","0","4","0","5.00","1","0.00","0","0","0"
"975","Arunachal Pradesh","Heavy Rain","19-08-2026","1","1","0","0","0","0","2","6","4.00","0","0.00","0","0","0"
"976","Arunachal Pradesh","Landslides and Mudflows","19-08-2026","1","1","0","0","0","0","0","6","0.00","0","0.00","0","0","0"
"977","Assam","Floods","19-08-2026","6","67","14328","0","0","0","152","11053","2940.00","94","78.58","0","6","207"
"978","Assam","Other : Erosion","19-08-2026","1","1","0","0","0","0","0","0","0.00","0","0.00","0","0","0"
"979","Assam","Other : Landslide","19-08-2026","1","1","4","0","0","0","0","0","0.00","0","14.80","0","0","0"
"980","Assam","Thunder and Lightening","19-08-2026","1","5","0","0","0","0","0","0","0.00","1","55.00","0","0","0"
"981","Bihar","Other : 0","19-08-2026","1","0","0","2","0","0","0","0","0.00","0","0.00","0","0","0"
"982","Bihar","Other : DROWNING","19-08-2026","1","0","0","3","0","0","0","0","0.00","0","0.00","0","0","0"
"983","Bihar","Other : STAMPEDE","19-08-2026","1","0","0","7","25","0","0","0","0.00","0","0.00","0","0","0"
"984","Chhattisgarh","Drowning ","19-08-2026","1","0","0","1","0","0","0","0","0.00","0","0.00","0","0","0"
"985","Delhi","Other : cylinder blast","19-08-2026","1","0","0","0","4","0","0","0","0.00","0","0.00","0","0","0"
"986","Gujarat","Heavy Rain","19-08-2026","1","0","0","0","0","0","5","0","0.00","0","110.00","0","0","0"
"987","Gujarat","Thunder and Lightening","19-08-2026","1","0","0","0","0","0","3","0","0.00","0","0.00","0","0","0"
"988","Himachal Pradesh","Air, Road and Rail Accidents","19-08-2026","1","0","0","1","0","0","0","0","0.00","0","0.00","0","0","0"
"989","Himachal Pradesh","Heavy Rain","19-08-2026","3","0","0","1","1","0","11","3","0.00","0","67.70","0","0","0"
"990","Himachal Pradesh","Landslides and Mudflows","19-08-2026","1","0","0","1","0","2","0","0","0.00","0","90.00","0","0","0"
"991","Himachal Pradesh","Other : 0","19-08-2026","1","0","0","1","1","0","0","0","0.00","0","14.30","0","0","0"
"992","Himachal Pradesh","Other : 1. Flood 2. Fell Down ","19-08-2026","1","0","0","0","0","0","0","1","0.00","0","0.00","0","0","0"
"993","Himachal Pradesh","Other : 3 Cowshed damaged","19-08-2026","1","0","0","0","0","0","5","1","0.00","0","0.00","0","0","0"
"994","Himachal Pradesh","Other : Road Accident, House Damage, HPPWD","19-08-2026","1","0","0","3","3","0","1","0","0.00","0","0.00","0","0","0"
"995","Himachal Pradesh","Other : Unknown","19-08-2026","1","1","1","1","0","0","0","0","0.00","0","0.00","0","0","0"
"996","Jharkhand","Heavy Rain","19-08-2026","1","2","0","0","0","0","2","0","0.00","0","20.00","0","0","0"
"997","Karnataka","Heavy Rain","19-08-2026","1","0","0","0","0","0","16","0","0.00","0","14.40","0","0","0"
"998","Kerala","Heavy Rain","19-08-2026","9","0","9","0","0","0","1","0","0.20","0","54.51","0","1","34"
"999","Kerala","Other : ","19-08-2026","3","0","0","0","0","0","0","0","0.11","0","21.20","0","0","5"
"1000","Kerala","Other : 0","19-08-2026","1","0","0","0","0","0","0","0","0.00","0","0.00","0","0","0"
"1001","Maharashtra","Other : Drowning","19-08-2026","3","0","0","5","0","0","0","0","0.00","0","0.00","0","0","0"
"1002","Odisha","Floods","19-08-2026","6","731","828598","0","0","0","381","0","31000.00","0","17.20","184701","147","163930"
"1003","Odisha","Other : ","19-08-2026","23","0","0","0","0","0","0","0","0.00","0","203.20","0","0","0"
"1004","Punjab","Heavy Rain","19-08-2026","3","7","0","0","0","0","14","0","0.00","0","96.41","0","0","0"
"1005","West Bengal","Heavy Rain","19-08-2026","2","23","1422","0","0","0","21","0","0.00","0","130.00","0","9","387"
"1006","West Bengal","Landslides and Mudflows","19-08-2026","1","2","17","0","0","0","2","0","0.00","0","0.00","0","0","0"
"1007","West Bengal","Other : Accidental Fire","19-08-2026","1","0","0","9","0","0","1","0","0.00","0","0.00","0","0","0"
"1008","West Bengal","Other : Accidental Fire & Fire","19-08-2026","1","2","5","0","0","0","2","0","0.00","0","0.00","0","0","0"
"1009","West Bengal","Other : Heavy Rainfall","19-08-2026","1","14","40","0","0","0","40","0","0.00","0","65.00","0","0","0"
"1010","West Bengal","Other : Landslide & Fall of tree & Heavy Rainfall","19-08-2026","1","9","1504","0","0","0","1","0","0.00","0","65.00","0","0","0"
"1011","West Bengal","Other : Snake Bite","19-08-2026","1","1","3","1","0","0","0","0","0.00","0","0.00","0","0","0"
"1012","West Bengal","Other : Water logging & Heavy Rainfall","19-08-2026","1","16","316","0","0","0","1771","0","0.00","0","65.00","1483","9","424"
"1013","Assam","Drowning","18-08-2026","1","0","0","2","0","0","0","0","0.00","0","0.00","0","0","0"
"1014","Kerala","Heavy Rain","18-08-2026","2","0","0","0","0","0","0","0","0.00","0","29.33","0","1","34"
"1015","Uttarakhand","Others","18-08-2026","1","0","0","3","1","0","0","0","0.00","0","0.00","0","0","0"
"1016","Chhattisgarh","Drowning ","17-08-2026","2","0","0","3","0","0","0","0","0.00","0","0.00","0","0","0"
"1017","Himachal Pradesh","Air, Road and Rail Accidents","17-08-2026","1","0","0","3","0","0","0","0","0.00","0","2.60","0","0","0"
"1018","Kerala","Heavy Rain","17-08-2026","1","0","0","0","0","0","0","0","0.00","0","21.50","0","0","0"
"1019","Chhattisgarh","Drowning ","16-08-2026","1","0","0","2","0","0","0","0","0.00","0","0.00","0","0","0"
"1020","Chhattisgarh","Drowning ","15-08-2026","3","0","0","2","0","1","0","0","0.00","0","0.00","0","0","0"
"1021","Chhattisgarh","Drowning ","14-08-2026","1","0","0","2","0","0","0","0","0.00","0","0.00","0","0","0"
"1022","Chhattisgarh","Lightning strike ","14-08-2026","1","0","0","1","1","0","0","0","0.00","0","0.00","0","0","0"
"1023","Kerala","Heavy Rain","14-08-2026","1","0","133","0","0","0","0","0","0.00","0","17.85","0","5","133"
"1024","Chhattisgarh","Drowning ","13-08-2026","2","0","0","2","0","0","0","0","0.00","0","0.00","0","0","0"
"1025","Kerala","Heavy Rain","13-08-2026","1","0","290","0","0","0","0","0","0.00","0","21.35","0","7","290"
"1026","Chhattisgarh","Drowning","12-08-2026","1","0","0","11","0","0","0","0","0.00","0","0.00","0","0","0"
"1027","Chhattisgarh","Drowning ","12-08-2026","3","1","3","3","0","0","0","0","0.00","0","0.00","0","0","3"
"1028","Arunachal Pradesh","0","10-08-2026","1","0","0","0","0","0","0","0","0.00","0","0.00","0","0","0"
"1029","Arunachal Pradesh","Flash flood","10-08-2026","1","1","0","0","21","0","0","0","0.00","0","0.00","0","0","0"
"1030","Arunachal Pradesh","Heavy Rainfall","10-08-2026","1","1","5","0","0","0","1","0","0.00","0","0.00","0","0","0"
"1031","Assam",".","10-08-2026","1","0","0","0","0","0","0","0","0.00","0","0.00","0","0","0"
"1032","Assam","Drowning","10-08-2026","1","0","0","0","0","2","0","0","0.00","0","0.00","0","0","0"
"1033","Assam","Flood","10-08-2026","1","11","0","0","0","0","0","0","223.00","0","0.00","0","0","0"
"1034","Assam","Floodf","10-08-2026","1","11","0","0","0","0","0","0","223.00","0","0.00","0","0","0"
"1035","Assam","Landslide","10-08-2026","1","1","6","0","0","0","1","0","0.00","0","0.00","0","0","0"
"1036","Assam","NIL","10-08-2026","1","0","0","0","0","0","1","0","0.00","0","0.00","0","0","0"
"1037","Assam","Storm ","10-08-2026","1","18","50","0","0","0","12","0","0.00","4","0.00","0","0","0"
"1038","Chhattisgarh","Drowning ","10-08-2026","1","0","0","1","0","1","0","0","0.00","0","0.00","0","0","0"
"1039","Kerala","Heavy Rain","10-08-2026","1","2","45","0","0","0","0","0","0.00","0","6.20","43","2","43"
"1040","Sikkim","Heavy Rain","09-08-2026","6","0","0","0","0","0","0","0","0.00","0","119.30","0","0","0"
"1041","Assam","","08-08-2026","1","0","0","0","0","0","0","0","0.00","0","0.00","0","0","0"
"1042","Assam","Drowning ","08-08-2026","1","0","0","1","0","0","0","0","0.00","0","0.00","0","0","0"
"1043","Assam","Floods","08-08-2026","1","76","19530","0","0","0","0","11484","1132.00","3","0.00","12","9","854"
"1044","Assam","Road Accident","08-08-2026","1","0","0","0","2","0","0","0","0.00","0","0.00","0","0","0"
"1045","Jharkhand","Air,Rail and Road Accidents","08-08-2026","1","1","4","1","0","0","0","0","0.00","0","0.00","0","0","0"
"1046","Jharkhand","Air.Rail and Road Accidents","08-08-2026","1","0","0","0","0","0","0","0","0.00","0","0.00","0","0","0"
"1047","Jharkhand","Thunder and lightening","08-08-2026","1","2","10","0","0","0","2","0","0.00","0","0.00","0","0","0"
"1048","Jharkhand","Thunder and Lightening","08-08-2026","1","4","20","0","0","0","4","0","0.00","0","0.00","0","0","0"
"1049","Kerala","Heavy Rain","08-08-2026","3","4","12498","0","3","0","7","0","0.00","0","78.40","52","131","12498"
"1050","Sikkim","Heavy Rain","08-08-2026","6","0","0","0","0","0","0","0","0.00","0","43.10","0","0","0"
"1051","Assam","Floods","07-08-2026","1","4","13","1","0","0","0","0","0.00","0","0.00","1","0","0"
"1052","Delhi","Major Building Collapse","07-08-2026","1","0","0","0","1","0","0","0","0.00","0","0.00","0","0","0"
"1053","Himachal Pradesh","Heavy Rain","07-08-2026","1","0","0","0","0","0","0","0","0.00","0","63.10","0","0","0"
"1054","Kerala","Heavy Rain","07-08-2026","2","72","112043","0","0","0","4","0","1113.38","0","88.63","18100","129","18100"
"1055","Sikkim","Heavy Rain","07-08-2026","6","2","10","0","0","0","3","0","0.00","0","29.50","0","0","0"
"1056","Andaman and Nicobar Islands","Other : Light Rain","06-08-2026","1","0","0","0","0","0","0","0","0.00","0","49.80","0","0","0"
"1057","Himachal Pradesh","Heavy Rain","06-08-2026","2","0","0","0","0","0","1","0","0.00","0","63.10","0","0","0"
"1058","Kerala","Heavy Rain","06-08-2026","3","3","43","0","0","0","2","0","0.00","0","25.98","277","6","277"
"1059","Maharashtra","Heavy Rain","06-08-2026","1","0","0","0","0","0","3","1","0.00","0","0.60","0","0","0"
"1060","Maharashtra","Urban Fires","06-08-2026","1","0","0","0","1","0","0","0","0.00","0","0.00","0","0","0"
"1061","Meghalaya","Urban Fires","06-08-2026","1","1","12","0","0","0","0","0","0.00","12","0.90","0","0","0"
"1062","Sikkim","Heavy Rain","06-08-2026","6","0","0","0","0","0","0","0","0.00","0","98.60","0","0","0"
"1063","Andaman and Nicobar Islands","Other : ","05-08-2026","1","0","0","0","0","0","0","0","0.00","0","0.00","0","0","0"
"1064","Andaman and Nicobar Islands","Other : lightly rain","05-08-2026","1","0","0","0","0","0","0","0","0.00","0","10.00","0","0","0"
"1065","Arunachal Pradesh","Earthquakes","05-08-2026","1","0","0","0","0","0","0","0","0.00","0","0.00","0","0","0"
"1066","Arunachal Pradesh","Heavy Rain","05-08-2026","1","1","150","0","0","0","0","0","0.00","1","0.00","0","0","0"
"1067","Arunachal Pradesh","Landslides and Mudflows","05-08-2026","1","13","0","0","0","0","0","0","0.00","19","0.00","0","0","0"
"1068","Arunachal Pradesh","Other : Flash Flood","05-08-2026","1","1","0","0","0","0","2","0","0.08","16","0.00","0","0","0"
"1069","Assam","Floods","05-08-2026","11","310","55143","3","0","1","4","22792","6565.70","24","492.59","216","31","4612"
"1070","Assam","Hailstorm","05-08-2026","1","1","0","0","0","0","0","0","0.00","0","47.60","0","0","0"
"1071","Assam","Landslides and Mudflows","05-08-2026","1","1","4","0","0","0","1","0","0.00","0","2.40","0","0","0"
"1072","Assam","Other : ","05-08-2026","1","0","0","1","0","0","0","0","0.00","0","1.27","0","0","0"
"1073","Assam","Other : Erosion","05-08-2026","1","2","0","0","0","0","0","0","0.00","0","10.22","0","0","0"
"1074","Assam","Other : Urban Flood","05-08-2026","1","3","39","0","0","0","0","0","0.00","0","32.00","0","0","0"
"1075","Assam","Thunder and Lightening","05-08-2026","2","17","0","0","0","0","0","0","0.00","29","109.02","0","0","0"
"1076","Bihar","Floods","05-08-2026","12","0","0","0","0","0","0","0","0.00","0","270.20","0","0","0"
"1077","Bihar","Other : ","05-08-2026","2","0","0","2","0","0","0","0","0.00","0","0.00","0","0","0"
"1078","Gujarat","Floods","05-08-2026","2","5","0","0","2","0","22","1","0.00","0","4.00","0","0","0"
"1079","Gujarat","Heavy Rain","05-08-2026","15","7","100","0","1","0","65","11","0.00","1","5831.63","0","0","0"
"1080","Gujarat","Other : ","05-08-2026","1","0","0","0","0","0","2","0","0.00","0","23.00","0","0","0"
"1081","Gujarat","Thunder and Lightening","05-08-2026","1","2","0","0","0","0","2","0","0.00","0","6.00","0","0","0"
"1082","Haryana","Heavy Rain","05-08-2026","1","0","0","0","0","0","0","0","0.00","0","70.00","0","0","0"
"1083","Haryana","Other : ","05-08-2026","1","0","0","0","0","0","0","0","0.00","0","15.25","0","0","0"
"1084","Himachal Pradesh","Air, Road and Rail Accidents","05-08-2026","1","0","0","1","0","0","0","0","0.00","0","0.00","0","0","0"
"1085","Himachal Pradesh","Electrical Disasters and fires","05-08-2026","1","0","0","0","0","0","0","6","0.00","0","339.00","0","0","0"
"1086","Himachal Pradesh","Hailstorm","05-08-2026","1","0","0","0","0","0","0","0","0.00","0","0.00","0","0","0"
"1087","Himachal Pradesh","Heavy Rain","05-08-2026","3","5","20","0","0","0","4","0","0.00","2","163.60","0","0","0"
"1088","Himachal Pradesh","Landslides and Mudflows","05-08-2026","1","1","5","1","0","0","0","0","0.00","0","0.00","0","0","0"
"1089","Himachal Pradesh","Other : ","05-08-2026","2","0","0","1","0","0","3","2","0.00","0","0.00","0","0","0"
"1090","Himachal Pradesh","Other : Fall from cliff","05-08-2026","1","1","1","1","0","0","0","0","0.00","0","0.00","0","0","0"
"1091","Jharkhand","Other : ","05-08-2026","1","1","1","1","0","0","0","0","0.00","0","0.00","0","0","0"
"1092","Jharkhand","Other : Death by drowning on Date-04.08.2026, Bano","05-08-2026","1","0","0","1","0","0","0","0","0.00","0","0.00","0","0","0"
"1093","Jharkhand","Thunder and Lightening","05-08-2026","1","1","4","1","3","0","0","0","0.00","0","10.00","0","0","0"
"1094","Karnataka","Heavy Rain","05-08-2026","1","0","0","0","0","0","1","0","0.00","0","41.00","0","0","0"
"1095","Kerala","Floods","05-08-2026","1","0","0","0","0","0","2","0","0.00","0","5.60","0","0","0"
"1096","Kerala","Heavy Rain","05-08-2026","11","130","114159","5","0","0","117","103","1136.09","92","313.83","11154","290","21570"
"1097","Kerala","Other : ","05-08-2026","1","0","59","0","1","0","4","0","0.00","0","14.50","19","0","59"
"1098","Maharashtra","Floods","05-08-2026","1","0","0","1","0","0","0","0","0.00","0","2.80","0","0","0"
"1099","Nagaland","Landslides and Mudflows","05-08-2026","1","4","1000","0","0","0","0","0","0.00","4","0.00","0","0","0"
"1100","Odisha","Floods","05-08-2026","20","1435","859551","5","0","0","3491","29","34128.00","0","167.70","267373","518","238103"
"1101","Odisha","Other : ","05-08-2026","1","0","0","0","0","0","0","0","0.00","0","9.90","0","0","0"
"1102","Odisha","Thunder and Lightening","05-08-2026","1","0","0","0","0","0","0","0","0.00","0","8.80","0","0","0"
"1103","Puducherry","Heavy Rain","05-08-2026","3","0","0","0","0","0","0","0","0.00","0","28.40","0","0","0"
"1104","Sikkim","Heavy Rain","05-08-2026","6","21","1284","0","0","0","14","0","0.00","9","249.50","0","0","0"
"1105","West Bengal","Heavy Rain","05-08-2026","1","4","0","0","0","0","0","0","0.00","0","135.00","0","0","0"
"1106","West Bengal","Landslides and Mudflows","05-08-2026","2","5","95","0","0","0","32","0","0.00","1","46.60","162","1","8"
"1107","West Bengal","Other : Fall of Tree","05-08-2026","1","1","1","0","0","0","0","0","0.00","1","0.00","0","0","0"
"1108","West Bengal","Other : Water logging , Iundation.","05-08-2026","1","2","922","0","0","0","0","0","0.00","0","149.00","0","0","0"
"1109","West Bengal","Sea Erosion","05-08-2026","1","1","0","0","0","0","0","0","0.00","0","7.10","0","0","0"
"1110","West Bengal","Thunder and Lightening","05-08-2026","1","0","1","1","0","0","0","0","0.00","0","0.20","0","0","0"
"1111","Andaman and Nicobar Islands","Other : ","04-08-2026","1","0","0","0","0","0","0","0","0.00","0","0.00","0","0","0"
"1112","Arunachal Pradesh","Floods","04-08-2026","1","1","0","0","0","0","0","0","0.00","4","0.00","0","0","0"
"1113","Arunachal Pradesh","Heavy Rain","04-08-2026","1","2","8","0","0","0","3","0","0.00","0","0.00","0","0","0"
"1114","Arunachal Pradesh","Landslides and Mudflows","04-08-2026","1","1","0","0","0","0","0","2","0.00","0","0.00","0","0","0"
"1115","Assam","Floods","04-08-2026","8","123","13238","2","0","0","0","22722","2517.75","58","212.20","0","1","684"
"1116","Assam","Other : ","04-08-2026","1","3","0","0","0","0","0","0","0.00","0","5.60","0","0","0"
"1117","Assam","Other : Erosion","04-08-2026","1","0","0","0","0","0","0","0","0.00","0","0.00","0","0","0"
"1118","Assam","Other : LANDSLIDE ","04-08-2026","1","3","1","0","1","0","2","0","0.00","0","29.00","0","0","0"
"1119","Assam","Other : lightning","04-08-2026","1","1","6","0","0","0","0","0","0.00","0","0.00","0","0","0"
"1120","Assam","Thunder and Lightening","04-08-2026","1","1","7","1","6","0","1","1","0.00","0","73.70","6","0","0"
"1121","Gujarat","Floods","04-08-2026","2","1","0","0","0","0","19","1","0.00","0","8.00","0","0","0"
"1122","Gujarat","Heavy Rain","04-08-2026","17","13","100","1","0","0","123","4","0.00","0","5931.21","0","0","0"
"1123","Gujarat","Thunder and Lightening","04-08-2026","2","0","0","0","0","0","2","0","0.00","0","5.00","0","0","0"
"1124","Haryana","Other : ","04-08-2026","1","0","0","0","0","0","0","0","0.00","0","6.75","0","0","0"
"1125","Himachal Pradesh","Air, Road and Rail Accidents","04-08-2026","2","28","42","2","43","0","1","1","0.00","0","142.00","25","0","0"
"1126","Himachal Pradesh","Floods","04-08-2026","1","0","0","0","0","0","0","0","0.00","1","0.00","0","0","0"
"1127","Himachal Pradesh","Heavy Rain","04-08-2026","5","12","20","0","0","0","8","0","0.00","8","21.90","0","0","0"
"1128","Himachal Pradesh","Other : ","04-08-2026","1","0","0","1","0","0","0","0","0.00","0","0.00","0","0","0"
"1129","Jammu and Kashmir","Cloud Burst","04-08-2026","3","0","0","0","0","0","0","8","0.00","0","0.00","0","0","0"
"1130","Jammu and Kashmir","Floods","04-08-2026","1","0","0","1","0","0","0","0","0.00","0","0.00","0","0","0"
"1131","Karnataka","Heavy Rain","04-08-2026","7","0","0","2","0","0","42","0","0.00","0","252.00","0","0","0"
"1132","Kerala","Heavy Rain","04-08-2026","11","173","25555","10","4","2","177","0","45.78","337","357.92","15653","369","12395"
"1133","Kerala","Other : ","04-08-2026","1","0","0","0","0","2","1","0","0.00","0","4.36","0","0","0"
"1134","Maharashtra","Heavy Rain","04-08-2026","1","0","0","0","0","0","0","8","0.00","0","5.20","0","0","0"
"1135","Maharashtra","Other : Drowning","04-08-2026","1","0","0","1","0","0","0","0","0.00","0","11.30","0","0","0"
"1136","Maharashtra","Other : Due to the collapse of the iron footbridge","04-08-2026","1","0","0","0","0","0","0","1","0.00","0","28.80","0","0","0"
"1137","Maharashtra","Other : Iron footbridge Collapsed","04-08-2026","1","0","0","0","0","0","0","1","0.00","0","0.00","0","0","0"
"1138","Maharashtra","Other : Structure Collapsed","04-08-2026","1","0","0","1","0","0","0","0","0.00","0","0.20","0","0","0"
"1139","Puducherry","Heavy Rain","04-08-2026","4","0","0","0","0","0","0","0","0.00","0","112.80","0","0","0"
"1140","Punjab","Heavy Rain","04-08-2026","4","2","0","0","0","0","2","0","0.00","0","191.25","0","0","0"
"1141","Sikkim","Heavy Rain","04-08-2026","6","25","2237","0","0","0","11","0","0.00","6","322.40","0","0","0"
"1142","West Bengal","Landslides and Mudflows","04-08-2026","1","2","18","0","0","0","4","0","0.00","0","0.00","0","0","0"
"1143","West Bengal","Other : Drowning","04-08-2026","1","0","0","1","0","0","0","0","0.00","0","0.00","0","0","0"
"1144","West Bengal","Other : Drowning and Lightning","04-08-2026","1","2","2","2","0","0","0","0","0.00","0","0.00","0","0","0"
"1145","West Bengal","Other : Flood / Flash Flood","04-08-2026","1","6","136","0","0","0","0","0","0.00","0","0.00","0","0","0"
"1146","West Bengal","Other : Water Logging","04-08-2026","1","2","1200","0","0","0","0","0","0.00","0","0.00","0","0","0"
"1147","West Bengal","Thunder and Lightening","04-08-2026","4","0","0","12","0","0","0","0","0.00","0","0.00","0","0","0"
"1148","Andaman and Nicobar Islands","Other : Crocodile Attack No Causality","03-08-2026","1","0","0","0","0","0","0","0","0.00","0","0.00","0","0","0"
"1149","Andaman and Nicobar Islands","Other : nil","03-08-2026","1","0","0","0","0","0","0","0","0.00","0","0.00","0","0","0"
"1150","Arunachal Pradesh","Heavy Rain","03-08-2026","1","2","5","0","0","0","1","0","0.00","1","0.00","0","0","0"
"1151","Arunachal Pradesh","Landslides and Mudflows","03-08-2026","2","2","0","0","0","0","0","0","0.00","2","0.00","0","0","0"
"1152","Assam","Floods","03-08-2026","6","190","28813","0","0","0","1","31641","4476.00","54","154.78","0","1","238"
"1153","Assam","Other : Erosion","03-08-2026","1","4","18","0","0","0","0","0","0.00","2","2.00","0","0","0"
"1154","Assam","Other : Non Flood Drowning ","03-08-2026","1","1","0","1","0","0","0","0","0.00","0","30.10","1","0","0"
"1155","Chhattisgarh","Fall into the well ","03-08-2026","1","0","0","1","0","0","0","0","0.00","0","0.00","0","0","0"
"1156","Delhi","Major Building Collapse","03-08-2026","1","0","2","2","0","0","1","0","0.00","1","0.00","0","0","0"
"1157","Gujarat","Floods","03-08-2026","1","2","0","0","0","0","4","1","0.00","0","3.00","0","0","0"
"1158","Gujarat","Heavy Rain","03-08-2026","22","25","486","9","4","0","236","29","0.00","0","487.54","386","0","0"
"1159","Gujarat","Thunder and Lightening","03-08-2026","1","0","0","0","0","0","1","0","0.00","0","36.00","0","0","0"
"1160","Haryana","Other : Rain","03-08-2026","1","0","0","0","0","0","0","0","0.00","0","1.00","0","0","0"
"1161","Himachal Pradesh","Air, Road and Rail Accidents","03-08-2026","2","0","0","0","3","0","0","0","0.00","0","1.80","0","0","0"
"1162","Himachal Pradesh","Heavy Rain","03-08-2026","4","0","0","0","0","0","5","0","0.00","0","82.00","0","0","0"
"1163","Himachal Pradesh","Other : ","03-08-2026","1","0","0","0","0","0","1","1","0.00","0","0.00","0","0","0"
"1164","Jharkhand","Air, Road and Rail Accidents","03-08-2026","1","2","2","2","0","0","0","0","0.00","0","151.70","0","0","0"
"1165","Jharkhand","Other : Snake Bite","03-08-2026","1","0","0","1","0","0","0","0","0.00","0","151.70","0","0","0"
"1166","Jharkhand","Thunder and Lightening","03-08-2026","3","4","3","5","3","0","0","0","0.00","0","0.00","6","0","0"
"1167","Karnataka","Heavy Rain","03-08-2026","1","0","0","1","0","0","0","0","0.00","0","22.70","0","0","0"
"1168","Kerala","Floods","03-08-2026","1","78","6918","0","0","2","54","42","340.50","0","202.68","7168","156","7168"
"1169","Kerala","Heavy Rain","03-08-2026","11","217","19947","2","1","2","186","20051","11141104.15","593","539.13","49006","217","8217"
"1170","Maharashtra","Floods","03-08-2026","1","0","0","1","0","0","0","0","0.00","0","1.30","0","0","0"
"1171","Maharashtra","Heavy Rain","03-08-2026","1","0","0","0","0","0","2","4","0.00","0","3.40","0","0","0"
"1172","Maharashtra","Other : Drowning","03-08-2026","2","0","0","2","0","0","0","0","0.00","0","9.00","0","0","0"
"1173","Maharashtra","Other : Structure Collapsed","03-08-2026","1","0","0","1","1","0","1","0","0.00","0","3.40","0","0","0"
"1174","Maharashtra","Urban Fires","03-08-2026","2","0","0","0","2","0","0","0","0.00","0","62.90","0","0","0"
"1175","Meghalaya","Cyclones","03-08-2026","1","1","9","0","0","0","0","0","0.00","0","9.70","0","0","0"
"1176","Meghalaya","Landslides and Mudflows","03-08-2026","1","1","0","0","0","0","0","0","0.01","0","9.70","0","0","0"
"1177","Nagaland","Landslides and Mudflows","03-08-2026","2","2","0","0","0","0","0","0","0.00","0","0.00","0","0","0"
"1178","Puducherry","Heavy Rain","03-08-2026","4","0","0","0","0","0","3","0","0.00","0","2.60","0","0","0"
"1179","Punjab","Other : ","03-08-2026","1","0","0","1","0","0","0","0","0.00","0","0.00","0","0","0"
"1180","Sikkim","Heavy Rain","03-08-2026","6","9","52","0","0","0","3","0","0.40","0","199.60","0","2","106"
"1181","West Bengal","Heavy Rain","03-08-2026","1","5","0","0","0","0","0","0","0.00","0","0.00","0","0","0"
"1182","West Bengal","Landslides and Mudflows","03-08-2026","2","3","28","0","0","0","4","0","0.00","0","0.00","0","1","8"
"1183","West Bengal","Other : Drowning","03-08-2026","1","0","0","1","0","0","0","0","0.00","0","0.00","0","0","0"
"1184","West Bengal","Thunder and Lightening","03-08-2026","2","0","0","2","0","0","0","0","0.00","0","0.00","0","0","0"
"1185","Andaman and Nicobar Islands","Other : medium rain","02-08-2026","1","0","0","0","0","0","0","0","0.00","0","10.00","0","0","0"
"1186","Arunachal Pradesh","Earthquakes","02-08-2026","1","0","0","0","0","0","0","0","0.00","0","0.00","0","0","0"
"1187","Arunachal Pradesh","Pest Attacks","02-08-2026","1","5","82","0","0","0","0","0","85.00","0","0.00","0","0","0"
"1188","Assam","Floods","02-08-2026","5","66","12761","0","0","0","0","5495","2168.00","6","50.20","0","2","162"
"1189","Assam","Other : ","02-08-2026","1","0","0","0","0","0","0","0","0.00","0","0.00","0","0","0"
"1190","Assam","Other : Erosion","02-08-2026","1","4","0","0","0","0","0","0","0.00","0","0.00","0","0","0"
"1191","Chhattisgarh","Disaster Drowning ","02-08-2026","1","0","0","1","0","0","0","0","0.00","0","0.00","0","0","0"
"1192","Chhattisgarh","Drowning into the river ","02-08-2026","1","0","0","1","0","0","0","0","0.00","0","0.00","0","0","0"
"1193","Chhattisgarh","Other : DDRF TEAM NE DEATH BODY KO BAHAR NIKALA","02-08-2026","1","0","0","1","0","0","0","0","0.00","0","0.00","0","0","0"
"1194","Gujarat","Floods","02-08-2026","3","0","0","1","0","0","128","12","0.00","0","124.70","658","0","0"
"1195","Gujarat","Heavy Rain","02-08-2026","22","23","7424","9","4","2","374","30","0.00","3","7430.41","12979","6","817"
"1196","Gujarat","Thunder and Lightening","02-08-2026","1","0","0","0","0","0","3","0","0.00","0","183.00","0","0","0"
"1197","Himachal Pradesh","Air, Road and Rail Accidents","02-08-2026","3","0","18","21","2","0","0","0","0.00","0","116.80","0","0","0"
"1198","Himachal Pradesh","Heavy Rain","02-08-2026","6","4","100","2","0","0","4","0","0.00","0","1.80","0","0","0"
"1199","Himachal Pradesh","Other : ","02-08-2026","1","0","0","0","0","0","0","2","0.00","0","116.80","0","0","0"
"1200","Himachal Pradesh","Other : Snake Bite ","02-08-2026","1","0","0","0","0","0","0","4","0.00","0","0.00","0","0","0"
"1201","Karnataka","Heavy Rain","02-08-2026","3","0","0","0","0","1","6","0","0.00","0","190.00","0","0","0"
"1202","Karnataka","Landslides and Mudflows","02-08-2026","1","0","0","3","1","0","0","0","0.00","0","83.70","0","0","0"
"1203","Kerala","Heavy Rain","02-08-2026","12","200","13027","3","4","2","169","0","30.03","0","966.77","2457","232","7672"
"1204","Maharashtra","Floods","02-08-2026","1","0","0","1","0","0","0","0","0.00","0","135.20","0","0","0"
"1205","Maharashtra","Heavy Rain","02-08-2026","2","0","0","0","0","0","32","4","0.00","0","90.70","0","0","0"
"1206","Maharashtra","Other : Drawning","02-08-2026","1","0","0","3","0","0","0","0","0.00","0","0.00","0","0","0"
"1207","Meghalaya","Landslides and Mudflows","02-08-2026","1","5","0","0","0","0","0","0","0.05","0","68.00","0","0","0"
"1208","Mizoram","Landslides and Mudflows","02-08-2026","2","0","0","0","0","0","0","0","0.00","1","0.00","0","0","0"
"1209","Puducherry","Heavy Rain","02-08-2026","2","0","0","0","0","0","0","0","0.00","0","163.20","0","0","0"
"1210","West Bengal","Landslides and Mudflows","02-08-2026","1","1","4","0","0","0","1","0","0.00","0","52.00","0","1","8"
"1211","West Bengal","Other : Other ( Structural  Collapsed)","02-08-2026","1","2","171","1","0","0","8","0","0.00","0","65.00","171","2","171"
"1212","Andaman and Nicobar Islands","Other : ","01-08-2026","1","0","0","0","0","0","0","0","0.00","0","8.50","0","0","0"
"1213","Andaman and Nicobar Islands","Other : lightly rain","01-08-2026","1","0","0","0","0","0","0","0","0.00","0","0.00","0","0","0"
"1214","Assam","Air, Road and Rail Accidents","01-08-2026","1","0","0","0","8","0","0","0","0.00","0","21.34","0","0","0"
"1215","Assam","Floods","01-08-2026","6","69","15968","0","0","0","1","686","1421.00","5","111.24","0","3","172"
"1216","Assam","Other : Storm","01-08-2026","1","1","0","0","0","0","0","0","0.00","1","12.00","0","0","0"
"1217","Assam","Sea Erosion","01-08-2026","1","3","0","0","0","0","0","0","0.00","0","0.00","0","0","0"
"1218","Assam","Thunder and Lightening","01-08-2026","1","1","0","0","0","0","0","0","0.00","1","13.00","0","0","0"
"1219","Chhattisgarh","Other : 31-07-26","01-08-2026","1","0","0","1","1","0","0","0","0.00","0","0.00","0","0","0"
"1220","Gujarat","Floods","01-08-2026","1","0","0","0","1","0","55","1","0.00","0","155.30","547","0","0"
"1221","Gujarat","Heavy Rain","01-08-2026","22","61","3623","6","4","0","275","22","0.00","4","12780.32","9710","14","1071"
"1222","Gujarat","Thunder and Lightening","01-08-2026","3","20","308","2","0","0","92","15","0.00","0","1285.00","154","0","0"
"1223","Himachal Pradesh","Air, Road and Rail Accidents","01-08-2026","5","0","0","19","40","0","4","0","0.00","0","20.00","15","0","0"
"1224","Himachal Pradesh","Electrical Disasters and fires","01-08-2026","1","1","5","0","0","0","1","0","0.00","0","0.00","0","0","0"
"1225","Himachal Pradesh","Heavy Rain","01-08-2026","2","256","1280","0","0","0","80","0","0.00","96","0.00","0","0","0"
"1226","Himachal Pradesh","Other : ","01-08-2026","1","0","0","0","0","0","4","0","0.00","0","0.00","0","0","0"
"1227","Himachal Pradesh","Village Fire","01-08-2026","1","0","0","0","1","0","1","0","0.00","0","0.00","0","0","0"
"1228","Jammu and Kashmir","Cloud Burst","01-08-2026","1","0","0","0","0","0","3","0","45.00","3","0.00","0","0","0"
"1229","Jharkhand","Thunder and Lightening","01-08-2026","1","1","0","1","0","0","0","0","0.00","0","0.00","0","0","0"
"1230","Karnataka","Floods","01-08-2026","1","2","36","0","0","0","49","0","0.00","0","63.30","0","0","0"
"1231","Karnataka","Heavy Rain","01-08-2026","2","0","0","0","0","0","3","0","0.00","0","65.30","0","0","0"
"1232","Kerala","Floods","01-08-2026","1","26","634","0","0","0","29","3","0.88","0","195.91","567","22","567"
"1233","Kerala","Heavy Rain","01-08-2026","10","42","10977","6","1","0","139","0","1.43","0","797.05","184","30","592"
"1234","Kerala","Other : ","01-08-2026","2","9","23","2","0","4","4","0","0.00","0","20.56","0","1","1"
"1235","Maharashtra","Floods","01-08-2026","3","0","0","6","0","0","0","0","0.00","0","335.80","0","0","0"
"1236","Maharashtra","Heavy Rain","01-08-2026","1","0","0","0","0","0","6","1","0.00","0","15.00","0","0","0"
"1237","Maharashtra","Other : Drawning","01-08-2026","3","0","0","3","0","0","0","0","0.00","0","124.90","0","0","0"
"1238","Maharashtra","Other : Tree fall","01-08-2026","1","0","0","0","2","0","0","0","0.00","0","0.00","0","0","0"
"1239","Meghalaya","Village Fire","01-08-2026","2","2","4","0","0","0","2","0","0.00","0","1363.00","0","0","0"
"1240","Mizoram","Landslides and Mudflows","01-08-2026","1","2","0","0","0","0","0","0","0.00","0","0.00","0","0","0"
"1241","Puducherry","Heavy Rain","01-08-2026","4","0","0","0","0","0","0","0","0.00","0","31.60","0","0","0"
"1242","Punjab","Heavy Rain","01-08-2026","1","0","0","1","0","0","0","0","0.00","0","33.50","0","0","0"
"1243","Tripura","Other : Fire accident","01-08-2026","1","0","0","1","0","0","0","0","0.00","0","0.00","0","0","0"
"1244","Uttarakhand","Air, Road and Rail Accidents","01-08-2026","1","0","0","2","0","0","0","0","0.00","0","0.00","0","0","0"
"1245","Uttarakhand","Other : drowning","01-08-2026","1","0","0","4","0","0","0","0","0.00","0","0.00","0","0","0"
"1246","Uttarakhand","Other : Drowning","01-08-2026","1","0","0","1","0","0","0","0","0.00","0","0.00","0","0","0"
"1247","Uttarakhand","Other : electric current","01-08-2026","1","0","0","1","3","0","0","0","0.00","0","0.00","0","0","0"
"1248","West Bengal","Landslides and Mudflows","01-08-2026","1","2","5","0","0","0","2","0","0.00","0","0.00","0","0","0"
"1249","West Bengal","Other : Fall of Tree","01-08-2026","1","1","5","0","0","0","1","0","0.00","0","0.00","0","0","0"
"1250","West Bengal","Other : Structure Collapsed","01-08-2026","1","1","4","0","0","0","1","0","0.00","0","0.00","0","0","0"
"1251","West Bengal","Other : Wall Collapsed","01-08-2026","1","0","0","2","0","0","0","0","0.00","0","0.00","0","0","0"
"1252","Andaman and Nicobar Islands","Other : Light Rain","31-07-2026","1","0","0","0","0","0","0","0","0.00","0","0.00","0","0","0"
"1253","Andaman and Nicobar Islands","Other : No Event","31-07-2026","1","0","0","0","0","0","0","0","0.00","0","0.00","0","0","0"
"1254","Arunachal Pradesh","Floods","31-07-2026","2","5","2000","0","0","0","28","0","0.00","3623","0.00","0","1","12"
"1255","Arunachal Pradesh","Landslides and Mudflows","31-07-2026","2","2","210","0","0","0","2","0","0.00","1","0.00","0","0","0"
"1256","Assam","Flood","31-07-2026","1","0","0","0","0","0","0","0","0.00","0","0.00","0","0","0"
"1257","Assam","Floods","31-07-2026","4","102","42168","0","0","0","0","6777","1355.00","24","43.00","0","15","1173"
"1258","Assam","Hailstorm","31-07-2026","1","0","0","0","0","0","0","0","0.00","4","22.20","0","0","0"
"1259","Assam","Other : Erosion","31-07-2026","1","5","0","0","0","0","0","0","0.00","0","5.60","0","0","0"
"1260","Assam","Other : Storm","31-07-2026","1","1","4","0","0","0","1","0","0.00","0","38.74","0","0","0"
"1261","Assam","storm","31-07-2026","1","0","0","0","0","0","0","0","0.00","4","0.00","0","0","0"
"1262","Assam","Thunder and Lightening","31-07-2026","1","1","0","0","0","0","0","0","0.00","1","0.00","0","0","0"
"1263","Chhattisgarh","Drowning into the pond ","31-07-2026","1","0","0","2","0","0","0","0","0.00","0","0.00","0","0","0"
"1264","Gujarat","Floods","31-07-2026","1","13","0","0","0","0","0","0","0.00","0","7.00","4022","0","0"
"1265","Gujarat","Heavy Rain","31-07-2026","12","30","656","3","2","0","96","3","0.00","1","6168.58","5175","41","1348"
"1266","Gujarat","Thunder and Lightening","31-07-2026","3","18","0","0","0","2","23","187","0.00","0","362.00","0","0","0"
"1267","Himachal Pradesh","Air, Road and Rail Accidents","31-07-2026","2","0","0","0","1","0","0","0","0.00","0","8.00","0","0","0"
"1268","Himachal Pradesh","Heavy Rain","31-07-2026","2","6","24","0","0","0","4","3","0.00","0","6.80","0","0","0"
"1269","Himachal Pradesh","Other : ","31-07-2026","1","0","0","0","0","0","4","0","0.00","0","0.00","0","0","0"
"1270","Himachal Pradesh","Village Fire","31-07-2026","1","0","0","0","0","0","4","0","0.00","0","0.00","0","0","0"
"1271","Jharkhand","Air, Road and Rail Accidents","31-07-2026","1","0","1","1","0","0","0","0","0.00","0","0.00","0","0","0"
"1272","Jharkhand","Other : Snake bite on date - 30-07-2026","31-07-2026","1","0","0","0","0","0","0","0","0.00","0","0.00","0","0","0"
"1273","Karnataka","Heavy Rain","31-07-2026","5","0","0","1","2","0","20","0","0.00","0","117.00","0","0","0"
"1274","Kerala","Heavy Rain","31-07-2026","9","0","0","0","0","0","2","0","1.32","1","245.69","3","0","0"
"1275","Kerala","Other : ","31-07-2026","4","0","0","0","0","0","3","0","0.00","0","45.38","0","0","0"
"1276","Maharashtra","Other : Drowning","31-07-2026","1","0","0","1","0","0","0","0","0.00","0","75.70","0","0","0"
"1277","Maharashtra","Other : Structure Collapsed","31-07-2026","2","0","0","10","0","0","0","0","0.00","0","140.20","0","0","0"
"1278","Maharashtra","Thunder and Lightening","31-07-2026","2","0","0","1","0","0","0","1","0.00","0","93.10","0","0","0"
"1279","Odisha","Floods","31-07-2026","25","1493","778998","0","0","0","1288","1309","20454.00","0","86.90","270714","540","249459"
"1280","Puducherry","Heavy Rain","31-07-2026","4","0","0","2","0","0","0","0","0.00","0","10.40","0","0","0"
"1281","Punjab","Other : Rain","31-07-2026","1","1","0","0","0","1","0","0","0.00","0","20.50","0","0","0"
"1282","Sikkim","Other : ","31-07-2026","1","1","12","0","0","0","0","0","0.00","0","0.00","0","0","0"
"1283","Sikkim","Other : 0","31-07-2026","6","5","51","0","0","0","0","0","0.00","0","227.30","0","0","0"
"1284","Tripura","Heavy Rain","31-07-2026","1","0","0","0","0","0","2","0","0.00","0","0.00","0","0","0"
"1285","Uttarakhand","Air, Road and Rail Accidents","31-07-2026","2","0","0","0","2","0","0","0","0.00","0","0.00","0","0","0"
"1286","Uttarakhand","Other : Drowning","31-07-2026","1","0","0","2","0","0","0","0","0.00","0","0.00","0","0","0"
"1287","West Bengal","Heavy Rain","31-07-2026","1","2","20","0","0","0","0","0","0.00","0","16.50","20","1","17"
"1288","West Bengal","Other : Drowning","31-07-2026","1","0","1","1","0","0","0","0","0.00","0","0.00","0","0","0"
"1289","West Bengal","Other : Snake Bite or poisonous  animal bite","31-07-2026","1","0","2","2","0","0","0","0","0.00","0","0.00","0","0","0"
"1290","West Bengal","Thunder and Lightening","31-07-2026","2","2","4","3","0","0","0","0","0.00","0","38.70","0","0","0"
"1291","Andaman and Nicobar Islands","Other : ","30-07-2026","1","0","0","0","0","0","0","0","0.00","0","0.00","0","0","0"
"1292","Andaman and Nicobar Islands","Other : Light Rain","30-07-2026","1","0","0","0","0","0","0","0","0.00","0","0.00","0","0","0"
"1293","Arunachal Pradesh","Heavy Rain","30-07-2026","1","1","5","0","0","0","0","0","0.00","2","0.00","0","0","0"
"1294","Arunachal Pradesh","Landslides and Mudflows","30-07-2026","1","2","0","0","0","0","0","0","0.00","2","0.00","0","0","0"
"1295","Arunachal Pradesh","Other : Flash Flood","30-07-2026","2","38","3632","0","0","0","7","11","624.50","360","0.00","0","0","0"
"1296","Assam","Floods","30-07-2026","7","89","13546","0","0","0","0","2554","3570.90","25","237.71","0","7","416"
"1297","Assam","Lightning ","30-07-2026","1","0","0","0","0","0","0","0","0.00","8","0.00","0","0","0"
"1298","Assam","Other : Erosion","30-07-2026","1","5","0","0","0","0","0","0","0.00","0","0.09","0","0","0"
"1299","Assam","Other : Landslide","30-07-2026","1","1","0","0","0","0","0","0","0.00","0","2.40","0","0","0"
"1300","Assam","Other : Storm","30-07-2026","1","1","9","0","0","0","2","0","0.00","0","76.71","0","0","0"
"1301","Assam","Storm","30-07-2026","1","0","0","0","0","0","0","0","0.00","9","0.00","0","0","0"
"1302","Assam","Thunder and Lightening","30-07-2026","1","1","1","1","0","0","0","0","0.00","0","12.20","0","0","0"
"1303","Gujarat","Floods","30-07-2026","1","0","0","0","0","0","33","0","0.00","0","0.00","0","0","0"
"1304","Gujarat","Heavy Rain","30-07-2026","6","1","10","0","0","0","599","8","0.00","0","4983.25","0","0","0"
"1305","Gujarat","Thunder and Lightening","30-07-2026","1","0","0","0","0","0","6","1","0.00","0","0.00","0","0","0"
"1306","Haryana","Other : ","30-07-2026","1","0","0","0","0","0","0","0","0.00","0","0.00","0","0","0"
"1307","Himachal Pradesh","Air, Road and Rail Accidents","30-07-2026","1","0","0","11","11","0","0","0","0.00","0","55.00","0","0","0"
"1308","Himachal Pradesh","Heavy Rain","30-07-2026","5","10","50","0","0","0","6","0","0.00","8","6.00","0","0","0"
"1309","Himachal Pradesh","Other : ","30-07-2026","1","0","0","0","0","0","2","0","0.00","0","0.00","0","0","0"
"1310","Himachal Pradesh","Other : 0","30-07-2026","1","0","0","0","0","0","4","1","0.00","0","0.00","0","0","0"
"1311","Himachal Pradesh","Other : Rain, Road Accidents","30-07-2026","1","0","0","0","6","0","1","0","0.00","0","30.00","0","0","0"
"1312","Jharkhand","Other : ","30-07-2026","1","0","1","1","0","0","0","0","0.00","0","0.00","0","0","0"
"1313","Karnataka","Heavy Rain","30-07-2026","1","0","0","0","0","0","2","0","0.00","0","9.90","0","0","0"
"1314","Kerala","Heavy Rain","30-07-2026","7","0","0","0","0","0","5","0","0.00","0","139.19","0","0","0"
"1315","Kerala","Other : ","30-07-2026","3","0","0","0","0","0","0","0","1.00","0","90.21","0","0","0"
"1316","Kerala","Other : 0","30-07-2026","1","0","0","0","0","0","0","0","0.00","0","0.00","0","0","0"
"1317","Maharashtra","Heavy Rain","30-07-2026","1","0","0","0","0","0","16","3","0.00","0","0.80","0","0","0"
"1318","Maharashtra","Other : Drowning","30-07-2026","1","0","0","1","0","0","0","0","0.00","0","2.50","0","0","0"
"1319","Maharashtra","Thunder and Lightening","30-07-2026","1","0","0","0","0","0","4","1","0.00","0","37.90","0","0","0"
"1320","Nagaland","Landslides and Mudflows","30-07-2026","2","11","78","0","0","0","4","0","3.00","13","0.00","0","0","0"
"1321","Puducherry","Heavy Rain","30-07-2026","4","0","0","0","0","0","0","0","0.00","0","7.40","0","0","0"
"1322","Punjab","Heavy Rain","30-07-2026","2","1","0","1","0","0","1","0","0.00","0","35.86","0","0","0"
"1323","Sikkim","Heavy Rain","30-07-2026","4","2","65","0","0","0","0","0","0.00","0","48.60","0","0","0"
"1324","Sikkim","Other : ","30-07-2026","1","0","0","0","0","0","0","0","0.00","0","1.10","0","0","0"
"1325","Sikkim","Other : 0","30-07-2026","1","0","0","0","0","0","0","0","0.00","0","5.40","0","0","0"
"1326","Tripura","Heavy Rain","30-07-2026","1","0","0","0","0","0","2","0","0.00","0","0.00","0","0","0"
"1327","Tripura","Other : Drowning","30-07-2026","1","0","0","1","0","0","0","0","0.00","0","0.00","0","0","0"
"1328","West Bengal","Landslides and Mudflows","30-07-2026","1","0","0","0","0","0","0","0","0.00","0","13.50","0","1","8"
"1329","West Bengal","Major Building Collapse","30-07-2026","1","1","4","0","0","0","1","0","0.00","0","16.70","0","0","0"
"1330","West Bengal","Other : Snake bite","30-07-2026","1","0","1","1","0","0","0","0","0.00","0","4.00","0","0","0"
"1331","West Bengal","Other : Water Logging","30-07-2026","1","3","1200","0","0","0","0","0","0.00","0","9.80","0","0","0"
"1332","West Bengal","Thunder and Lightening","30-07-2026","1","0","1","1","0","0","0","0","0.00","0","20.80","0","0","0"
"1333","Andaman and Nicobar Islands","Other : ","29-07-2026","1","0","0","0","0","0","0","0","0.00","0","2.10","0","0","0"
"1334","Arunachal Pradesh","Floods","29-07-2026","1","1","4","0","0","0","0","64","0.00","0","0.00","0","0","0"
"1335","Arunachal Pradesh","Heavy Rain","29-07-2026","1","1","0","0","0","0","1","0","0.00","0","0.00","0","0","0"
"1336","Arunachal Pradesh","Landslides and Mudflows","29-07-2026","1","1","0","0","0","0","0","0","0.00","1","0.00","0","0","0"
"1337","Assam","Air, Road and Rail Accidents","29-07-2026","1","0","1","0","1","0","0","0","0.00","0","0.51","0","0","0"
"1338","Assam","Floods","29-07-2026","6","85","15702","0","0","0","0","4080","1919.50","44","134.18","0","7","422"
"1339","Assam","Other : Drowning","29-07-2026","2","0","0","7","0","0","0","0","0.00","0","3.06","0","0","0"
"1340","Assam","Other : Errosion","29-07-2026","1","1","0","0","0","0","0","0","0.00","1","3.38","0","0","0"
"1341","Assam","Sea Erosion","29-07-2026","1","2","14","0","0","0","0","0","0.00","0","0.20","0","0","0"
"1342","Assam","Thunder and Lightening","29-07-2026","3","12","0","0","0","0","0","0","0.00","52","9.58","0","0","0"
"1343","Gujarat","Floods","29-07-2026","2","10","0","0","0","0","6","42","0.00","0","13.00","0","0","0"
"1344","Gujarat","Heavy Rain","29-07-2026","12","3","30","4","0","0","897","73","0.00","0","4974.16","0","0","0"
"1345","Gujarat","Thunder and Lightening","29-07-2026","2","0","0","0","0","0","9","11","0.00","0","5.00","0","0","0"
"1346","Haryana","Other : Rain fall","29-07-2026","1","0","0","0","0","0","0","0","0.00","1","53.00","0","0","0"
"1347","Himachal Pradesh","Air, Road and Rail Accidents","29-07-2026","2","0","0","1","2","0","0","0","0.00","0","0.10","0","0","0"
"1348","Himachal Pradesh","Heavy Rain","29-07-2026","6","20","100","0","0","0","20","0","0.00","9","0.10","0","0","0"
"1349","Himachal Pradesh","Other : Cattle Live Loss","29-07-2026","1","0","0","0","0","0","0","0","0.00","0","3.60","0","0","0"
"1350","Himachal Pradesh","Other : Snakebite","29-07-2026","1","0","0","1","0","0","0","0","0.00","0","0.00","0","0","0"
"1351","Jammu and Kashmir","Cloud Burst","29-07-2026","1","0","0","0","0","0","0","3","0.00","0","0.00","0","0","0"
"1352","Jharkhand","Thunder and Lightening","29-07-2026","1","0","0","0","0","0","0","1","0.00","0","0.00","0","0","0"
"1353","Karnataka","Heavy Rain","29-07-2026","1","0","0","0","0","0","17","0","0.00","0","24.10","0","0","0"
"1354","Kerala","Floods","29-07-2026","1","0","0","0","0","0","0","0","0.00","0","20.76","0","0","0"
"1355","Kerala","Heavy Rain","29-07-2026","8","0","0","0","0","0","4","0","0.00","0","323.51","0","0","0"
"1356","Kerala","Other : ","29-07-2026","3","0","0","0","0","0","0","0","0.00","0","70.86","0","0","0"
"1357","Kerala","Other : 0","29-07-2026","1","0","0","0","0","0","0","0","0.00","0","0.00","0","0","0"
"1358","Maharashtra","Heavy Rain","29-07-2026","1","0","0","0","0","0","15","1","0.00","0","1.60","0","0","0"
"1359","Maharashtra","Other : Drowning","29-07-2026","2","0","0","2","0","0","0","0","0.00","0","0.00","0","0","0"
"1360","Maharashtra","Other : Electric Shock","29-07-2026","2","0","0","0","0","0","0","3","0.00","0","0.00","0","0","0"
"1361","Maharashtra","Thunder and Lightening","29-07-2026","1","0","0","1","2","0","0","0","0.00","0","0.00","0","0","0"
"1362","Mizoram","Landslides and Mudflows","29-07-2026","2","2","0","0","0","0","0","0","0.00","0","0.00","0","0","0"
"1363","Nagaland","Landslides and Mudflows","29-07-2026","1","5","9","2","1","0","1","0","2.00","0","38.60","0","0","0"
"1364","Puducherry","Heavy Rain","29-07-2026","2","0","0","0","0","0","0","0","0.00","0","63.20","0","0","0"
"1365","Sikkim","Heavy Rain","29-07-2026","1","1","12","0","0","0","0","0","0.00","0","3.30","0","0","0"
"1366","Sikkim","Other : 0","29-07-2026","5","3","5","0","0","0","0","0","0.00","0","3.30","0","0","0"
"1367","Tripura","Other : Drowning","29-07-2026","1","0","0","1","0","0","0","0","0.00","0","0.00","0","0","0"
"1368","Uttarakhand","Air, Road and Rail Accidents","29-07-2026","2","0","0","0","1","0","0","0","0.00","0","0.00","0","0","0"
"1369","Uttarakhand","Other : wild animal attack","29-07-2026","1","0","0","0","1","0","0","0","0.00","0","0.00","0","0","0"
"1370","West Bengal","Landslides and Mudflows","29-07-2026","1","1","5","0","0","0","1","0","0.00","0","0.00","0","0","0"
"1371","West Bengal","Other : Drowning","29-07-2026","2","2","2","2","0","0","0","0","0.00","0","0.00","1","0","0"
"1372","West Bengal","Other : Drowning and other","29-07-2026","1","15","252","1","0","0","0","0","0.00","0","0.00","15","2","60"
"1373","West Bengal","Other : Landslide & Fire","29-07-2026","1","1","4","0","0","0","1","0","0.00","0","0.00","4","1","8"
"1374","West Bengal","Thunder and Lightening","29-07-2026","1","0","0","1","0","0","0","0","0.00","0","0.00","0","0","0"
"1375","Andaman and Nicobar Islands","Other : Light Rain","28-07-2026","1","0","0","0","0","0","0","0","0.00","0","11.80","0","0","0"
"1376","Arunachal Pradesh","Heavy Rain","28-07-2026","1","1","0","0","0","0","0","0","0.40","0","0.00","0","0","0"
"1377","Arunachal Pradesh","Landslides and Mudflows","28-07-2026","2","4","0","0","0","0","0","0","0.40","3","0.00","0","0","0"
"1378","Assam","Air, Road and Rail Accidents","28-07-2026","1","0","0","0","1","0","0","0","0.00","0","0.00","0","0","0"
"1379","Assam","Floods","28-07-2026","5","129","35438","0","0","0","0","11960","3359.40","26","16.30","0","7","604"
"1380","Assam","Sea Erosion","28-07-2026","1","3","9","0","0","0","0","0","0.00","0","0.00","0","0","0"
"1381","Assam","Thunder and Lightening","28-07-2026","1","2","0","0","0","0","0","0","0.00","1","27.20","0","0","0"
"1382","Gujarat","Floods","28-07-2026","1","12","0","0","0","0","622","199","0.00","0","1.00","0","0","0"
"1383","Gujarat","Heavy Rain","28-07-2026","13","15","82","8","0","0","366","412","0.00","2","5168.40","82","0","0"
"1384","Gujarat","Other : ","28-07-2026","1","0","0","0","0","0","1","0","0.00","0","47.00","0","0","0"
"1385","Gujarat","Thunder and Lightening","28-07-2026","4","0","0","1","0","0","38","48","0.00","0","203.29","0","0","0"
"1386","Himachal Pradesh","Air, Road and Rail Accidents","28-07-2026","1","1","5","5","0","0","0","0","0.00","0","0.00","0","0","0"
"1387","Himachal Pradesh","Floods","28-07-2026","1","9","195","0","0","0","27","0","0.00","0","0.00","0","0","0"
"1388","Himachal Pradesh","Heavy Rain","28-07-2026","4","0","0","1","0","0","9","0","0.00","0","63.95","0","0","0"
"1389","Himachal Pradesh","Other : ","28-07-2026","3","0","0","3","0","0","7","1","0.00","0","0.00","1","0","0"
"1390","Himachal Pradesh","Other : Road Accident , Fire & Rain","28-07-2026","1","0","0","0","1","0","0","0","0.00","0","0.30","0","0","0"
"1391","Jammu and Kashmir","Other : DROWNING","28-07-2026","1","0","0","1","0","0","0","0","0.00","0","0.00","0","0","0"
"1392","Jharkhand","Heavy Rain","28-07-2026","1","0","0","0","0","0","1","0","0.00","0","4411.90","0","0","0"
"1393","Jharkhand","Other : Drawning ","28-07-2026","1","0","4","1","0","0","0","0","0.00","0","5.00","0","0","0"
"1394","Karnataka","Heavy Rain","28-07-2026","2","0","0","0","0","0","7","0","0.00","0","46.10","0","0","0"
"1395","Kerala","Heavy Rain","28-07-2026","7","0","0","0","0","0","0","0","0.00","0","68.67","0","0","0"
"1396","Kerala","Other : ","28-07-2026","4","0","0","0","0","0","0","0","0.17","0","56.97","0","0","0"
"1397","Maharashtra","Heavy Rain","28-07-2026","1","0","0","0","0","0","16","4","0.00","0","2.60","0","0","0"
"1398","Maharashtra","Other : Structure Collapsed ","28-07-2026","1","0","0","1","0","0","0","0","0.00","0","36.10","0","0","0"
"1399","Maharashtra","Other : Unknown","28-07-2026","1","0","0","0","0","0","0","3","0.00","0","7.70","0","0","0"
"1400","Maharashtra","Thunder and Lightening","28-07-2026","1","0","0","0","0","0","0","1","0.00","0","7.70","0","0","0"
"1401","Meghalaya","Floods","28-07-2026","4","23","4","0","0","0","0","0","47.50","1","684.00","0","0","0"
"1402","Meghalaya","Landslides and Mudflows","28-07-2026","1","1","70","0","0","0","0","0","0.00","0","171.00","0","0","0"
"1403","Nagaland","Landslides and Mudflows","28-07-2026","2","3","9","0","0","0","0","0","2.00","1","0.00","0","0","0"
"1404","Puducherry","Heavy Rain","28-07-2026","2","0","0","0","0","0","0","0","0.00","0","40.60","0","0","0"
"1405","Punjab","Heavy Rain","28-07-2026","2","2","0","0","0","0","3","0","0.00","0","35.00","0","0","0"
"1406","Sikkim","Heavy Rain","28-07-2026","3","2","49","0","0","0","0","0","0.00","0","0.00","0","0","0"
"1407","Sikkim","Other : 0","28-07-2026","3","0","0","0","0","0","0","0","0.00","0","0.00","0","0","0"
"1408","West Bengal","Landslides and Mudflows","28-07-2026","2","1","3","0","0","0","1","0","0.00","0","0.00","0","1","8"
"1409","West Bengal","Other : Drowning","28-07-2026","2","3","3","3","0","0","0","0","0.00","0","0.00","0","0","0"
"1410","West Bengal","Other : Snake Bite","28-07-2026","1","0","0","1","0","0","0","0","0.00","0","0.00","0","0","0"
"1411","West Bengal","Thunder and Lightening","28-07-2026","1","1","1","1","0","0","0","0","0.00","0","0.00","0","0","0"
"1412","Andaman and Nicobar Islands","Other : Moderate Rain","27-07-2026","1","0","0","0","0","0","0","0","0.00","0","58.00","0","0","0"
"1413","Andaman and Nicobar Islands","Other : No Event","27-07-2026","1","0","0","1","0","0","0","0","0.00","0","0.00","0","0","0"
"1414","Assam","Air, Road and Rail Accidents","27-07-2026","1","0","1","1","0","0","0","0","0.00","0","0.51","0","0","0"
"1415","Assam","Floods","27-07-2026","5","184","42716","0","0","0","0","49391","4908.34","2","14.31","0","10","1097"
"1416","Assam","Other : ","27-07-2026","1","21","0","0","0","0","0","0","0.00","9","0.00","0","0","0"
"1417","Assam","Other : Drowning","27-07-2026","2","3","4","1","0","2","0","0","0.00","0","0.00","0","0","0"
"1418","Assam","Other : Erosion","27-07-2026","1","2","0","0","0","0","0","0","0.00","0","0.00","0","0","0"
"1419","Assam","Other : LANDSLIDE ","27-07-2026","1","2","0","0","0","0","0","0","0.00","0","13.00","0","0","0"
"1420","Gujarat","Floods","27-07-2026","2","19","0","1","0","0","155","177","0.00","0","8.50","0","0","0"
"1421","Gujarat","Heavy Rain","27-07-2026","15","6","416","3","1","0","697","56","0.00","0","5457.90","1926","0","0"
"1422","Gujarat","Thunder and Lightening","27-07-2026","2","0","0","0","0","0","3","0","0.00","0","29.60","0","0","0"
"1423","Himachal Pradesh","Air, Road and Rail Accidents","27-07-2026","3","3","4","9","55","1","0","0","0.00","0","25.10","0","0","0"
"1424","Himachal Pradesh","Electrical Disasters and fires","27-07-2026","1","0","0","1","0","0","0","0","0.00","0","0.00","0","0","0"
"1425","Himachal Pradesh","Floods","27-07-2026","1","0","0","0","0","0","0","0","0.00","0","0.00","0","0","0"
"1426","Himachal Pradesh","Heavy Rain","27-07-2026","2","2","8","0","0","0","1","0","0.00","0","17.20","0","0","0"
"1427","Himachal Pradesh","Landslides and Mudflows","27-07-2026","1","0","0","0","0","0","1","0","0.00","0","7.20","0","0","0"
"1428","Himachal Pradesh","Other : 0","27-07-2026","2","0","0","1","1","0","0","0","0.00","0","21.73","0","0","0"
"1429","Himachal Pradesh","Other : Electrocution & Heavy Rain","27-07-2026","1","0","0","1","0","0","0","0","0.00","0","7.80","0","0","0"
"1430","Jharkhand","Thunder and Lightening","27-07-2026","2","1","1","1","0","0","0","1","0.00","0","5.00","0","0","0"
"1431","Karnataka","Heavy Rain","27-07-2026","2","0","0","0","0","0","1","1","0.00","0","13.80","0","0","0"
"1432","Karnataka","Thunder and Lightening","27-07-2026","1","0","0","0","0","0","0","1","0.00","0","0.30","0","0","0"
"1433","Kerala","Heavy Rain","27-07-2026","7","0","0","0","0","0","2","0","0.00","0","76.68","0","0","0"
"1434","Kerala","Other : ","27-07-2026","4","0","0","0","0","0","0","0","0.00","0","11.78","0","0","0"
"1435","Maharashtra","Electrical Disasters and fires","27-07-2026","1","0","0","1","0","0","0","0","0.00","0","0.00","0","0","0"
"1436","Maharashtra","Floods","27-07-2026","1","0","0","2","0","0","0","0","0.00","0","40.90","0","0","0"
"1437","Maharashtra","Food Poisoning","27-07-2026","1","0","0","0","40","0","0","0","0.00","0","0.00","0","0","0"
"1438","Maharashtra","Heavy Rain","27-07-2026","1","0","0","0","0","0","0","3","0.00","0","13.20","0","0","0"
"1439","Maharashtra","Other : Drowning","27-07-2026","1","0","0","1","0","0","0","0","0.00","0","40.90","0","0","0"
"1440","Maharashtra","Other : Snakebite","27-07-2026","1","0","0","1","0","0","0","0","0.00","0","13.20","0","0","0"
"1441","Maharashtra","Urban Fires","27-07-2026","1","0","0","0","1","0","0","0","0.00","0","12.00","0","0","0"
"1442","Meghalaya","Other : ","27-07-2026","1","1","1","1","0","0","0","0","0.00","0","663.10","0","0","0"
"1443","Nagaland","Landslides and Mudflows","27-07-2026","1","2","0","0","0","0","2","0","1.00","1","0.00","0","0","0"
"1444","Puducherry","Heavy Rain","27-07-2026","4","0","0","0","0","0","0","0","0.00","0","11.00","0","0","0"
"1445","Sikkim","Heavy Rain","27-07-2026","2","2","11","0","0","0","0","0","0.00","0","5.50","0","0","0"
"1446","Sikkim","Other : 0","27-07-2026","4","0","0","0","0","0","0","0","0.00","0","17.90","0","0","0"
"1447","Uttarakhand","Other : Animal attack.","27-07-2026","1","0","0","0","1","0","0","0","0.00","0","0.00","0","0","0"
"1448","West Bengal","Landslides and Mudflows","27-07-2026","1","0","0","0","0","0","0","0","0.00","0","0.00","8","1","8"
"1449","West Bengal","Other : Drowning","27-07-2026","1","0","0","1","0","0","0","0","0.00","0","0.00","0","0","0"
"1450","West Bengal","Thunder and Lightening","27-07-2026","1","1","1","1","0","0","0","0","0.00","0","0.00","0","0","0"
"1451","Andaman and Nicobar Islands","Thunder and Lightening","26-07-2026","1","0","0","0","0","0","0","0","0.00","0","17.80","0","0","0"
"1452","Assam","Floods","26-07-2026","7","75","1774","0","0","0","0","19361","2618.50","1","0.00","0","0","0"
"1453","Assam","Hailstorm","26-07-2026","1","1","4","0","0","0","1","0","0.00","0","1.20","0","0","0"
"1454","Assam","Other : Erosion","26-07-2026","2","5","0","0","0","0","0","0","2.00","0","0.00","0","0","0"
"1455","Assam","Other : Industrial Disaster","26-07-2026","1","1","5","4","0","0","0","0","0.00","0","0.10","0","0","0"
"1456","Assam","Other : Storm","26-07-2026","2","18","10","0","0","0","2","0","0.00","13","0.00","0","0","0"
"1457","Assam","Other : Urban Flood","26-07-2026","1","2","86","0","0","0","0","0","0.00","0","0.00","0","1","86"
"1458","Assam","Thunder and Lightening","26-07-2026","2","7","0","0","0","0","0","0","0.00","14","0.00","0","0","0"
"1459","Assam","Village Fire","26-07-2026","1","1","4","0","0","0","1","0","0.00","0","0.00","0","0","0"
"1460","Chhattisgarh","Other : DISASTER DROWNING","26-07-2026","1","0","0","1","0","1","0","0","0.00","0","0.00","0","0","0"
"1461","Chhattisgarh","Other : DISASTER DROWNING ","26-07-2026","3","0","0","4","0","0","0","0","0.00","0","0.00","0","0","0"
"1462","Chhattisgarh","Thunder and Lightening","26-07-2026","3","0","0","4","9","0","0","0","0.00","0","0.00","0","0","0"
"1463","Gujarat","Floods","26-07-2026","2","26","1800","3","0","0","166","41","0.00","0","29.20","36","0","0"
"1464","Gujarat","Heavy Rain","26-07-2026","19","11","972","15","2","0","1010","96","0.00","0","5969.99","996","1","60"
"1465","Gujarat","Thunder and Lightening","26-07-2026","2","0","0","0","0","0","7","2","0.00","0","73.00","0","0","0"
"1466","Himachal Pradesh","Air, Road and Rail Accidents","26-07-2026","4","0","0","2","7","0","1","0","0.00","1","0.00","0","0","0"
"1467","Himachal Pradesh","Heavy Rain","26-07-2026","1","0","0","0","0","0","2","0","0.00","0","18.70","0","0","0"
"1468","Himachal Pradesh","Other : ","26-07-2026","1","0","0","0","2","0","0","0","0.00","0","7.80","0","0","0"
"1469","Himachal Pradesh","Other : 0","26-07-2026","2","0","0","1","1","0","7","0","0.00","0","6.50","0","0","0"
"1470","Himachal Pradesh","Other : rainfall","26-07-2026","1","0","0","0","0","0","1","0","0.00","0","0.00","0","0","0"
"1471","Himachal Pradesh","Village Fire","26-07-2026","1","0","0","0","0","0","0","0","0.00","0","0.00","0","0","0"
"1472","Jammu and Kashmir","Landslides and Mudflows","26-07-2026","1","0","0","1","2","0","0","0","0.00","0","0.00","0","0","0"
"1473","Kerala","Air, Road and Rail Accidents","26-07-2026","1","0","0","2","53","0","0","0","0.00","0","7.30","0","0","0"
"1474","Kerala","Floods","26-07-2026","1","0","0","0","0","0","0","0","0.00","0","0.00","0","0","0"
"1475","Kerala","Heavy Rain","26-07-2026","7","0","0","0","0","0","0","0","0.00","0","38.21","0","0","0"
"1476","Kerala","Other : ","26-07-2026","2","0","0","0","0","0","0","0","0.00","0","9.75","0","0","0"
"1477","Kerala","Other : 0","26-07-2026","1","0","0","0","0","0","0","0","0.00","0","1.03","0","0","0"
"1478","Kerala","Other : no disaster. ","26-07-2026","1","0","0","0","0","0","0","0","0.00","0","17.23","0","0","0"
"1479","Maharashtra","Electrical Disasters and fires","26-07-2026","2","0","0","1","0","0","0","3","0.00","0","0.00","0","0","0"
"1480","Maharashtra","Floods","26-07-2026","1","0","0","0","0","0","0","1","0.00","0","0.00","0","0","0"
"1481","Maharashtra","Heavy Rain","26-07-2026","1","0","0","0","0","0","197","8","0.00","0","3.52","0","0","0"
"1482","Maharashtra","Landslides and Mudflows","26-07-2026","1","0","0","0","0","0","4","8","0.00","0","3.52","0","0","0"
"1483","Maharashtra","Other : Drowning","26-07-2026","1","0","0","1","0","0","0","0","0.00","0","0.00","0","0","0"
"1484","Maharashtra","Other : House Collapse - 2 male injured","26-07-2026","1","0","0","0","2","0","0","0","0.00","0","0.00","0","0","0"
"1485","Mizoram","Electrical Disasters and fires","26-07-2026","1","1","2","0","0","0","1","0","0.00","1","0.00","2","0","0"
"1486","Puducherry","Heavy Rain","26-07-2026","4","0","0","0","0","0","0","0","0.00","0","19.60","0","0","0"
"1487","Uttarakhand","Air, Road and Rail Accidents","26-07-2026","1","0","0","0","5","0","0","0","0.00","0","0.00","0","0","0"
"1488","Uttarakhand","Other : drowning","26-07-2026","1","0","0","1","0","0","0","0","0.00","0","0.00","0","0","0"
"1489","West Bengal","Other : Drowning","26-07-2026","3","1","2","5","0","0","0","0","0.00","0","0.00","0","0","0"
"1490","Andaman and Nicobar Islands","Other : ","25-07-2026","1","0","0","0","0","0","0","0","0.00","0","0.10","0","0","0"
"1491","Assam","Air, Road and Rail Accidents","25-07-2026","1","0","0","0","2","0","0","0","0.00","0","0.00","0","0","0"
"1492","Assam","Electrical Disasters and fires","25-07-2026","1","1","12","0","0","0","2","1","0.00","0","0.00","0","0","0"
"1493","Assam","Floods","25-07-2026","7","216","44562","0","0","0","0","28658","6740.44","39","1.00","13","14","1298"
"1494","Assam","Other : Erosion","25-07-2026","1","1","0","0","0","0","0","0","0.00","0","0.00","0","0","0"
"1495","Assam","Other : Fire incident","25-07-2026","1","0","0","0","0","0","0","0","0.00","0","0.50","0","0","0"
"1496","Assam","Other : LANDSLIDE ","25-07-2026","1","13","13","0","0","0","5","0","0.00","0","1.10","0","0","0"
"1497","Assam","Other : Urban Flood","25-07-2026","1","2","86","0","0","0","0","0","0.00","0","0.00","0","1","86"
"1498","Gujarat","Floods","25-07-2026","3","53","0","2","0","0","153","66","0.00","0","88.50","563","0","0"
"1499","Gujarat","Heavy Rain","25-07-2026","23","47","30428","51","1","0","532","288","0.00","9","7667.91","12180","28","2176"
"1500","Gujarat","Thunder and Lightening","25-07-2026","2","0","0","0","0","0","2","3","0.00","0","254.00","0","0","0"
"1501","Himachal Pradesh","Air, Road and Rail Accidents","25-07-2026","3","0","0","3","3","0","0","0","0.00","0","22.00","0","0","0"
"1502","Himachal Pradesh","Heavy Rain","25-07-2026","4","8","36","0","0","0","9","0","0.00","4","120.00","0","0","0"
"1503","Himachal Pradesh","Landslides and Mudflows","25-07-2026","2","1","1","13","1","0","0","0","0.00","0","113.10","0","0","0"
"1504","Himachal Pradesh","Other : ","25-07-2026","1","0","0","0","3","0","0","0","0.00","2","0.00","0","0","0"
"1505","Himachal Pradesh","Other : Fall from cliff","25-07-2026","1","1","1","1","0","0","0","0","0.00","0","113.10","0","0","0"
"1506","Jharkhand","Air, Road and Rail Accidents","25-07-2026","1","0","0","1","2","0","0","0","0.00","0","0.00","0","0","0"
"1507","Jharkhand","Other","25-07-2026","1","1","25","0","3","0","4","0","0.00","0","0.00","0","0","0"
"1508","Jharkhand","Other : No Event","25-07-2026","1","0","0","0","0","0","0","0","0.00","0","3893.70","0","0","0"
"1509","Jharkhand","Thunder and Lightening","25-07-2026","1","0","0","1","0","0","0","0","0.00","0","0.00","0","0","0"
"1510","Kerala","Heavy Rain","25-07-2026","8","0","0","0","0","0","1","0","0.00","0","49.63","0","0","0"
"1511","Kerala","Other : ","25-07-2026","3","0","0","0","0","0","0","0","0.00","0","7.04","0","0","0"
"1512","Kerala","Other : 0","25-07-2026","1","0","0","0","0","0","0","0","0.00","0","0.29","0","0","0"
"1513","Kerala","Other : Human-Wildlife Conflict","25-07-2026","1","0","0","0","1","0","0","0","0.00","0","7.61","0","0","0"
"1514","Kerala","Other : no disaster","25-07-2026","2","0","0","0","0","0","0","0","0.00","0","19.50","0","0","0"
"1515","Maharashtra","Floods","25-07-2026","2","0","0","6","0","0","0","0","0.00","0","57.20","0","0","0"
"1516","Maharashtra","Heavy Rain","25-07-2026","1","0","0","0","0","0","38","4","0.00","0","3.30","0","0","0"
"1517","Maharashtra","Other : Drowning","25-07-2026","1","0","0","1","0","0","0","0","0.00","0","4.60","0","0","0"
"1518","Maharashtra","Other : Fire","25-07-2026","1","0","0","0","3","0","0","0","0.00","0","28.60","0","0","0"
"1519","Maharashtra","Other : Structure Collapsed","25-07-2026","1","0","0","0","1","0","0","0","0.00","0","4.60","0","0","0"
"1520","Meghalaya","Landslides and Mudflows","25-07-2026","1","2","0","0","0","0","0","0","0.00","0","5.90","0","0","0"
"1521","Mizoram","Landslides and Mudflows","25-07-2026","1","1","0","0","0","0","0","0","0.00","0","0.00","0","0","0"
"1522","Puducherry","Heavy Rain","25-07-2026","1","0","0","0","0","0","0","0","0.00","0","11.80","0","0","0"
"1523","Sikkim","Landslides and Mudflows","25-07-2026","1","2","30","2","4","0","0","0","0.00","0","21.30","0","0","0"
"1524","Uttarakhand","Air, Road and Rail Accidents","25-07-2026","2","0","0","2","3","0","0","0","0.00","0","0.00","0","0","0"
"1525","Uttarakhand","Heavy Rain","25-07-2026","4","0","0","0","0","0","32","0","0.00","0","0.00","0","0","0"
"1526","Uttarakhand","Other : Drowning","25-07-2026","3","0","0","3","0","0","0","0","0.00","0","0.00","0","0","0"
"1527","Uttarakhand","Thunder and Lightening","25-07-2026","1","0","0","0","0","0","1","159","0.00","0","0.00","0","0","0"
"1528","West Bengal","Other : Drowning","25-07-2026","2","0","0","2","0","0","0","0","0.00","0","0.00","0","0","0"
"1529","West Bengal","Thunder and Lightening","25-07-2026","1","0","0","1","0","0","0","0","0.00","0","0.00","0","0","0"
"1530","Andaman and Nicobar Islands","Other : ","24-07-2026","1","0","0","0","0","0","0","0","0.00","0","0.90","0","0","0"
"1531","Arunachal Pradesh","Floods","24-07-2026","1","0","0","0","0","0","0","0","0.00","1","0.00","0","0","0"
"1532","Arunachal Pradesh","Heavy Rain","24-07-2026","1","1","0","0","0","0","0","0","0.00","36","0.00","0","0","0"
"1533","Arunachal Pradesh","Landslides and Mudflows","24-07-2026","1","15","0","0","0","0","0","0","0.00","13","0.00","0","0","0"
"1534","Arunachal Pradesh","Other : Flash Flood","24-07-2026","1","1","20","0","0","0","8","0","0.00","0","0.00","0","0","0"
"1535","Arunachal Pradesh","Other : Storm","24-07-2026","1","0","0","0","0","0","0","0","0.00","18","0.00","0","0","0"
"1536","Assam","Floods","24-07-2026","10","269","43563","0","0","0","2","45838","7011.41","32","97.30","0","12","1304"
"1537","Assam","Landslides and Mudflows","24-07-2026","1","0","3","0","0","0","1","0","0.00","0","27.20","0","0","0"
"1538","Assam","Other : 0","24-07-2026","1","0","0","0","0","0","0","0","0.00","1","25.20","0","0","0"
"1539","Assam","Other : Drowning Incident (Not Related to Flood)","24-07-2026","1","0","0","2","0","0","0","0","0.00","0","0.00","0","0","0"
"1540","Assam","Other : Erosion","24-07-2026","2","2","0","0","0","0","0","0","3.47","0","7.80","0","0","0"
"1541","Assam","Other : Landslide","24-07-2026","1","1","0","0","0","0","0","0","0.00","0","11.90","0","0","0"
"1542","Assam","Other : LANDSLIDE ","24-07-2026","1","1","4","0","0","0","0","0","0.00","0","9.70","0","0","0"
"1543","Assam","Other : Lightning","24-07-2026","1","1","1","1","0","0","0","0","0.00","0","9.70","0","0","0"
"1544","Assam","Other : Urban Flood","24-07-2026","1","2","86","0","0","0","0","0","0.00","0","11.90","0","1","86"
"1545","Assam","Sea Erosion","24-07-2026","1","3","0","0","0","0","0","0","0.00","0","6.00","0","0","0"
"1546","Assam","Thunder and Lightening","24-07-2026","2","3","0","0","0","0","0","1","0.00","2","22.38","0","0","0"
"1547","Gujarat","Floods","24-07-2026","1","0","0","0","0","0","16","0","0.00","0","1089.00","382","0","0"
"1548","Gujarat","Heavy Rain","24-07-2026","21","147","20444","12","1","0","300","28","0.00","0","10266.51","17198","18","1959"
"1549","Gujarat","Thunder and Lightening","24-07-2026","1","0","0","0","0","0","2","0","0.00","0","376.00","0","0","0"
"1550","Haryana","Other : ","24-07-2026","2","0","0","0","0","0","0","0","0.00","0","7.00","0","0","0"
"1551","Himachal Pradesh","Air, Road and Rail Accidents","24-07-2026","1","0","0","0","1","0","1","0","16.00","0","0.00","40","0","0"
"1552","Himachal Pradesh","Heavy Rain","24-07-2026","5","5","20","0","0","0","12","0","0.00","0","224.80","0","0","0"
"1553","Himachal Pradesh","Other : ","24-07-2026","2","0","0","0","0","0","7","0","0.00","0","13.40","0","0","0"
"1554","Jharkhand","Other : no event","24-07-2026","1","0","0","0","0","0","0","0","0.00","0","3287.20","0","0","0"
"1555","Karnataka","Heavy Rain","24-07-2026","3","0","0","0","0","0","8","0","0.00","0","53.00","0","0","0"
"1556","Kerala","Heavy Rain","24-07-2026","7","0","0","0","0","0","1","0","0.00","0","112.69","0","0","0"
"1557","Kerala","Other : ","24-07-2026","5","0","0","0","0","0","2","0","0.00","0","39.08","0","0","0"
"1558","Kerala","Other : 0","24-07-2026","1","0","0","0","0","0","0","0","0.00","0","0.00","0","0","0"
"1559","Maharashtra","Floods","24-07-2026","1","0","0","1","0","0","0","0","0.00","0","40.60","0","0","0"
"1560","Maharashtra","Heavy Rain","24-07-2026","1","0","0","0","0","0","0","4","0.00","0","24.40","0","0","0"
"1561","Maharashtra","Other : Tree Fall","24-07-2026","1","0","0","1","0","0","0","0","0.00","0","61.60","0","0","0"
"1562","Maharashtra","Thunder and Lightening","24-07-2026","1","0","0","0","0","0","0","1","0.00","0","8.60","0","0","0"
"1563","Meghalaya","Floods","24-07-2026","1","2","18","0","0","0","0","0","15.00","0","8.60","0","0","0"
"1564","Meghalaya","Landslides and Mudflows","24-07-2026","1","12","3342","0","0","0","0","0","0.00","3","8.60","0","0","0"
"1565","Meghalaya","Village Fire","24-07-2026","2","2","24","0","0","0","3","0","0.00","0","17.20","0","0","0"
"1566","Puducherry","Heavy Rain","24-07-2026","4","0","0","0","0","0","0","0","0.00","0","47.80","0","0","0"
"1567","Punjab","Heavy Rain","24-07-2026","1","0","0","0","0","0","0","0","0.00","0","36.50","0","0","0"
"1568","Punjab","Other : Rain","24-07-2026","1","1","0","0","1","0","1","0","0.00","0","0.00","0","0","0"
"1569","West Bengal","Landslides and Mudflows","24-07-2026","1","4","15","0","0","0","4","0","0.00","0","4.10","0","1","8"
"1570","West Bengal","Other : Erosion with Average Rainfall","24-07-2026","1","3","800","0","0","0","0","0","0.00","0","4.50","0","0","0"
"1571","West Bengal","Other : LIGHT RAINFALL","24-07-2026","1","20","0","0","0","0","0","0","0.00","0","74.40","0","0","0"
"1572","Andaman and Nicobar Islands","Other : ","23-07-2026","1","0","0","0","0","0","0","0","0.00","0","0.00","0","0","0"
"1573","Andhra Pradesh","Air, Road and Rail Accidents","23-07-2026","1","0","20","0","0","0","0","0","0.00","0","0.00","0","0","0"
"1574","Andhra Pradesh","Chemical and industrial Disasters","23-07-2026","1","0","11","0","0","0","0","0","0.00","0","0.00","0","0","0"
"1575","Arunachal Pradesh","Floods","23-07-2026","1","2","0","0","0","0","0","0","0.00","0","0.00","0","0","0"
"1576","Arunachal Pradesh","others","23-07-2026","1","2","0","0","0","0","0","0","0.00","0","0.00","0","0","0"
"1577","Assam","Floods","23-07-2026","8","296","44846","0","0","0","0","37325","6422.21","95","23.74","12","20","1685"
"1578","Assam","Other : ","23-07-2026","1","5","20","0","0","0","0","0","0.00","0","0.00","0","0","0"
"1579","Assam","Other : 0","23-07-2026","1","1","0","0","0","0","0","0","0.00","1","29.40","0","0","0"
"1580","Assam","Other : General Drowning","23-07-2026","1","1","1","1","0","0","0","0","0.00","0","0.00","0","0","0"
"1581","Assam","Other : landslide","23-07-2026","1","1","2","0","0","0","1","0","0.00","0","7.40","0","0","0"
"1582","Assam","Other : Non Flood Drowning ","23-07-2026","1","0","0","1","0","0","0","0","0.00","0","0.00","0","0","0"
"1583","Assam","Other : Urban Flood","23-07-2026","1","5","86","0","0","0","0","0","0.00","0","0.10","0","1","86"
"1584","Assam","Thunder and Lightening","23-07-2026","1","0","0","0","0","0","0","1","0.00","0","0.00","0","0","0"
"1585","Gujarat","Floods","23-07-2026","1","198","13106","1","1","0","38","18","0.00","0","253.86","13106","0","0"
"1586","Gujarat","Heavy Rain","23-07-2026","9","2","0","1","0","0","8","1","0.00","0","661.51","2810","0","0"
"1587","Haryana","Other : ","23-07-2026","1","0","0","0","0","0","0","0","0.00","0","1.00","0","0","0"
"1588","Himachal Pradesh","Air, Road and Rail Accidents","23-07-2026","1","0","0","0","1","0","0","0","0.00","0","0.00","0","0","0"
"1589","Himachal Pradesh","Floods","23-07-2026","1","0","0","0","0","0","0","0","0.00","52","0.00","0","0","0"
"1590","Himachal Pradesh","Heavy Rain","23-07-2026","5","15","52","0","0","0","17","0","0.00","0","115.10","0","0","0"
"1591","Himachal Pradesh","Other : -","23-07-2026","1","0","0","0","0","0","32","0","0.00","0","0.00","0","0","0"
"1592","Jammu and Kashmir","Floods","23-07-2026","1","0","0","2","0","0","0","0","0.00","0","0.00","0","0","0"
"1593","Jammu and Kashmir","Landslides and Mudflows","23-07-2026","3","0","0","4","0","0","0","0","0.00","0","0.00","0","0","0"
"1594","Jharkhand","Air, Road and Rail Accidents","23-07-2026","1","0","2","2","0","0","0","0","0.00","0","0.00","0","0","0"
"1595","Karnataka","Heavy Rain","23-07-2026","3","0","0","1","4","0","17","0","0.00","0","59.30","0","0","0"
"1596","Kerala","Floods","23-07-2026","1","0","0","0","0","0","0","0","0.00","0","0.00","0","0","0"
"1597","Kerala","Heavy Rain","23-07-2026","8","0","0","0","0","0","1","0","0.00","0","142.23","0","0","0"
"1598","Kerala","Other : ","23-07-2026","3","0","0","0","0","0","1","0","0.00","0","25.95","0","0","0"
"1599","Maharashtra","Other : Animal Attack","23-07-2026","1","0","0","1","0","0","0","0","0.00","0","16.40","0","0","0"
"1600","Maharashtra","Other : Structure Collapsed","23-07-2026","1","0","0","0","3","0","0","0","0.00","0","45.50","0","0","0"
"1601","Maharashtra","Other : Under Construction iron Rods Collapsed","23-07-2026","1","0","0","0","1","0","0","0","0.00","0","95.00","0","0","0"
"1602","Puducherry","Heavy Rain","23-07-2026","4","0","0","0","0","0","0","0","0.00","0","47.20","0","0","0"
"1603","Punjab","Heavy Rain","23-07-2026","2","1","0","0","0","0","1","0","0.00","0","78.08","0","0","0"
"1604","Tripura","Heavy Rain","23-07-2026","1","0","0","0","0","0","1","0","0.00","0","0.00","0","0","0"
"1605","West Bengal","Other : Death due to poisonous animal bite","23-07-2026","1","1","1","1","0","0","0","0","0.00","0","0.00","0","0","0"
"1606","West Bengal","Other : Drowning","23-07-2026","1","0","0","1","0","0","0","0","0.00","0","0.00","0","0","0"
"1607","West Bengal","Other : Light rainfall","23-07-2026","1","0","0","0","0","0","0","0","0.00","0","14.00","0","0","0"
"1608","West Bengal","Other : River / Coastal Erosion","23-07-2026","1","1","10","0","0","0","0","0","4.00","2","0.00","0","0","0"
"1609","West Bengal","Other : Structure/House/Wall Collapse","23-07-2026","1","4","0","0","0","0","1","0","0.00","0","0.00","0","0","0"
"1610","Andaman and Nicobar Islands","Other : ","22-07-2026","1","0","0","0","0","0","0","0","0.00","0","0.00","0","0","0"
"1611","Arunachal Pradesh","Earthquakes","22-07-2026","1","0","0","0","0","0","0","0","0.00","0","0.00","0","0","0"
"1612","Arunachal Pradesh","Other : Flash Flood","22-07-2026","1","1","500","0","0","0","0","0","0.00","1","0.00","0","0","0"
"1613","Assam","Air, Road and Rail Accidents","22-07-2026","1","0","0","0","2","0","0","0","0.00","0","82.80","0","0","0"
"1614","Assam","Floods","22-07-2026","8","165","25944","1","0","0","0","14159","738.07","10","101.80","2084","5","374"
"1615","Assam","Other : ","22-07-2026","1","2","0","0","0","0","0","2","0.00","0","0.00","0","0","0"
"1616","Assam","Other : Erosion","22-07-2026","2","4","5","0","0","0","0","0","0.00","0","1.30","0","0","0"
"1617","Assam","Other : Landslide","22-07-2026","1","7","0","0","0","0","0","0","0.00","0","4.40","0","0","0"
"1618","Assam","Other : Urban Flood","22-07-2026","1","6","80","0","0","0","0","0","0.00","0","0.00","0","0","80"
"1619","Assam","Thunder and Lightening","22-07-2026","1","3","0","0","0","0","0","0","0.00","3","46.40","0","0","0"
"1620","Assam","Urban Fires","22-07-2026","1","0","0","0","0","0","1","0","0.00","0","0.00","0","0","0"
"1621","Gujarat","Floods","22-07-2026","1","0","0","0","0","0","16","0","0.00","0","0.00","355","2","142"
"1622","Gujarat","Heavy Rain","22-07-2026","5","5","0","2","0","0","13","0","0.00","0","736.00","1198","12","411"
"1623","Gujarat","Thunder and Lightening","22-07-2026","1","0","0","0","0","0","0","0","0.00","0","4.00","0","0","0"
"1624","Haryana","Other : ","22-07-2026","2","0","0","0","0","0","0","0","0.00","0","44.00","0","0","0"
"1625","Himachal Pradesh","Air, Road and Rail Accidents","22-07-2026","2","0","0","1","4","0","0","0","0.00","0","0.00","0","0","0"
"1626","Himachal Pradesh","Hailstorm","22-07-2026","1","0","0","0","0","0","0","0","0.00","0","0.00","0","0","0"
"1627","Himachal Pradesh","Heavy Rain","22-07-2026","5","1","12","0","0","0","6","2","0.00","0","1672.70","0","0","0"
"1628","Himachal Pradesh","Other : ","22-07-2026","1","0","0","1","0","0","0","0","0.00","0","0.00","0","0","0"
"1629","Himachal Pradesh","Other : 0","22-07-2026","1","0","0","1","0","0","2","0","0.00","0","11.90","0","0","0"
"1630","Jammu and Kashmir","Floods","22-07-2026","1","0","0","1","0","0","0","0","0.00","0","0.00","0","0","0"
"1631","Jharkhand","Heavy Rain","22-07-2026","1","2203","2445774","0","0","0","0","0","0.00","0","3.20","0","0","0"
"1632","Jharkhand","Other : No event","22-07-2026","1","0","0","0","0","0","0","0","0.00","0","42.60","0","0","0"
"1633","Jharkhand","Thunder and Lightening","22-07-2026","1","1","2","2","0","0","0","0","0.00","0","10.00","0","0","0"
"1634","Karnataka","Heavy Rain","22-07-2026","4","0","0","0","0","0","21","0","0.00","0","73.00","0","0","0"
"1635","Kerala","Heavy Rain","22-07-2026","6","1","0","0","0","0","1","0","1.36","0","11.44","0","0","0"
"1636","Kerala","Other : ","22-07-2026","4","0","0","0","0","0","0","0","0.00","0","19.71","0","0","0"
"1637","Kerala","Other : 0","22-07-2026","1","0","0","0","0","0","0","0","0.00","0","0.00","0","0","0"
"1638","Kerala","Other : Human Animal Conflict","22-07-2026","1","0","0","0","0","0","0","0","0.40","0","0.00","0","0","0"
"1639","Maharashtra","Chemical and industrial Disasters","22-07-2026","1","0","0","0","2","0","0","0","0.00","0","0.00","0","0","0"
"1640","Maharashtra","Electrical Disasters and fires","22-07-2026","1","0","0","1","0","0","0","0","0.00","0","0.00","0","0","0"
"1641","Maharashtra","Other : Drowning","22-07-2026","1","0","0","1","0","0","0","0","0.00","0","0.00","0","0","0"
"1642","Maharashtra","Other : Tree Fall","22-07-2026","1","0","0","0","1","0","0","0","0.00","0","35.60","0","0","0"
"1643","Puducherry","Heavy Rain","22-07-2026","4","0","0","0","0","0","0","0","0.00","0","0.60","0","0","0"
"1644","Punjab","Heavy Rain","22-07-2026","2","0","0","0","0","0","1","0","0.00","0","81.50","0","0","0"
"1645","Tripura","Heavy Rain","22-07-2026","1","0","0","0","0","0","1","0","0.00","0","0.00","0","0","0"
"1646","West Bengal","Landslides and Mudflows","22-07-2026","2","26","118","0","0","0","28","0","0.00","1","0.00","8","1","8"
"1647","West Bengal","Other : DROWNING","22-07-2026","3","1","3","3","0","0","0","0","0.00","0","0.00","1","0","0"
"1648","West Bengal","Other : Lightning &  Heavy Rainfall","22-07-2026","1","2","5","2","0","0","1","0","0.00","0","65.00","0","0","0"
"1649","West Bengal","Other : Water Logging","22-07-2026","1","3","1200","0","0","0","0","0","0.00","0","65.00","0","0","0"
"1650","West Bengal","Thunder and Lightening","22-07-2026","1","1","1","1","0","0","0","0","0.00","0","0.00","0","0","0"
"1651","Andaman and Nicobar Islands","Other : ","21-07-2026","1","0","0","0","0","0","0","0","0.00","0","0.70","0","0","0"
"1652","Arunachal Pradesh","Earthquakes","21-07-2026","1","0","0","0","0","0","0","0","0.00","0","0.00","0","0","0"
"1653","Arunachal Pradesh","Floods","21-07-2026","1","1","10","0","0","0","2","0","0.00","0","0.00","0","0","0"
"1654","Arunachal Pradesh","Heavy Rain","21-07-2026","3","4","4","0","0","0","0","0","0.30","6","0.00","0","0","0"
"1655","Arunachal Pradesh","Other : Flash flood","21-07-2026","1","1","0","0","0","0","0","0","0.00","1","0.00","0","0","0"
"1656","Assam","Air, Road and Rail Accidents","21-07-2026","1","0","0","1","2","0","0","0","0.00","0","5.84","0","0","0"
"1657","Assam","Floods","21-07-2026","12","189","34835","1","0","1","0","23367","847.63","58","144.24","132","7","847"
"1658","Assam","Landslides and Mudflows","21-07-2026","1","1","4","0","0","0","1","0","0.00","0","0.00","0","0","0"
"1659","Assam","Other : ","21-07-2026","1","2","0","0","0","0","0","0","0.00","0","0.00","0","0","0"
"1660","Assam","Other : Drowing","21-07-2026","1","0","0","1","0","0","0","0","0.00","0","0.00","0","0","0"
"1661","Assam","Other : Erosion","21-07-2026","1","0","0","0","0","0","0","0","0.00","0","0.00","0","0","0"
"1662","Assam","Other : General Drowning","21-07-2026","1","1","0","1","0","0","0","0","0.00","0","1.00","0","0","0"
"1663","Assam","Other : Landslide","21-07-2026","1","6","4","0","4","0","3","0","0.00","0","5.60","0","0","0"
"1664","Assam","Other : Storm Report","21-07-2026","1","2","0","0","0","0","0","0","0.00","0","22.00","0","0","0"
"1665","Assam","Other : Urban Flood","21-07-2026","1","8","146","0","0","0","0","0","0.00","0","0.00","0","0","0"
"1666","Assam","Sea Erosion","21-07-2026","1","4","20","0","0","0","0","0","0.00","0","6.00","0","0","0"
"1667","Gujarat","Floods","21-07-2026","1","0","0","0","0","0","5","0","0.00","0","0.00","0","0","0"
"1668","Gujarat","Heavy Rain","21-07-2026","2","2","0","0","0","0","3","0","0.00","0","137.00","0","0","0"
"1669","Gujarat","Thunder and Lightening","21-07-2026","1","0","0","0","0","0","0","0","0.00","0","35.00","0","0","0"
"1670","Haryana","Other : ","21-07-2026","2","0","0","0","0","0","0","0","0.00","0","29.00","0","0","0"
"1671","Himachal Pradesh","Air, Road and Rail Accidents","21-07-2026","5","1","1","3","5","1","1","0","0.00","0","113.30","0","0","0"
"1672","Himachal Pradesh","Floods","21-07-2026","1","2","0","0","0","0","0","0","0.00","3","113.30","0","0","0"
"1673","Himachal Pradesh","Heavy Rain","21-07-2026","3","4","16","0","0","0","2","0","0.00","0","140.80","0","0","0"
"1674","Himachal Pradesh","Other : ","21-07-2026","1","0","0","1","1","0","1","0","0.00","1","0.00","0","0","0"
"1675","Jammu and Kashmir","Landslides and Mudflows","21-07-2026","1","0","0","7","0","0","0","0","0.00","0","0.00","0","0","0"
"1676","Jharkhand","Air, Road and Rail Accidents","21-07-2026","1","0","0","0","0","0","0","9","0.00","0","0.00","0","0","0"
"1677","Jharkhand","Heavy Rain","21-07-2026","1","2203","2445774","0","0","0","0","0","0.00","0","3.70","0","0","0"
"1678","Jharkhand","Other : No event","21-07-2026","1","0","0","0","0","0","0","0","0.00","0","36.40","0","0","0"
"1679","Jharkhand","Thunder and Lightening","21-07-2026","1","0","0","0","0","0","0","8","0.00","0","0.00","0","0","0"
"1680","Karnataka","Heavy Rain","21-07-2026","2","0","0","0","0","0","6","0","0.00","0","85.20","0","0","0"
"1681","Kerala","Heavy Rain","21-07-2026","4","0","0","0","0","0","1","0","0.03","0","21.87","0","0","0"
"1682","Kerala","Other : ","21-07-2026","5","0","0","0","0","0","0","0","0.00","0","14.30","0","0","0"
"1683","Kerala","Other : 0","21-07-2026","1","0","0","0","0","0","0","0","0.00","0","0.00","0","0","0"
"1684","Maharashtra","Air, Road and Rail Accidents","21-07-2026","1","0","0","6","0","0","0","0","0.00","0","0.00","0","0","0"
"1685","Maharashtra","Thunder and Lightening","21-07-2026","1","0","0","0","0","0","0","1","0.00","0","2.30","0","0","0"
"1686","Meghalaya","Cyclones","21-07-2026","1","1","0","0","0","0","0","0","0.20","0","27.80","0","0","0"
"1687","Meghalaya","Landslides and Mudflows","21-07-2026","1","1","0","0","0","0","0","0","0.00","0","20.90","0","0","0"
"1688","Mizoram","Landslides and Mudflows","21-07-2026","2","2","0","0","0","0","0","0","0.00","0","0.00","0","0","0"
"1689","Nagaland","Floods","21-07-2026","1","5","600","0","0","0","21","0","180.00","21","0.00","0","0","0"
"1690","Nagaland","Landslides and Mudflows","21-07-2026","2","5","1011","0","0","0","13","0","0.00","13","0.00","81","0","0"
"1691","Nagaland","Other : Drowning ","21-07-2026","1","1","1","1","0","0","0","0","0.00","0","0.00","0","0","0"
"1692","Puducherry","Heavy Rain","21-07-2026","4","0","0","0","0","0","0","0","0.00","0","6.00","0","0","0"
"1693","West Bengal","Landslides and Mudflows","21-07-2026","1","7","164","0","0","0","6","0","0.00","0","60.00","0","0","0"
"1694","West Bengal","Other : Drowning","21-07-2026","1","1","1","1","0","0","0","0","0.00","0","0.00","0","0","0"
"1695","West Bengal","Other : River / Coastal Erosion Tree Falling","21-07-2026","1","6","91","0","0","0","1","0","0.00","0","0.00","0","0","0"
"1696","West Bengal","Other : River Erosion","21-07-2026","1","1","120","0","0","0","0","0","0.00","0","0.00","0","0","0"
"1697","West Bengal","Other : Snake Bite","21-07-2026","1","0","0","1","0","0","0","0","0.00","0","0.00","0","0","0"
"1698","West Bengal","Thunder and Lightening","21-07-2026","1","0","0","1","3","0","0","0","0.00","0","0.00","0","0","0"
"1699","Andaman and Nicobar Islands","Other : ","20-07-2026","1","0","0","0","0","0","0","0","0.00","0","0.00","0","0","0"
"1700","Arunachal Pradesh","Floods","20-07-2026","1","2","0","0","0","1","0","0","0.00","0","0.00","0","0","0"
"1701","Arunachal Pradesh","Heavy Rain","20-07-2026","2","5","51","0","0","0","13","0","0.00","5","0.00","0","0","0"
"1702","Arunachal Pradesh","Landslides and Mudflows","20-07-2026","1","2","0","0","0","0","6","0","0.00","5","0.00","0","0","0"
"1703","Assam","Floods","20-07-2026","10","305","51996","0","0","1","4","42307","2875.98","26","327.16","5526","6","4039"
"1704","Assam","Hailstorm","20-07-2026","1","0","0","0","0","0","0","0","0.00","8","72.40","0","0","0"
"1705","Assam","Other : ","20-07-2026","2","6","0","0","0","0","0","0","0.00","5","36.40","0","0","0"
"1706","Assam","Other : Erosion","20-07-2026","1","1","0","0","0","0","0","0","0.00","0","68.40","0","0","0"
"1707","Assam","Other : storm","20-07-2026","1","0","0","0","0","0","0","0","0.00","32","5.40","0","0","0"
"1708","Assam","Sea Erosion","20-07-2026","1","6","0","0","0","0","0","0","0.00","0","1235.40","0","0","0"
"1709","Assam","Thunder and Lightening","20-07-2026","1","3","0","0","0","0","0","0","0.00","0","68.40","0","0","0"
"1710","Assam","Village Fire","20-07-2026","1","1","4","0","0","0","1","0","0.00","0","68.40","0","0","0"
"1711","Gujarat","Floods","20-07-2026","1","0","0","0","0","0","0","0","0.00","0","0.00","0","0","0"
"1712","Gujarat","Heavy Rain","20-07-2026","2","1","0","0","1","0","2","0","0.00","0","75.00","0","0","0"
"1713","Gujarat","Thunder and Lightening","20-07-2026","1","0","0","0","0","0","0","0","0.00","0","11.00","0","0","0"
"1714","Himachal Pradesh","Air, Road and Rail Accidents","20-07-2026","4","0","0","2","8","0","0","2","0.00","0","11.30","0","0","0"
"1715","Himachal Pradesh","Heavy Rain","20-07-2026","1","0","0","0","0","0","0","0","0.00","0","5.20","0","0","0"
"1716","Himachal Pradesh","Other : ","20-07-2026","2","0","0","2","0","0","2","0","0.00","0","0.00","0","0","0"
"1717","Jammu and Kashmir","Floods","20-07-2026","3","0","0","1","5","8","0","4","0.00","0","0.00","0","0","0"
"1718","Jammu and Kashmir","Landslides and Mudflows","20-07-2026","1","0","0","3","6","0","0","0","0.00","0","0.00","0","0","0"
"1719","Jammu and Kashmir","Other : Drowning","20-07-2026","1","0","0","1","0","0","0","0","0.00","0","0.00","0","0","0"
"1720","Jharkhand","Heavy Rain","20-07-2026","1","0","0","0","0","0","1","0","0.00","0","0.00","0","0","0"
"1721","Karnataka","Heavy Rain","20-07-2026","2","0","0","0","0","0","8","0","0.00","0","116.00","0","0","0"
"1722","Kerala","Floods","20-07-2026","1","0","0","0","0","0","0","0","0.00","0","8.80","0","0","0"
"1723","Kerala","Heavy Rain","20-07-2026","7","0","0","0","0","0","0","0","0.00","0","118.10","0","1","5"
"1724","Kerala","Other : ","20-07-2026","3","0","0","1","0","0","1","0","0.00","0","57.62","0","0","0"
"1725","Kerala","Other : Drowned","20-07-2026","1","0","0","1","0","0","0","0","0.00","0","0.20","0","0","0"
"1726","Maharashtra","Air, Road and Rail Accidents","20-07-2026","1","0","0","5","17","0","0","0","0.00","0","0.00","0","0","0"
"1727","Maharashtra","Food Poisoning","20-07-2026","1","0","0","0","46","0","0","0","0.00","0","0.00","0","0","0"
"1728","Meghalaya","Landslides and Mudflows","20-07-2026","2","20","7","0","0","0","1","0","0.00","0","1178.60","0","0","0"
"1729","Nagaland","Landslides and Mudflows","20-07-2026","3","10","54","0","0","0","0","0","1.50","2","0.00","0","0","0"
"1730","Puducherry","Heavy Rain","20-07-2026","2","0","0","0","0","0","0","0","0.00","0","36.00","0","0","0"
"1731","Punjab","Heavy Rain","20-07-2026","1","0","0","0","0","0","0","0","0.00","0","39.00","0","0","0"
"1732","Tripura","Heavy Rain","20-07-2026","2","0","0","0","0","0","5","0","0.00","0","0.00","0","0","0"
"1733","Uttarakhand","Air, Road and Rail Accidents","20-07-2026","2","0","0","1","3","0","0","0","0.00","0","0.00","0","0","0"
"1734","Uttarakhand","Landslides and Mudflows","20-07-2026","1","0","0","0","0","0","0","2","0.00","0","0.00","0","0","0"
"1735","Uttarakhand","Other : Drowning","20-07-2026","1","0","0","0","0","1","0","0","0.00","0","0.00","0","0","0"
"1736","Uttarakhand","Thunder and Lightening","20-07-2026","1","0","0","1","0","0","0","0","0.00","0","0.00","0","0","0"
"1737","West Bengal","Landslides and Mudflows","20-07-2026","2","2","13","0","0","0","1","0","0.00","0","125.00","0","1","8"
"1738","West Bengal","Other : DROWNING","20-07-2026","3","1","1","3","0","0","0","0","0.00","0","0.00","1","0","0"
"1739","West Bengal","Other : Water Logging Snake Bite & Drowning","20-07-2026","1","5","14","2","0","0","0","0","0.00","0","65.00","0","0","0"
"1740","Arunachal Pradesh","Floods","19-07-2026","2","2","0","0","0","0","0","0","0.00","0","0.00","18","0","0"
"1741","Arunachal Pradesh","Heavy Rain","19-07-2026","2","38","38070","0","0","0","6","180","135.25","104","0.00","2","0","0"
"1742","Assam","Air, Road and Rail Accidents","19-07-2026","1","0","0","4","2","0","0","0","0.00","0","30.23","0","0","0"
"1743","Assam","Floods","19-07-2026","8","267","57287","0","0","0","0","36149","4314.91","11","210.33","10","3","237"
"1744","Assam","Other : ","19-07-2026","2","6","4","0","0","0","0","0","0.00","1","0.40","0","0","0"
"1745","Assam","Other : Landslide","19-07-2026","1","1","0","0","0","0","0","0","0.00","0","5.30","0","0","0"
"1746","Gujarat","Floods","19-07-2026","1","0","0","0","0","0","2","0","0.00","0","0.00","0","0","0"
"1747","Gujarat","Heavy Rain","19-07-2026","4","3","0","0","0","0","5","0","0.00","0","33.00","0","0","0"
"1748","Gujarat","Other : ","19-07-2026","2","0","0","0","1","0","2","0","0.00","0","51.00","0","0","0"
"1749","Gujarat","Thunder and Lightening","19-07-2026","1","0","0","0","0","0","0","0","0.00","0","1.00","0","0","0"
"1750","Himachal Pradesh","Air, Road and Rail Accidents","19-07-2026","2","0","0","2","0","0","0","0","0.00","0","0.00","0","0","0"
"1751","Himachal Pradesh","Landslides and Mudflows","19-07-2026","1","1","1","0","1","0","0","0","0.00","0","1313.40","0","0","0"
"1752","Himachal Pradesh","Other : ","19-07-2026","1","0","0","0","0","0","0","0","0.00","0","0.00","0","0","0"
"1753","Jammu and Kashmir","Floods","19-07-2026","3","0","0","9","4","9","78","56","127.00","30","0.00","0","0","0"
"1754","Kerala","Heavy Rain","19-07-2026","7","0","0","0","0","0","1","0","0.00","0","88.74","0","1","5"
"1755","Kerala","Other : ","19-07-2026","3","0","0","0","0","0","1","0","0.00","0","16.22","0","0","0"
"1756","Maharashtra","Other : ","19-07-2026","1","0","0","2","0","0","0","0","0.00","0","0.00","0","0","0"
"1757","Meghalaya","Cyclones","19-07-2026","1","1","5","0","0","0","1","0","0.00","0","21.60","0","0","0"
"1758","Meghalaya","Other : ","19-07-2026","1","1","3","2","1","0","0","0","0.00","0","21.60","0","0","0"
"1759","Mizoram","Landslides and Mudflows","19-07-2026","1","1","0","0","0","0","0","0","0.00","0","0.00","0","0","0"
"1760","Puducherry","Heavy Rain","19-07-2026","4","0","0","1","0","0","0","0","0.00","0","36.80","0","0","0"
"1761","Uttarakhand","Air, Road and Rail Accidents","19-07-2026","3","0","0","0","14","0","0","0","0.00","0","0.00","0","0","0"
"1762","Uttarakhand","Other : snake bite","19-07-2026","1","0","0","1","0","0","0","0","0.00","0","0.00","0","0","0"
"1763","Uttarakhand","Thunder and Lightening","19-07-2026","1","0","0","2","0","0","0","0","0.00","0","0.00","0","0","0"
"1764","West Bengal","Other : Drowning","19-07-2026","2","0","0","2","0","0","0","0","0.00","0","0.00","0","0","0"
"1765","Andaman and Nicobar Islands","Other : ","18-07-2026","1","0","0","0","0","0","0","0","0.00","0","0.00","0","0","0"
"1766","Arunachal Pradesh","Heavy Rain","18-07-2026","2","7","6507","0","0","0","1","0","0.63","12","95.00","0","0","0"
"1767","Assam","Air, Road and Rail Accidents","18-07-2026","1","0","0","2","0","0","0","0","0.00","0","14.48","0","0","0"
"1768","Assam","Floods","18-07-2026","10","162","25721","0","0","0","6","2986","2370.86","8","196.25","0","2","206"
"1769","Assam","Other : Due to RIVER EROSION","18-07-2026","1","1","120","0","0","0","0","0","2.00","0","100.00","0","0","0"
"1770","Assam","Other : Erosion","18-07-2026","1","3","0","0","0","0","0","0","0.00","0","7.40","0","0","0"
"1771","Assam","Other : Fire","18-07-2026","1","1","4","0","0","0","0","0","0.00","0","14.60","0","0","0"
"1772","Assam","Other : Storm","18-07-2026","1","9","0","0","0","0","0","0","0.00","36","0.30","0","0","0"
"1773","Chhattisgarh","Other : Disaster Drowning ","18-07-2026","1","0","0","1","0","0","0","0","0.00","0","58.60","0","0","0"
"1774","Gujarat","Floods","18-07-2026","1","0","0","0","0","0","0","0","0.00","0","0.00","0","0","0"
"1775","Gujarat","Heavy Rain","18-07-2026","1","1","0","0","0","0","1","0","0.00","0","11.00","0","0","0"
"1776","Himachal Pradesh","Air, Road and Rail Accidents","18-07-2026","3","0","0","3","2","0","0","0","0.00","0","0.00","0","0","0"
"1777","Himachal Pradesh","Electrical Disasters and fires","18-07-2026","1","0","0","1","2","1","0","0","0.00","0","0.00","0","0","0"
"1778","Himachal Pradesh","Floods","18-07-2026","1","0","0","0","0","0","0","0","0.00","0","0.00","0","0","0"
"1779","Himachal Pradesh","Heavy Rain","18-07-2026","1","0","0","0","0","0","0","0","0.00","0","3.60","0","0","0"
"1780","Himachal Pradesh","Other : ","18-07-2026","2","0","0","0","1","0","5","0","0.00","0","0.00","0","0","0"
"1781","Himachal Pradesh","Other : Fall From Hill ","18-07-2026","1","0","0","0","0","0","0","0","0.00","0","0.00","0","0","0"
"1782","Jharkhand","Air, Road and Rail Accidents","18-07-2026","1","1","1","1","0","0","0","0","0.00","0","0.00","0","0","0"
"1783","Kerala","Heavy Rain","18-07-2026","8","0","0","0","0","0","0","0","5.00","0","79.52","0","1","5"
"1784","Kerala","Other : ","18-07-2026","4","0","0","0","0","0","0","0","0.00","0","33.99","0","0","0"
"1785","Maharashtra","Chemical and industrial Disasters","18-07-2026","1","0","0","1","2","0","0","0","0.00","0","0.00","0","0","0"
"1786","Maharashtra","Other : Accidental Drowning","18-07-2026","1","0","0","1","0","0","0","0","0.00","0","0.00","0","0","0"
"1787","Maharashtra","Other : Accidental Drowning.","18-07-2026","1","0","0","1","0","0","0","0","0.00","0","0.00","0","0","0"
"1788","Maharashtra","Other : Fire","18-07-2026","1","0","0","0","2","0","0","0","0.00","0","0.00","0","0","0"
"1789","Meghalaya","Floods","18-07-2026","1","1","0","0","0","0","0","0","0.00","1","11.20","0","0","0"
"1790","Meghalaya","Landslides and Mudflows","18-07-2026","1","2","10","0","0","0","1","0","0.00","0","11.20","0","0","0"
"1791","Meghalaya","Village Fire","18-07-2026","1","1","2","0","0","0","2","0","0.00","0","11.20","0","0","0"
"1792","Mizoram","Landslides and Mudflows","18-07-2026","1","0","0","0","0","0","0","0","0.00","0","0.00","0","0","0"
"1793","Mizoram","Other : Strongwind","18-07-2026","1","1","4","0","0","0","1","0","0.00","0","0.00","0","0","0"
"1794","Puducherry","Heavy Rain","18-07-2026","4","0","0","0","0","0","0","0","0.00","0","18.00","0","0","0"
"1795","Rajasthan","Floods","18-07-2026","1","0","0","0","0","0","0","0","0.00","0","0.00","0","0","0"
"1796","Tripura","Heavy Rain","18-07-2026","1","0","0","0","0","0","2","0","0.00","0","0.00","0","0","0"
"1797","Uttarakhand","Heavy Rain","18-07-2026","1","0","0","0","0","0","10","0","0.00","0","0.00","0","0","0"
"1798","West Bengal","Landslides and Mudflows","18-07-2026","1","0","0","0","0","0","0","0","0.00","0","0.00","0","1","8"
"1799","West Bengal","Other : Accidental drowning","18-07-2026","1","1","0","1","0","0","0","0","0.00","0","0.00","0","0","0"
"1800","West Bengal","Other : Drowning","18-07-2026","1","1","1","0","0","1","0","0","0.00","0","52.00","0","0","0"
"1801","West Bengal","Other : fire inside factory","18-07-2026","1","1","4","0","4","0","0","0","0.00","0","0.00","0","0","0"
"1802","West Bengal","Other : Water logging","18-07-2026","1","3","1200","0","0","0","0","0","0.00","0","62.00","0","0","0"
"1803","Andaman and Nicobar Islands","Other : ","17-07-2026","1","0","0","0","0","0","0","0","0.00","0","5.80","0","0","0"
"1804","Arunachal Pradesh","Earthquakes","17-07-2026","1","0","0","0","0","0","0","0","0.00","0","0.00","0","0","0"
"1805","Arunachal Pradesh","Floods","17-07-2026","3","40","9615","0","0","0","170","0","20.00","22","0.00","36","0","0"
"1806","Arunachal Pradesh","Heavy Rain","17-07-2026","2","5","103","0","0","0","0","0","20.00","6","0.00","0","0","0"
"1807","Arunachal Pradesh","Landslides and Mudflows","17-07-2026","2","16","789","0","0","0","3","0","0.00","20","0.00","0","0","0"
"1808","Assam","Floods","17-07-2026","8","172","19806","0","0","0","0","7739","2859.85","18","206.69","65","2","207"
"1809","Assam","Other : Erosion","17-07-2026","1","5","0","0","0","0","0","0","0.00","0","0.00","0","0","0"
"1810","Assam","Other : Storm","17-07-2026","3","11","0","0","0","0","0","0","0.00","24","9.10","0","0","0"
"1811","Gujarat","Floods","17-07-2026","1","0","0","0","0","0","1","0","0.00","0","0.00","0","0","0"
"1812","Gujarat","Heavy Rain","17-07-2026","2","1","0","2","0","0","3","0","0.00","0","9.64","0","0","0"
"1813","Gujarat","Thunder and Lightening","17-07-2026","1","0","0","0","0","0","0","0","0.00","0","6.00","0","0","0"
"1814","Himachal Pradesh","Air, Road and Rail Accidents","17-07-2026","1","0","0","1","5","0","0","0","0.00","0","0.00","0","0","0"
"1815","Himachal Pradesh","Other : Cow due to electric Shock","17-07-2026","1","0","0","0","0","0","0","1","0.00","0","0.00","0","0","0"
"1816","Himachal Pradesh","Other : Road Accident","17-07-2026","1","0","0","1","0","0","0","0","0.00","0","0.00","0","0","0"
"1817","Himachal Pradesh","Other : Road  Accident, HPPWD","17-07-2026","1","0","0","0","1","0","0","0","0.00","0","0.00","0","0","0"
"1818","Jharkhand","Other : No event","17-07-2026","1","0","0","0","0","0","0","0","0.00","0","0.00","0","0","0"
"1819","Karnataka","Heavy Rain","17-07-2026","2","0","0","0","0","0","8","0","0.00","0","74.70","0","0","0"
"1820","Kerala","Floods","17-07-2026","1","0","0","0","0","0","0","0","0.00","0","0.66","0","0","0"
"1821","Kerala","Heavy Rain","17-07-2026","6","0","0","0","0","0","0","0","0.00","0","100.61","0","1","5"
"1822","Kerala","Other : ","17-07-2026","4","0","0","0","0","0","1","0","0.00","0","26.31","0","0","0"
"1823","Kerala","Other : NOT APPLICABLE","17-07-2026","1","0","0","0","0","0","0","0","0.00","0","101.56","0","0","0"
"1824","Maharashtra","Air, Road and Rail Accidents","17-07-2026","1","0","0","0","5","0","0","0","0.00","0","0.00","0","0","0"
"1825","Maharashtra","Other : Accident","17-07-2026","1","0","0","1","0","0","0","0","0.00","0","0.00","0","0","0"
"1826","Maharashtra","Other : Drowning","17-07-2026","1","0","0","1","0","0","0","0","0.00","0","0.00","0","0","0"
"1827","Maharashtra","Thunder and Lightening","17-07-2026","1","0","0","0","0","0","0","1","0.00","0","0.80","0","0","0"
"1828","Puducherry","Heavy Rain","17-07-2026","1","0","0","0","0","0","0","0","0.00","0","71.80","0","0","0"
"1829","Sikkim","Heavy Rain","17-07-2026","3","3","115","0","0","0","13","0","0.00","0","32.50","0","0","0"
"1830","Tripura","Heavy Rain","17-07-2026","2","0","0","0","0","0","6","0","0.00","0","0.00","0","0","0"
"1831","Uttarakhand","Heavy Rain","17-07-2026","3","0","0","0","0","0","8","0","0.00","0","19.20","0","0","0"
"1832","West Bengal","Air, Road and Rail Accidents","17-07-2026","1","0","0","5","3","0","0","0","0.00","0","0.00","0","0","0"
"1833","West Bengal","Other : Drowning","17-07-2026","1","0","0","1","0","0","0","0","0.00","0","0.00","0","0","0"
"1834","West Bengal","Other : Landslide, Rainfall","17-07-2026","1","5","20","0","0","0","8","0","0.00","0","65.00","8","1","8"
"1835","West Bengal","Thunder and Lightening","17-07-2026","1","1","1","1","0","0","0","0","0.00","0","0.00","0","0","0"
"1836","Andaman and Nicobar Islands","Air, Road and Rail Accidents","16-07-2026","1","0","2","2","0","0","0","0","0.00","0","4.44","0","0","0"
"1837","Andaman and Nicobar Islands","Earthquakes","16-07-2026","1","0","0","0","0","0","0","0","0.00","0","0.00","0","0","0"
"1838","Assam","Air, Road and Rail Accidents","16-07-2026","1","0","0","0","4","0","0","0","0.00","0","38.00","0","0","0"
"1839","Assam","Floods","16-07-2026","7","111","25431","0","0","0","0","4407","2639.82","10","108.55","0","0","0"
"1840","Assam","Other : 0","16-07-2026","1","0","0","0","0","0","0","0","0.00","1","794.31","0","0","0"
"1841","Assam","Other : Drowning","16-07-2026","1","0","0","2","0","0","0","0","0.00","0","38.00","0","0","0"
"1842","Assam","Other : Storm","16-07-2026","1","12","0","0","0","0","0","0","0.00","11","98.60","0","0","0"
"1843","Assam","Sea Erosion","16-07-2026","1","7","0","0","0","0","0","0","0.00","0","1178.00","0","0","0"
"1844","Assam","Thunder and Lightening","16-07-2026","1","2","0","0","0","0","0","0","0.00","2","4.20","0","0","0"
"1845","Chhattisgarh","Other : Disaster drowning ","16-07-2026","1","0","0","3","0","0","0","0","0.00","0","0.00","0","0","0"
"1846","Gujarat","Floods","16-07-2026","1","0","0","0","0","0","3","0","0.00","0","0.00","0","0","0"
"1847","Gujarat","Heavy Rain","16-07-2026","4","3","0","4","0","0","10","0","0.00","0","422.00","0","0","0"
"1848","Gujarat","Other : ","16-07-2026","1","0","0","0","0","0","1","0","0.00","0","86.00","0","0","0"
"1849","Gujarat","Thunder and Lightening","16-07-2026","1","0","0","0","0","0","0","0","0.00","0","8.00","0","0","0"
"1850","Himachal Pradesh","Air, Road and Rail Accidents","16-07-2026","2","0","0","4","6","0","0","0","0.00","0","1.10","0","0","0"
"1851","Himachal Pradesh","Floods","16-07-2026","1","0","0","0","0","0","0","0","0.00","0","0.00","0","0","0"
"1852","Himachal Pradesh","Heavy Rain","16-07-2026","1","0","0","0","0","0","2","0","0.00","0","0.00","0","0","0"
"1853","Himachal Pradesh","Other : ","16-07-2026","1","0","0","1","0","0","1","0","0.00","0","0.00","0","0","0"
"1854","Himachal Pradesh","Other : Fall from Cliff","16-07-2026","1","1","0","0","0","0","0","1","0.00","0","0.00","0","0","0"
"1855","Himachal Pradesh","Other : Road Accident & Rain","16-07-2026","1","0","0","1","0","0","0","0","0.00","0","0.00","0","0","0"
"1856","Karnataka","Heavy Rain","16-07-2026","3","0","0","0","0","0","5","5","0.00","0","0.70","0","0","0"
"1857","Kerala","Heavy Rain","16-07-2026","6","0","0","0","0","0","0","0","0.00","0","2.20","0","1","5"
"1858","Kerala","Other : ","16-07-2026","4","0","0","0","0","0","0","0","0.00","0","17.00","0","0","0"
"1859","Kerala","Other : None","16-07-2026","1","0","0","0","0","0","0","0","0.00","0","0.00","0","0","0"
"1860","Kerala","Other : NONE","16-07-2026","1","0","0","0","0","0","0","0","0.00","0","0.18","0","0","0"
"1861","Maharashtra","Air, Road and Rail Accidents","16-07-2026","4","0","0","9","2","0","0","0","0.00","0","0.00","0","0","0"
"1862","Maharashtra","Other : Slab Collapsed","16-07-2026","1","0","0","0","0","0","0","0","0.00","0","0.00","0","0","0"
"1863","Sikkim","Heavy Rain","16-07-2026","4","8","198","0","0","0","5","0","0.00","3","25.90","0","2","106"
"1864","West Bengal","Other : Tree falling","16-07-2026","1","0","0","0","2","0","0","0","0.00","0","0.00","0","0","0"
"1865","West Bengal","Thunder and Lightening","16-07-2026","2","0","0","3","0","0","0","0","0.00","0","0.00","0","0","0"
"1866","Arunachal Pradesh","Floods","15-07-2026","3","10","250","0","0","0","1","0","0.00","2","0.00","0","0","0"
"1867","Arunachal Pradesh","Landslides and Mudflows","15-07-2026","2","9","0","0","0","0","1","0","0.00","5","0.00","0","0","0"
"1868","Assam","Cyclones","15-07-2026","1","2","12","0","0","0","3","0","0.00","0","34.29","0","0","0"
"1869","Assam","Floods","15-07-2026","7","94","34454","0","0","0","0","10441","49.28","6","76.78","0","0","0"
"1870","Assam","Other : ","15-07-2026","1","5","0","0","0","0","0","0","0.00","0","4.00","0","0","0"
"1871","Assam","Other : Storm","15-07-2026","1","0","0","0","0","0","0","0","0.00","0","0.00","0","0","0"
"1872","Assam","Other : Storm Report ","15-07-2026","1","14","21","0","0","0","6","0","0.00","0","98.00","0","0","0"
"1873","Gujarat","Floods","15-07-2026","1","0","0","0","0","0","1","0","0.00","0","0.00","0","0","0"
"1874","Gujarat","Heavy Rain","15-07-2026","1","0","0","72","0","0","0","0","0.00","0","0.00","0","0","0"
"1875","Haryana","Other : ","15-07-2026","1","0","0","0","0","0","0","0","0.00","0","4.00","0","0","0"
"1876","Himachal Pradesh","Air, Road and Rail Accidents","15-07-2026","1","0","0","0","1","0","0","0","0.00","0","0.00","0","0","0"
"1877","Himachal Pradesh","Earthquakes","15-07-2026","1","0","0","0","0","0","1","0","0.00","0","0.00","0","0","0"
"1878","Himachal Pradesh","Heavy Rain","15-07-2026","6","9","4","0","0","0","5","0","0.00","1","1.20","0","0","0"
"1879","Himachal Pradesh","Other : Kaccha house Partially damaged ","15-07-2026","1","0","0","0","0","0","1","0","0.00","0","0.00","0","0","0"
"1880","Himachal Pradesh","Village Fire","15-07-2026","2","0","0","0","3","0","1","0","0.00","0","1.10","0","0","0"
"1881","Jammu and Kashmir","Thunder and Lightening","15-07-2026","1","0","0","0","0","0","0","56","0.00","0","0.00","0","0","0"
"1882","Jharkhand","Other : no event","15-07-2026","1","0","0","0","0","0","0","0","0.00","0","0.00","0","0","0"
"1883","Karnataka","Heavy Rain","15-07-2026","2","0","0","1","0","0","51","0","0.00","0","0.40","0","0","0"
"1884","Kerala","Heavy Rain","15-07-2026","7","0","0","0","0","0","0","0","0.00","0","2.23","0","0","0"
"1885","Kerala","Other : ","15-07-2026","5","0","0","0","0","0","0","0","0.00","0","1.14","0","0","0"
"1886","Maharashtra","Air, Road and Rail Accidents","15-07-2026","2","0","0","2","8","0","0","0","0.00","0","0.00","0","0","0"
"1887","Maharashtra","Other : Drowned in Water of Medium Project","15-07-2026","1","0","0","1","0","0","0","0","0.00","0","0.00","0","0","0"
"1888","Maharashtra","Other : Structure Collapsed","15-07-2026","1","0","0","0","8","0","0","0","0.00","0","0.00","0","0","0"
"1889","Meghalaya","Cyclones","15-07-2026","1","4","0","0","0","0","0","0","0.00","6","534.20","0","0","0"
"1890","Meghalaya","Landslides and Mudflows","15-07-2026","1","1","0","0","0","0","0","0","0.00","1","534.20","0","0","0"
"1891","Puducherry","Heavy Rain","15-07-2026","4","0","0","0","0","0","0","0","0.00","0","0.60","0","0","0"
"1892","Sikkim","Heavy Rain","15-07-2026","4","11","76","0","1","0","5","0","0.00","12","782.80","0","0","0"
"1893","Tripura","Heavy Rain","15-07-2026","3","0","0","0","0","0","30","0","0.00","0","0.00","0","0","0"
"1894","West Bengal","Heavy Rain","15-07-2026","1","17","119","0","0","0","3","0","0.00","0","65.00","0","0","0"
"1895","West Bengal","Other : Accidental Drowning,  Wild Animal Attack","15-07-2026","1","0","0","2","0","0","0","0","0.00","0","0.00","0","0","0"
"1896","West Bengal","Other : Boat Capsize","15-07-2026","1","1","1","1","0","0","0","0","0.00","0","0.00","0","0","0"
"1897","Arunachal Pradesh","Floods","14-07-2026","3","9","5511","0","0","0","37","0","0.00","7","0.00","0","0","0"
"1898","Arunachal Pradesh","Landslides and Mudflows","14-07-2026","1","1","0","0","0","0","0","0","0.00","1","0.00","0","0","0"
"1899","Assam","Floods","14-07-2026","8","135","37032","1","0","0","217","6434","2052.03","6","783.18","16","0","0"
"1900","Assam","Other : ","14-07-2026","1","0","0","0","0","0","0","0","0.00","0","7.00","0","0","0"
"1901","Assam","Other : Due to storm","14-07-2026","1","1","40","0","0","0","10","0","0.00","0","77.00","0","0","0"
"1902","Assam","Other : Erosion","14-07-2026","1","3","27","0","0","0","0","0","0.00","0","10.00","0","0","0"
"1903","Assam","Thunder and Lightening","14-07-2026","1","1","0","0","0","0","0","0","0.00","1","9.00","0","0","0"
"1904","Assam","Urban Fires","14-07-2026","1","0","0","0","0","0","0","0","0.00","0","0.00","0","0","0"
"1905","Chhattisgarh","Other : Disaster drowning fall into the pond ","14-07-2026","1","0","0","2","0","0","0","0","0.00","0","0.00","0","0","0"
"1906","Gujarat","Floods","14-07-2026","1","0","0","0","0","0","1","0","0.00","0","0.00","0","0","0"
"1907","Gujarat","Heavy Rain","14-07-2026","3","2","0","7","0","0","3","0","0.00","0","0.00","0","0","0"
"1908","Gujarat","Thunder and Lightening","14-07-2026","1","3","0","0","0","0","3","0","0.00","0","0.00","0","0","0"
"1909","Himachal Pradesh","Air, Road and Rail Accidents","14-07-2026","3","0","0","2","3","0","1","0","0.00","0","6.40","0","0","0"
"1910","Himachal Pradesh","Heavy Rain","14-07-2026","2","0","0","0","0","0","0","0","0.00","0","0.00","0","0","0"
"1911","Himachal Pradesh","Other : ","14-07-2026","1","0","0","0","0","0","0","5","0.00","0","0.00","0","0","0"
"1912","Himachal Pradesh","Other : Cowshed Damaged ","14-07-2026","1","0","0","0","0","0","0","0","0.00","0","0.00","0","0","0"
"1913","Himachal Pradesh","Other : Fall,vehicle ,fire, rainfall","14-07-2026","1","0","0","1","2","0","2","0","0.00","0","0.00","0","0","0"
"1914","Jharkhand","Other : No event","14-07-2026","1","0","0","0","0","0","0","0","0.00","0","0.00","0","0","0"
"1915","Karnataka","Heavy Rain","14-07-2026","4","0","0","0","0","7","65","0","0.00","0","1.60","0","0","0"
"1916","Kerala","Floods","14-07-2026","1","0","0","0","0","0","0","0","0.00","0","0.00","0","0","0"
"1917","Kerala","Heavy Rain","14-07-2026","6","0","0","0","0","0","0","0","0.00","0","1.55","0","1","5"
"1918","Kerala","Other : ","14-07-2026","3","0","0","0","0","0","0","0","0.80","0","2.00","0","0","0"
"1919","Kerala","Other : drowned in the sea","14-07-2026","1","0","0","1","0","0","0","0","0.00","0","0.73","0","0","0"
"1920","Kerala","Other : Strong Wind","14-07-2026","1","0","0","0","0","0","0","0","0.02","0","0.08","0","0","0"
"1921","Maharashtra","Air, Road and Rail Accidents","14-07-2026","1","0","0","3","7","0","0","0","0.00","0","0.00","0","0","0"
"1922","Maharashtra","Major Building Collapse","14-07-2026","1","0","0","0","0","0","0","0","0.00","0","0.00","0","0","0"
"1923","Maharashtra","Other : Death Drowning when Swimming","14-07-2026","2","0","0","3","0","0","0","0","0.00","0","0.00","0","0","0"
"1924","Meghalaya","Cyclones","14-07-2026","1","1","5","0","0","0","1","0","0.00","0","530.50","0","0","0"
"1925","Meghalaya","Landslides and Mudflows","14-07-2026","2","6","51","0","0","0","12","0","0.00","0","1061.00","0","0","0"
"1926","Puducherry","Heavy Rain","14-07-2026","4","0","0","0","0","0","0","0","0.00","0","0.60","0","0","0"
"1927","Sikkim","Heavy Rain","14-07-2026","4","22","173","0","0","0","25","0","2.00","3","79.37","0","4","0"
"1928","Tripura","Heavy Rain","14-07-2026","3","0","0","0","0","0","44","0","0.00","0","0.00","0","2","547"
"1929","West Bengal","Floods","14-07-2026","1","4","1100","0","0","0","0","0","0.00","0","32.00","100","1","100"
"1930","West Bengal","Landslides and Mudflows","14-07-2026","2","7","1070","0","0","0","10","0","0.00","0","70.00","16","0","0"
"1931","West Bengal","Other : Boat Capsize","14-07-2026","1","4","15","9","0","6","2","0","0.00","0","0.00","0","0","0"
"1932","West Bengal","Other : Drowning","14-07-2026","1","1","1","1","0","0","0","0","0.00","0","0.00","0","0","0"
"1933","West Bengal","Other : Wall Collapse","14-07-2026","1","1","4","1","3","0","0","0","0.00","0","0.00","0","0","0"
"1934","West Bengal","Other : Wall Collpase","14-07-2026","1","1","0","0","0","0","2","0","0.00","0","0.00","0","0","0"
"1935","West Bengal","Other : Water Logging","14-07-2026","1","1","1200","0","0","0","0","0","0.00","0","0.00","0","0","0"
"1936","West Bengal","Thunder and Lightening","14-07-2026","2","2","2","2","0","0","0","0","0.00","0","0.00","0","0","0"
"1937","Arunachal Pradesh","Floods","13-07-2026","4","28","225","0","0","0","6","0","0.00","41","0.00","0","0","0"
"1938","Arunachal Pradesh","Heavy Rain","13-07-2026","2","2","0","0","0","0","4","0","20.00","0","0.00","0","0","0"
"1939","Arunachal Pradesh","Landslides and Mudflows","13-07-2026","1","1","0","0","0","0","1","0","0.00","0","0.00","0","0","0"
"1940","Assam","Air, Road and Rail Accidents","13-07-2026","1","0","0","0","6","0","0","0","0.00","0","4.06","0","0","0"
"1941","Assam","Electrical Disasters and fires","13-07-2026","1","1","1","0","0","0","1","0","0.00","0","0.00","0","0","0"
"1942","Assam","Floods","13-07-2026","7","85","9346","0","0","0","0","2445","57.86","22","246.72","0","0","0"
"1943","Assam","Hailstorm","13-07-2026","1","2","0","0","0","0","0","0","0.00","3","0.00","0","0","0"
"1944","Assam","Other : ","13-07-2026","1","0","0","1","0","0","0","0","0.00","0","9.20","0","0","0"
"1945","Assam","Other : Drowning","13-07-2026","1","1","1","1","0","0","0","0","0.00","0","9.05","0","0","0"
"1946","Assam","Other : Electrocuted ","13-07-2026","1","1","1","1","0","0","0","0","0.00","0","0.00","0","0","0"
"1947","Assam","Other : Erosion","13-07-2026","1","5","0","0","0","0","0","0","0.00","0","66.20","0","0","0"
"1948","Assam","Other : Urban Flood","13-07-2026","1","3","9","0","0","0","0","0","0.00","0","0.00","0","0","0"
"1949","Assam","Urban Fires","13-07-2026","2","0","4","0","0","0","1","0","0.00","0","4.06","0","0","0"
"1950","Chhattisgarh","Other : Disaster fall into the dam ","13-07-2026","1","0","0","3","0","0","0","0","0.00","0","0.00","0","0","0"
"1951","Gujarat","Floods","13-07-2026","1","0","0","0","0","0","1","0","0.00","0","0.00","0","0","0"
"1952","Gujarat","Heavy Rain","13-07-2026","1","0","0","0","0","0","1","0","0.00","0","0.00","0","0","0"
"1953","Gujarat","Other : moderate wind","13-07-2026","1","0","0","0","0","0","1","0","0.00","0","0.00","0","0","0"
"1954","Himachal Pradesh","Air, Road and Rail Accidents","13-07-2026","3","0","0","4","11","0","0","0","0.00","0","0.00","0","0","0"
"1955","Himachal Pradesh","Heavy Rain","13-07-2026","3","1","8","0","0","0","2","0","0.00","0","63.00","0","0","0"
"1956","Himachal Pradesh","Other : ","13-07-2026","2","0","0","1","0","0","0","0","0.00","0","0.00","0","0","0"
"1957","Jharkhand","Air, Road and Rail Accidents","13-07-2026","1","1","5","2","3","0","0","0","0.00","0","0.00","0","0","0"
"1958","Jharkhand","Other : No event","13-07-2026","1","0","0","0","0","0","0","0","0.00","0","0.00","0","0","0"
"1959","Kerala","Heavy Rain","13-07-2026","8","0","0","0","0","0","1","0","0.00","0","16.36","0","2","18"
"1960","Kerala","Other : ","13-07-2026","5","0","0","0","0","1","1","0","0.00","0","8.44","0","0","0"
"1961","Kerala","Other : 0","13-07-2026","1","0","0","0","0","0","0","0","0.00","0","0.00","0","0","0"
"1962","Maharashtra","Air, Road and Rail Accidents","13-07-2026","1","0","0","0","0","0","0","0","0.00","0","0.00","0","0","0"
"1963","Maharashtra","Other : Drowning in Well water","13-07-2026","1","0","0","1","0","0","0","0","0.00","0","0.00","0","0","0"
"1964","Maharashtra","Other : House Grill Collapsed","13-07-2026","1","0","0","0","2","0","0","0","0.00","0","0.00","0","0","0"
"1965","Maharashtra","Other : Slab collapsed of Building","13-07-2026","1","0","0","0","1","0","0","0","0.00","0","0.00","0","0","0"
"1966","Maharashtra","Urban Fires","13-07-2026","1","0","0","0","3","0","0","0","0.00","0","0.00","0","0","0"
"1967","Meghalaya","Landslides and Mudflows","13-07-2026","1","1","0","0","0","0","0","0","0.00","1","10.60","0","0","0"
"1968","Mizoram","Other : Retaining wall collapsed","13-07-2026","1","1","0","0","0","0","0","0","0.00","0","0.00","0","0","0"
"1969","Puducherry","Heavy Rain","13-07-2026","4","0","0","0","0","0","0","0","0.00","0","2.80","0","0","0"
"1970","Tripura","Heavy Rain","13-07-2026","4","0","0","0","0","0","177","0","0.00","0","0.00","0","29","9453"
"1971","West Bengal","Heavy Rain","13-07-2026","1","23","4161","0","0","0","0","0","0.00","0","75.00","0","0","0"
"1972","West Bengal","Other : Drowning -1","13-07-2026","1","0","0","1","0","0","0","0","0.00","0","0.00","0","0","0"
"1973","West Bengal","Other : Snake bite -1, drowning -2","13-07-2026","1","2","3","3","0","0","0","0","0.00","0","0.00","0","0","0"
"1974","Assam","Floods","12-07-2026","4","3","1367","0","0","0","128","3726","26.00","17","61.00","0","1","38"
"1975","Assam","Landslides and Mudflows","12-07-2026","1","1","0","0","0","0","0","0","0.00","0","0.00","0","0","0"
"1976","Assam","Other : Erosion","12-07-2026","1","2","13","0","0","0","0","0","0.00","0","4.00","0","0","0"
"1977","Assam","Other : Storm","12-07-2026","1","3","0","0","0","0","0","0","0.00","11","34.20","0","0","0"
"1978","Assam","Other : Storm ","12-07-2026","1","1","0","0","0","0","0","0","0.00","0","24.00","0","0","0"
"1979","Assam","Other : Urban Flood","12-07-2026","1","3","80","0","0","0","0","0","0.00","4","0.00","0","0","0"
"1980","Gujarat","Floods","12-07-2026","1","0","0","0","0","0","2","0","0.00","0","0.00","0","0","0"
"1981","Gujarat","Heavy Rain","12-07-2026","2","1","0","1","0","0","1","0","0.00","0","0.00","0","0","0"
"1982","Gujarat","Other : ","12-07-2026","1","0","0","0","1","0","1","0","0.00","0","0.00","0","0","0"
"1983","Himachal Pradesh","Air, Road and Rail Accidents","12-07-2026","1","0","0","2","0","0","0","0","0.00","0","0.00","0","0","0"
"1984","Himachal Pradesh","Heavy Rain","12-07-2026","1","0","0","0","0","0","0","0","0.00","0","0.00","0","0","0"
"1985","Himachal Pradesh","Other : ","12-07-2026","2","0","0","0","0","0","0","0","0.00","0","2.00","0","0","0"
"1986","Jammu and Kashmir","Cloud Burst","12-07-2026","1","4","0","0","0","0","8","0","0.00","0","0.00","0","0","0"
"1987","Kerala","Heavy Rain","12-07-2026","8","0","0","1","0","0","3","0","0.00","0","30.06","0","2","18"
"1988","Kerala","Other : ","12-07-2026","4","0","0","0","0","0","1","0","0.00","0","29.26","0","0","0"
"1989","Maharashtra","Food Poisoning","12-07-2026","1","0","0","0","29","0","0","0","0.00","0","0.00","0","0","0"
"1990","Maharashtra","Major Building Collapse","12-07-2026","1","0","0","9","0","0","0","0","0.00","0","0.00","9","0","0"
"1991","Maharashtra","Other : Drawning","12-07-2026","2","0","0","4","1","0","0","0","0.00","0","0.00","0","0","0"
"1992","Maharashtra","Other : Fire ","12-07-2026","1","0","0","0","21","0","0","0","0.00","0","0.00","0","0","0"
"1993","Meghalaya","Floods","12-07-2026","1","1","11","0","0","0","0","0","0.00","0","17.80","0","0","0"
"1994","Mizoram","Landslides and Mudflows","12-07-2026","2","2","0","0","0","0","0","0","0.00","0","0.00","0","0","0"
"1995","West Bengal","Heavy Rain","12-07-2026","3","20","0","0","0","0","3","0","0.00","0","223.00","0","0","0"
"1996","West Bengal","Other : Drowning","12-07-2026","1","0","0","1","0","0","0","0","0.00","0","0.00","0","0","0"
"1997","Andaman and Nicobar Islands","Floods","11-07-2026","1","0","0","0","0","0","0","0","0.00","0","24.34","0","0","0"
"1998","Arunachal Pradesh","Heavy Rain","11-07-2026","1","1","0","0","0","0","0","0","0.00","23","0.00","0","0","0"
"1999","Arunachal Pradesh","Landslides and Mudflows","11-07-2026","1","1","0","0","0","0","0","0","0.00","7","0.00","0","0","0"
"2000","Assam","Air, Road and Rail Accidents","11-07-2026","1","1","4","1","3","0","0","0","0.00","0","0.00","0","0","0"
"2001","Assam","Floods","11-07-2026","4","10","2884","0","0","0","0","4726","7.80","8","73.06","0","1","38"
"2002","Assam","Other : ","11-07-2026","1","2","5","0","0","0","0","0","0.00","0","7.00","0","0","0"
"2003","Assam","Other : Drowning","11-07-2026","1","1","1","1","0","0","0","0","0.00","0","0.00","0","0","0"
"2004","Assam","Other : Erosion","11-07-2026","1","2","49","0","0","0","11","0","0.00","0","45.00","0","0","0"
"2005","Assam","Other : Non Flood Drowning ","11-07-2026","1","0","0","1","0","0","0","0","0.00","0","0.00","0","0","0"
"2006","Assam","Village Fire","11-07-2026","1","0","0","0","0","0","1","0","0.00","2","4.06","0","0","0"
"2007","Gujarat","Floods","11-07-2026","1","0","0","0","0","0","1","0","0.00","0","0.00","0","0","0"
"2008","Gujarat","Heavy Rain","11-07-2026","2","0","0","1","0","0","1","0","0.00","0","0.00","0","0","0"
"2009","Himachal Pradesh","Heavy Rain","11-07-2026","2","0","0","0","0","0","1","0","0.00","0","19.70","0","0","0"
"2010","Himachal Pradesh","Landslides and Mudflows","11-07-2026","2","0","0","1","0","0","2","0","0.00","23","29.80","0","0","0"
"2011","Himachal Pradesh","Other : 0","11-07-2026","1","0","0","0","0","0","0","2","0.00","0","0.00","0","0","0"
"2012","Himachal Pradesh","Other : HPPWD, Water Logging","11-07-2026","1","0","0","0","0","0","0","0","0.00","0","0.00","0","0","0"
"2013","Himachal Pradesh","Other : increased water level Dhondal nallah","11-07-2026","1","0","0","0","0","0","0","0","0.00","0","0.00","0","0","0"
"2014","Jharkhand","Other : no event","11-07-2026","1","0","0","0","0","0","0","0","0.00","0","0.00","0","0","0"
"2015","Karnataka","Heavy Rain","11-07-2026","1","0","0","0","0","0","10","0","0.00","0","2.40","0","0","0"
"2016","Kerala","Floods","11-07-2026","1","0","0","0","0","0","0","0","0.00","0","17.40","0","0","0"
"2017","Kerala","Heavy Rain","11-07-2026","9","0","0","2","0","1","3","0","0.00","0","228.99","0","4","188"
"2018","Kerala","Other : ","11-07-2026","2","0","0","0","0","0","2","0","0.00","0","41.07","0","0","0"
"2019","Maharashtra","Air, Road and Rail Accidents","11-07-2026","1","0","0","0","2","0","0","0","0.00","0","0.00","0","0","0"
"2020","Maharashtra","Other : Structure Collapse","11-07-2026","2","0","0","1","5","0","0","0","0.00","0","0.00","0","0","0"
"2021","Mizoram","Floods","11-07-2026","2","5","0","0","0","0","37","0","2.50","0","0.00","139","0","0"
"2022","Puducherry","Heavy Rain","11-07-2026","4","0","0","0","0","0","0","0","0.00","0","38.00","0","0","0"
"2023","Sikkim","Heavy Rain","11-07-2026","1","1","45","0","0","0","0","0","0.00","0","2.50","0","0","0"
"2024","West Bengal","Landslides and Mudflows","11-07-2026","1","0","0","0","0","0","21","0","0.00","1","0.00","0","0","0"
"2025","West Bengal","Other : Died due to poisonous bite","11-07-2026","1","0","0","2","0","0","0","0","0.00","0","0.00","0","0","0"
"2026","West Bengal","Other : Drowning","11-07-2026","1","0","0","1","0","0","0","0","0.00","0","0.00","0","0","0"
"2027","West Bengal","Other : Lightning","11-07-2026","1","0","0","1","0","0","0","0","0.00","0","0.00","0","0","0"
"2028","West Bengal","Other : Snake Bite","11-07-2026","1","0","0","1","0","0","0","0","0.00","0","0.00","0","0","0"
"2029","Arunachal Pradesh","Hailstorm","10-07-2026","1","2","0","0","0","0","0","0","30.05","0","0.00","0","0","0"
"2030","Arunachal Pradesh","Landslides and Mudflows","10-07-2026","2","14","2801","2","1","1","1","0","0.00","13","1.00","0","0","0"
"2031","Assam","Floods","10-07-2026","2","8","1368","0","0","0","42","0","23.00","0","48.00","0","1","38"
"2032","Assam","Other : Erosion","10-07-2026","2","3","0","0","0","0","0","0","0.00","1","6.00","0","0","0"
"2033","Assam","Other : Non Flood Drowning ","10-07-2026","1","0","0","1","0","0","0","0","0.00","0","0.00","1","0","0"
"2034","Gujarat","Floods","10-07-2026","1","0","0","1","0","0","3","0","0.00","0","0.00","0","0","0"
"2035","Gujarat","Heavy rain","10-07-2026","1","0","0","0","0","0","2","0","0.00","0","0.00","0","0","0"
"2036","Gujarat","Heavy Rain","10-07-2026","5","17","0","16","0","0","7","0","0.00","0","411.19","0","0","0"
"2037","Gujarat","Thunder and Lightening","10-07-2026","1","0","0","0","0","0","6","0","0.00","0","0.00","0","0","0"
"2038","Haryana","Air, Road and Rail Accidents","10-07-2026","1","0","0","0","0","0","0","0","0.00","0","9.00","0","0","0"
"2039","Himachal Pradesh","Air, Road and Rail Accidents","10-07-2026","3","0","0","2","3","0","1","0","0.00","0","49.20","0","0","0"
"2040","Himachal Pradesh","Heavy Rain","10-07-2026","2","0","0","0","0","0","1","0","0.00","0","22.40","0","0","0"
"2041","Himachal Pradesh","Other : ","10-07-2026","2","0","0","1","1","0","0","86","0.00","0","6.80","0","0","0"
"2042","Himachal Pradesh","Other : Human Life Loss (Snake Bite)","10-07-2026","1","0","0","1","0","0","0","0","0.00","0","93.00","0","0","0"
"2043","Himachal Pradesh","Other : Road Accident & Rain","10-07-2026","1","0","0","1","0","0","0","0","0.00","0","4.10","0","0","0"
"2044","Jharkhand","Other : No event","10-07-2026","1","0","0","0","0","0","0","0","0.00","0","0.00","0","0","0"
"2045","Karnataka","Heavy Rain","10-07-2026","3","0","0","0","0","0","47","1","0.00","0","18.10","0","0","0"
"2046","Kerala","Heavy Rain","10-07-2026","10","0","0","2","0","1","7","0","0.50","0","142.42","169","5","187"
"2047","Kerala","Other : ","10-07-2026","2","0","0","0","0","0","2","0","0.00","0","22.84","0","0","0"
"2048","Maharashtra","Other : Structure Collaps ","10-07-2026","1","0","0","0","1","0","0","0","0.00","0","0.00","0","0","0"
"2049","Maharashtra","Thunder and Lightening","10-07-2026","1","0","0","0","0","0","0","1","0.00","0","0.00","0","0","0"
"2050","Meghalaya","Heavy Rain","10-07-2026","1","3","0","0","0","0","0","0","0.00","5","224.00","0","0","0"
"2051","Meghalaya","Landslides and Mudflows","10-07-2026","1","1","0","0","0","0","0","0","0.00","1","0.30","0","0","0"
"2052","Mizoram","Floods","10-07-2026","1","0","0","0","0","0","7","0","0.00","0","0.00","7","0","0"
"2053","Mizoram","Landslides and Mudflows","10-07-2026","1","0","0","0","0","0","0","0","0.00","0","0.00","0","0","0"
"2054","Mizoram","Other : Retaining wall collapse","10-07-2026","1","1","1","0","0","0","0","0","0.00","0","0.00","0","0","0"
"2055","Puducherry","Heavy Rain","10-07-2026","4","0","0","0","0","0","1","0","0.00","0","15.60","0","0","0"
"2056","Punjab","Heavy Rain","10-07-2026","4","0","0","0","0","0","0","0","0.00","0","137.78","0","0","0"
"2057","Sikkim","Heavy Rain","10-07-2026","3","4","73","0","0","0","6","0","0.00","1","63.10","0","2","106"
"2058","West Bengal","Landslides and Mudflows","10-07-2026","1","47","1042","0","0","0","0","0","0.00","0","60.00","0","0","0"
"2059","West Bengal","Other : Drowning","10-07-2026","1","1","1","1","0","0","0","0","0.00","0","0.00","0","0","0"
"2060","West Bengal","Other : drowning -1","10-07-2026","1","1","1","1","0","0","0","0","0.00","0","0.00","0","0","0"
"2061","West Bengal","Other : Drowning -3","10-07-2026","1","1","0","3","0","0","0","0","0.00","0","0.00","0","0","0"
"2062","West Bengal","Other : snake bite -1","10-07-2026","1","0","0","1","0","0","0","0","0.00","0","0.00","0","0","0"
"2063","Arunachal Pradesh","Floods","09-07-2026","2","12","0","0","0","0","0","0","38.75","2","0.00","0","0","0"
"2064","Arunachal Pradesh","Heavy Rain","09-07-2026","1","11","0","0","0","0","0","0","0.00","82","0.00","0","0","0"
"2065","Arunachal Pradesh","Landslides and Mudflows","09-07-2026","3","4","170","0","0","0","0","0","3.55","3","0.00","0","0","0"
"2066","Arunachal Pradesh","Other : Storm","09-07-2026","1","8","0","0","0","0","0","0","0.00","8","0.00","0","0","0"
"2067","Assam","Floods","09-07-2026","5","28","26112","0","0","0","256","16852","0.00","11","140.40","0","2","76"
"2068","Assam","Other : ","09-07-2026","1","0","0","1","0","0","0","0","0.00","0","0.00","1","0","0"
"2069","Assam","Other : Erosion","09-07-2026","1","1","16","0","0","0","4","0","0.00","0","82.00","0","0","0"
"2070","Assam","Other : River bank erosion","09-07-2026","1","0","0","0","0","0","0","0","0.00","0","13.60","0","0","0"
"2071","Chhattisgarh","Other : ","09-07-2026","1","0","0","1","0","0","0","0","0.00","0","0.00","0","0","0"
"2072","Gujarat","Floods","09-07-2026","1","0","0","0","0","0","12","0","0.00","0","0.00","0","0","0"
"2073","Gujarat","Heavy Rain","09-07-2026","8","12","0","4","0","0","73","7","0.00","1","4965.19","162","0","0"
"2074","Gujarat","Other : Rainfall","09-07-2026","1","0","0","0","0","0","0","0","0.00","0","0.25","0","0","0"
"2075","Gujarat","Thunder and Lightening","09-07-2026","2","1","0","0","0","0","4","0","0.00","0","58.00","0","0","0"
"2076","Haryana","Other : ","09-07-2026","1","0","0","0","0","0","0","0","0.00","0","18.00","0","0","0"
"2077","Himachal Pradesh","Air, Road and Rail Accidents","09-07-2026","1","0","0","0","1","0","0","0","0.00","0","0.00","0","0","0"
"2078","Himachal Pradesh","Heavy Rain","09-07-2026","2","1","4","0","0","0","1","0","0.00","0","96.70","0","0","0"
"2079","Himachal Pradesh","Other : bee bite","09-07-2026","1","0","0","1","0","0","0","0","0.00","0","0.00","0","0","0"
"2080","Himachal Pradesh","Other : Falling from height ","09-07-2026","1","0","0","0","0","0","0","0","0.00","0","8.00","0","0","0"
"2081","Jharkhand","Air, Road and Rail Accidents","09-07-2026","1","1","1","1","0","0","0","0","0.00","0","0.00","0","0","0"
"2082","Jharkhand","Other : No event","09-07-2026","1","0","0","0","0","0","0","0","0.00","0","0.00","0","0","0"
"2083","Karnataka","Heavy Rain","09-07-2026","4","0","0","0","0","0","41","1","0.00","0","77.40","0","0","0"
"2084","Kerala","Heavy Rain","09-07-2026","9","1","8","0","9","0","79","0","0.08","0","239.61","0","3","31"
"2085","Kerala","Landslides and Mudflows","09-07-2026","1","0","0","3","9","2","0","0","0.00","0","53.20","160","2","160"
"2086","Kerala","Other : ","09-07-2026","2","0","0","0","0","0","0","0","0.00","0","3.53","0","0","0"
"2087","Kerala","Other : WIND","09-07-2026","1","2","0","0","0","0","12","0","0.00","0","148.62","0","0","0"
"2088","Maharashtra","Electrical Disasters and fires","09-07-2026","2","0","0","4","0","0","0","1","0.00","0","0.00","0","0","0"
"2089","Maharashtra","Floods","09-07-2026","1","0","0","1","0","0","0","0","0.00","0","0.00","0","0","0"
"2090","Maharashtra","Other : Drowning ","09-07-2026","1","0","0","1","0","0","0","0","0.00","0","0.00","0","0","0"
"2091","Maharashtra","Other : Structure collaps ","09-07-2026","1","0","0","0","3","0","0","0","0.00","0","0.00","0","0","0"
"2092","Maharashtra","Other : Tree Falls ","09-07-2026","1","0","0","0","1","0","0","0","0.00","0","0.00","0","0","0"
"2093","Maharashtra","Thunder and Lightening","09-07-2026","1","0","0","0","0","0","0","1","0.00","0","0.00","0","0","0"
"2094","Meghalaya","Landslides and Mudflows","09-07-2026","2","22","0","0","0","0","0","0","0.00","1","476.20","0","0","0"
"2095","Mizoram","Floods","09-07-2026","1","1","6","0","0","0","6","0","0.00","0","0.00","6","0","0"
"2096","Mizoram","Landslides and Mudflows","09-07-2026","3","11","128","0","0","0","2","0","0.00","0","0.00","6","0","0"
"2097","Mizoram","Other : Retaining wall collapsed","09-07-2026","1","1","0","0","0","0","0","0","0.00","0","0.00","0","0","0"
"2098","Mizoram","Other : Rockfall ","09-07-2026","1","2","1","0","0","0","1","0","0.00","0","0.00","1","0","0"
"2099","Puducherry","Heavy Rain","09-07-2026","4","0","0","0","0","0","1","0","0.00","0","17.60","0","0","0"
"2100","Rajasthan","Floods","09-07-2026","2","0","0","0","10","0","2","0","0.00","2","85.00","0","0","0"
"2101","Rajasthan","Thunder and Lightening","09-07-2026","1","0","0","1","0","0","0","0","0.00","0","30.00","0","0","0"
"2102","Sikkim","Heavy Rain","09-07-2026","4","8","82","0","2","0","7","0","0.00","2","156.40","0","2","10"
"2103","Tripura","Heavy Rain","09-07-2026","5","0","0","0","0","0","874","0","0.00","0","0.00","0","79","10917"
"2104","West Bengal","Landslides and Mudflows","09-07-2026","1","4","40","0","0","0","1","0","0.00","0","0.00","0","0","0"
"2105","Arunachal Pradesh","Floods","08-07-2026","2","14","0","0","0","0","9","0","28.00","12","0.00","0","0","0"
"2106","Arunachal Pradesh","Heavy Rain","08-07-2026","1","6","0","0","0","0","0","0","20.00","37","0.00","0","0","0"
"2107","Arunachal Pradesh","Landslides and Mudflows","08-07-2026","4","18","0","0","0","0","0","0","76.70","15","0.00","5","0","0"
"2108","Assam","Floods","08-07-2026","4","11","4674","0","0","0","449","2926","21.00","2","93.00","0","1","38"
"2109","Assam","Other : ","08-07-2026","1","3","0","0","0","0","0","0","0.00","0","0.00","0","0","0"
"2110","Assam","Other : Erosion","08-07-2026","1","2","0","0","0","0","0","0","0.00","0","7.37","0","0","0"
"2111","Assam","Other : Non Flood Drowning","08-07-2026","1","0","0","1","0","0","0","0","0.00","0","0.00","1","0","0"
"2112","Assam","Other : storm","08-07-2026","1","2","0","0","0","0","0","0","0.00","0","3.15","0","0","0"
"2113","Chhattisgarh","Other : ","08-07-2026","5","0","0","5","0","0","0","20","0.00","0","0.00","0","0","0"
"2114","Chhattisgarh","Other : 3 people death in factory blast.","08-07-2026","1","0","0","3","0","0","0","0","0.00","0","0.00","0","0","0"
"2115","Chhattisgarh","Other : A person was swept away in a drain.","08-07-2026","1","0","0","0","0","1","0","0","0.00","0","0.00","0","0","0"
"2116","Chhattisgarh","Thunder and Lightening","08-07-2026","3","0","0","4","0","0","0","0","0.00","0","0.00","0","0","0"
"2117","Gujarat","Heavy Rain","08-07-2026","18","21","2184","8","2","0","140","3","0.00","2","6109.50","10121","0","0"
"2118","Gujarat","Other : ","08-07-2026","1","0","0","1","0","0","0","0","0.00","0","0.00","0","0","0"
"2119","Gujarat","Thunder and Lightening","08-07-2026","4","5","0","0","2","0","4","1","0.00","0","170.00","0","0","0"
"2120","Haryana","Other : ","08-07-2026","1","0","0","0","0","0","0","0","0.00","0","0.00","0","0","0"
"2121","Haryana","Other : heavy rain","08-07-2026","1","0","0","0","0","0","0","0","0.00","0","52.00","0","0","0"
"2122","Haryana","Other : No","08-07-2026","1","0","0","0","0","0","0","0","0.00","0","29.00","0","0","0"
"2123","Himachal Pradesh","Air, Road and Rail Accidents","08-07-2026","3","0","0","2","5","0","1","0","0.00","0","3.20","0","0","0"
"2124","Himachal Pradesh","Floods","08-07-2026","1","0","0","0","0","0","0","0","0.00","0","0.00","0","0","0"
"2125","Himachal Pradesh","Hailstorm","08-07-2026","1","0","0","0","0","0","0","0","0.00","0","0.00","0","0","0"
"2126","Himachal Pradesh","Heavy Rain","08-07-2026","2","0","0","0","0","0","0","0","0.00","1","4.10","0","0","0"
"2127","Himachal Pradesh","Other : Cattle live loss ","08-07-2026","1","0","0","0","0","0","0","1","0.00","0","0.00","0","0","0"
"2128","Jharkhand","Thunder and Lightening","08-07-2026","1","1","0","0","0","0","0","1","0.00","0","0.00","0","0","0"
"2129","Karnataka","Heavy Rain","08-07-2026","2","0","0","0","0","0","68","0","0.00","0","14.60","0","0","0"
"2130","Kerala","Floods","08-07-2026","1","0","0","0","0","0","0","0","0.00","0","8.16","0","0","0"
"2131","Kerala","Heavy Rain","08-07-2026","9","4","0","0","0","1","37","0","0.44","0","221.12","0","1","13"
"2132","Kerala","Landslides and Mudflows","08-07-2026","1","1","74","0","9","5","0","0","0.00","0","42.60","93","1","93"
"2133","Kerala","Other : ","08-07-2026","2","0","0","0","0","1","1","0","0.00","0","20.97","0","0","0"
"2134","Kerala","Other : Strong wind","08-07-2026","1","0","0","0","0","0","0","0","0.02","0","15.60","0","0","0"
"2135","Maharashtra","Heavy Rain","08-07-2026","1","0","0","0","0","0","0","2","0.00","0","0.00","0","0","0"
"2136","Maharashtra","Other : Structure Collaps","08-07-2026","1","0","0","0","1","0","0","0","0.00","0","0.00","0","0","0"
"2137","Maharashtra","Other : Tree Fall ","08-07-2026","1","0","0","0","4","0","0","0","0.00","0","0.00","0","0","0"
"2138","Maharashtra","Thunder and Lightening","08-07-2026","2","0","0","0","0","0","0","3","0.00","0","26.90","0","0","0"
"2139","Meghalaya","Landslides and Mudflows","08-07-2026","3","3","6","0","0","0","1","0","0.00","0","809.80","0","0","0"
"2140","Meghalaya","Thunder and Lightening","08-07-2026","1","1","1","0","0","0","0","0","0.00","0","404.10","0","0","0"
"2141","Meghalaya","Village Fire","08-07-2026","1","1","6","0","0","0","1","0","0.00","0","404.10","0","0","0"
"2142","Puducherry","Heavy Rain","08-07-2026","1","0","0","0","0","0","1","0","0.00","0","39.80","0","0","0"
"2143","Sikkim","Heavy Rain","08-07-2026","3","5","139","0","0","0","5","0","0.00","0","30.70","0","0","0"
"2144","West Bengal","Landslides and Mudflows","08-07-2026","1","3","0","0","0","0","1","0","0.00","0","0.00","0","0","0"
"2145","West Bengal","Other : Accidental Fire","08-07-2026","1","0","4","0","0","0","1","0","0.00","0","0.00","0","0","0"
"2146","West Bengal","Other : Drowning","08-07-2026","1","0","0","2","0","0","0","0","0.00","0","0.00","0","0","0"
"2147","West Bengal","Other : Heavy Rainfall, Drowning, Lightning","08-07-2026","1","22","5496","1","0","0","32","0","0.00","0","65.00","94","0","0"
"2148","West Bengal","Other : Landslide and Heavy Rainfall","08-07-2026","1","8","83","0","0","0","3","0","0.00","1","65.00","0","0","0"
"2149","West Bengal","Other : Light Rain","08-07-2026","1","20","0","0","0","0","0","0","0.00","0","30.00","0","0","0"
"2150","West Bengal","Other : Wall collapsed","08-07-2026","1","1","9","0","0","0","2","0","0.00","0","0.00","4","0","0"
"2151","Andhra Pradesh","Air, Road and Rail Accidents","07-07-2026","1","0","0","0","0","0","0","0","0.00","0","0.00","0","0","0"
"2152","Arunachal Pradesh","Floods","07-07-2026","1","14","562","0","0","0","0","0","0.00","23","0.00","0","0","0"
"2153","Arunachal Pradesh","Heavy Rain","07-07-2026","2","6","0","0","0","0","0","0","9.00","23","0.00","0","0","0"
"2154","Arunachal Pradesh","Landslides and Mudflows","07-07-2026","1","1","5","0","0","0","0","0","0.50","0","0.00","0","0","0"
"2155","Assam","Floods","07-07-2026","5","33","2024","0","0","0","279","14847","811.00","23","112.80","0","1","38"
"2156","Assam","Hailstorm","07-07-2026","1","1","0","0","0","0","0","0","0.00","1","10.20","0","0","0"
"2157","Assam","Other : Erosion","07-07-2026","1","0","0","0","0","0","0","0","0.00","1","4.32","0","0","0"
"2158","Assam","Other : Non Flood Drowning ","07-07-2026","1","1","1","1","0","0","0","0","0.00","0","0.00","0","0","0"
"2159","Chhattisgarh","Other : ","07-07-2026","1","0","0","1","0","0","0","0","0.00","0","0.00","0","0","0"
"2160","Gujarat","Floods","07-07-2026","1","0","0","0","0","0","0","1","0.00","0","49.33","0","0","0"
"2161","Gujarat","Heavy Rain","07-07-2026","13","15","0","8","0","0","72","6","0.00","3","5472.72","90","0","0"
"2162","Gujarat","Thunder and Lightening","07-07-2026","7","5","0","1","0","0","3","8","0.00","0","83.63","0","0","0"
"2163","Haryana","Other : ","07-07-2026","1","0","0","0","0","0","0","0","0.00","0","2.00","0","0","0"
"2164","Himachal Pradesh","Air, Road and Rail Accidents","07-07-2026","2","0","0","2","5","0","0","0","0.00","0","0.00","0","0","0"
"2165","Himachal Pradesh","Electrical Disasters and fires","07-07-2026","1","1","8","0","0","0","2","0","0.00","0","0.00","0","0","0"
"2166","Himachal Pradesh","Hailstorm","07-07-2026","1","0","0","0","0","0","0","0","0.00","0","11.30","0","0","0"
"2167","Himachal Pradesh","Heavy Rain","07-07-2026","2","0","0","0","0","0","1","0","0.00","0","4.30","0","0","0"
"2168","Himachal Pradesh","Landslides and Mudflows","07-07-2026","1","1","1","1","0","0","0","0","0.00","0","0.00","0","0","0"
"2169","Jammu and Kashmir","Floods","07-07-2026","1","0","0","0","0","0","14","0","0.00","27","0.00","0","0","0"
"2170","Jharkhand","Heavy Rain","07-07-2026","2","373","19773","0","0","0","1","0","0.00","1","5.40","0","0","0"
"2171","Jharkhand","Other : No event","07-07-2026","1","0","0","0","0","0","0","0","0.00","0","0.00","0","0","0"
"2172","Jharkhand","Thunder and Lightening","07-07-2026","1","1","0","0","0","0","0","3","0.00","0","2.00","0","0","0"
"2173","Karnataka","Heavy Rain","07-07-2026","5","0","0","0","0","0","25","3","0.00","0","173.30","0","0","0"
"2174","Kerala","Heavy Rain","07-07-2026","9","4","110","1","5","0","67","0","0.00","0","213.11","0","1","5"
"2175","Kerala","Landslides and Mudflows","07-07-2026","1","1","85","3","10","5","1","0","0.00","2","63.70","97","1","85"
"2176","Kerala","Other : ","07-07-2026","2","0","0","0","0","1","0","0","0.00","0","2.10","0","0","0"
"2177","Kerala","Other : Strong wind","07-07-2026","1","0","0","0","0","0","1","0","0.00","0","0.00","0","0","0"
"2178","Maharashtra","Floods","07-07-2026","3","0","0","1","0","0","0","13","0.00","0","0.00","0","0","0"
"2179","Maharashtra","Heavy Rain","07-07-2026","3","0","0","0","0","0","122","4","0.00","0","0.00","0","0","0"
"2180","Maharashtra","Landslides and Mudflows","07-07-2026","3","0","0","4","0","3","0","0","0.00","0","70.90","0","0","0"
"2181","Maharashtra","Other : Drowning ","07-07-2026","4","0","0","10","0","1","0","0","0.00","0","108.70","0","0","0"
"2182","Maharashtra","Other : Structure Collaps ","07-07-2026","1","0","0","0","0","0","2","2","0.00","0","46.60","0","0","0"
"2183","Maharashtra","Other : Strucuture collaps ","07-07-2026","1","0","0","0","0","0","2","0","0.00","0","0.00","0","0","0"
"2184","Maharashtra","Other : Tree Fall ","07-07-2026","3","0","0","1","1","0","25","0","0.00","0","116.40","0","0","0"
"2185","Maharashtra","Thunder and Lightening","07-07-2026","2","0","0","1","0","0","0","1","0.00","0","0.00","0","0","0"
"2186","Meghalaya","Village Fire","07-07-2026","1","1","10","0","0","0","0","0","0.00","0","6.80","0","0","0"
"2187","Mizoram","Landslides and Mudflows","07-07-2026","2","1","0","0","0","0","1","0","0.00","0","0.00","0","0","0"
"2188","Puducherry","Heavy Rain","07-07-2026","4","0","0","0","0","0","1","0","0.00","0","60.60","0","0","0"
"2189","Rajasthan","Floods","07-07-2026","16","0","0","1","3","0","0","0","0.00","0","424.00","0","0","0"
"2190","Rajasthan","Thunder and Lightening","07-07-2026","2","0","0","6","0","0","0","0","0.00","0","83.00","0","0","0"
"2191","Sikkim","Heavy Rain","07-07-2026","2","6","103","0","0","0","15","0","0.00","3","64.30","0","0","0"
"2192","West Bengal","Other : Drowning","07-07-2026","1","0","0","1","0","0","0","0","0.00","0","0.00","0","0","0"
"2193","West Bengal","Other : Wall Collapsed and landslide","07-07-2026","1","4","19","0","0","0","2","0","0.00","0","0.00","0","0","0"
"2194","West Bengal","Thunder and Lightening","07-07-2026","1","0","0","1","0","0","0","0","0.00","0","0.00","0","0","0"
"2195","Arunachal Pradesh","Floods","06-07-2026","1","2","800","0","0","0","0","0","0.00","1","15.10","0","0","0"
"2196","Arunachal Pradesh","Heavy Rain","06-07-2026","1","1","0","0","0","0","0","0","0.00","0","0.00","0","0","0"
"2197","Arunachal Pradesh","Landslides and Mudflows","06-07-2026","2","2","1080","0","0","0","0","0","0.00","2","30.40","0","0","0"
"2198","Arunachal Pradesh","Others","06-07-2026","1","3","0","0","0","0","0","0","0.00","2","0.00","0","0","0"
"2199","Assam","Air, Road and Rail Accidents","06-07-2026","1","0","0","3","9","0","0","0","0.00","0","0.00","0","0","0"
"2200","Assam","Electrical Disasters and fires","06-07-2026","1","1","6","0","0","0","1","0","0.00","0","8.40","0","0","0"
"2201","Assam","Floods","06-07-2026","5","16","3320","1","0","0","615","13011","359.00","2","34.80","0","2","136"
"2202","Assam","Other : 0","06-07-2026","1","0","0","0","0","0","0","1","0.00","0","641.90","0","0","0"
"2203","Assam","Other : Drowning","06-07-2026","1","0","0","1","0","1","0","0","0.00","0","0.00","0","0","0"
"2204","Assam","Other : Erosion","06-07-2026","1","1","0","0","0","0","0","0","0.00","0","0.00","0","0","0"
"2205","Assam","Other : Storm","06-07-2026","3","15","0","0","0","0","0","0","0.00","15","7.40","0","0","0"
"2206","Assam","Other : Strom","06-07-2026","1","4","164","0","0","0","34","0","0.00","0","11.04","0","0","0"
"2207","Chhattisgarh","Other : Drowning into water filled pit ","06-07-2026","1","0","0","2","0","0","0","0","0.00","0","0.00","0","0","0"
"2208","Gujarat","Dam Failures/ Dam Bursts","06-07-2026","1","1","0","0","0","0","0","0","0.00","0","55.00","60","0","0"
"2209","Gujarat","Heavy Rain","06-07-2026","9","12","0","3","0","0","44","20","0.00","1","832.08","234","0","0"
"2210","Gujarat","Thunder and Lightening","06-07-2026","4","1","0","0","0","0","0","69","0.00","0","21.89","0","0","0"
"2211","Haryana","Other : ","06-07-2026","1","0","0","0","0","0","0","0","0.00","0","4.00","0","0","0"
"2212","Himachal Pradesh","Air, Road and Rail Accidents","06-07-2026","2","0","0","1","19","0","1","0","0.00","0","0.00","0","0","0"
"2213","Himachal Pradesh","Electrical Disasters and fires","06-07-2026","1","0","0","0","0","0","1","0","0.00","0","5.50","0","0","0"
"2214","Himachal Pradesh","Heavy Rain","06-07-2026","2","0","0","0","0","0","0","0","0.00","0","0.00","0","0","0"
"2215","Himachal Pradesh","Other : 1 KACHHA HOUSE ","06-07-2026","1","0","0","1","0","0","1","1","0.00","0","0.00","0","0","0"
"2216","Himachal Pradesh","Other : Rain & Road Accident","06-07-2026","1","0","0","1","0","0","0","0","0.00","0","14.20","0","0","0"
"2217","Jammu and Kashmir","Floods","06-07-2026","2","0","0","0","0","0","1","0","0.00","13","0.00","0","0","0"
"2218","Jharkhand","Air, Road and Rail Accidents","06-07-2026","2","0","1","2","1","0","0","0","0.00","0","0.00","0","0","0"
"2219","Jharkhand","Heavy Rain","06-07-2026","1","950","87000","0","0","0","0","0","0.00","0","3.20","0","0","0"
"2220","Karnataka","Heavy Rain","06-07-2026","6","0","0","0","0","0","70","1","0.00","0","154.20","0","0","0"
"2221","Karnataka","Thunder and Lightening","06-07-2026","1","0","0","0","0","0","0","4","0.00","0","0.30","0","0","0"
"2222","Kerala","Heavy Rain","06-07-2026","11","1","0","0","1","1","7","0","1.60","0","52.39","0","0","0"
"2223","Kerala","Other : ","06-07-2026","3","0","0","0","0","0","0","0","0.00","0","6.50","0","0","0"
"2224","Maharashtra","Heavy Rain","06-07-2026","1","0","0","0","0","0","28","0","0.00","0","60.80","0","0","0"
"2225","Maharashtra","Landslides and Mudflows","06-07-2026","2","0","0","1","4","0","3","0","0.00","0","289.30","0","0","0"
"2226","Maharashtra","Other : 2 Animal shelrer, Heavy Rain","06-07-2026","1","0","0","0","0","0","5","0","0.00","0","236.60","0","0","0"
"2227","Maharashtra","Other : Drowning","06-07-2026","4","0","0","4","0","1","0","0","0.00","0","588.20","0","0","0"
"2228","Maharashtra","Other : structure collapse","06-07-2026","2","0","0","13","3","0","0","0","0.00","0","218.20","0","0","0"
"2229","Maharashtra","Other : structure collapse 2 female injured","06-07-2026","1","0","0","2","4","0","0","2","0.00","0","158.70","0","0","0"
"2230","Maharashtra","Other : Tree fall","06-07-2026","1","0","0","0","0","0","1","0","0.00","0","236.60","0","0","0"
"2231","Maharashtra","Other : Tree Fall","06-07-2026","1","0","0","1","0","0","0","0","0.00","0","159.20","0","0","0"
"2232","Meghalaya","Village Fire","06-07-2026","1","1","6","0","0","0","1","0","0.00","0","3.40","0","0","0"
"2233","Puducherry","Heavy Rain","06-07-2026","1","0","0","0","0","0","1","0","0.00","0","0.00","0","0","0"
"2234","Punjab","Heavy Rain","06-07-2026","1","0","0","0","0","0","0","0","0.00","0","30.00","0","0","0"
"2235","Uttarakhand","Air, Road and Rail Accidents","06-07-2026","3","0","0","3","11","0","0","0","0.00","0","0.00","0","0","0"
"2236","Uttarakhand","Other : fall into the gorge.","06-07-2026","1","0","0","0","1","0","0","0","0.00","0","0.00","0","0","0"
"2237","West Bengal","Other : Tree Falling","06-07-2026","1","0","0","1","0","0","0","0","0.00","0","0.00","0","0","0"
"2238","West Bengal","Other : Wall Collapse","06-07-2026","1","0","0","1","0","0","0","0","0.00","0","0.00","0","0","0"
"2239","Arunachal Pradesh","Earthquakes","05-07-2026","1","0","0","0","0","0","0","0","0.00","0","0.00","0","0","0"
"2240","Arunachal Pradesh","Floods","05-07-2026","1","1","0","0","0","0","0","0","0.00","164","0.00","0","0","0"
"2241","Assam","Electrical Disasters and fires","05-07-2026","1","1","0","0","0","0","1","0","0.00","1","0.00","0","0","0"
"2242","Assam","Floods","05-07-2026","4","15","3917","1","0","0","91","14014","70.00","1","23.00","0","2","165"
"2243","Assam","Other : Drowning","05-07-2026","1","1","1","1","0","0","0","0","0.00","0","0.00","0","0","0"
"2244","Assam","Other : Erosion","05-07-2026","1","1","57","0","0","0","18","0","1.50","0","0.00","0","0","0"
"2245","Assam","Other : Storm","05-07-2026","1","1","4","0","0","0","1","0","0.00","0","15.24","0","0","0"
"2246","Chhattisgarh","Other : DROWNING INTO THE POND ","05-07-2026","1","0","0","1","0","0","0","0","0.00","0","0.00","0","0","0"
"2247","Chhattisgarh","Other : stone collapse","05-07-2026","1","0","0","2","0","0","0","0","0.00","0","0.00","0","0","0"
"2248","Gujarat","Cloud Burst","05-07-2026","1","2","0","1","3","0","3","0","0.00","0","9.30","0","0","0"
"2249","Gujarat","Floods","05-07-2026","2","0","0","1","0","0","5","0","0.00","0","18.38","0","0","0"
"2250","Gujarat","Heavy Rain","05-07-2026","13","8","258","3","3","0","36","150","0.00","0","4895.28","264","1","6"
"2251","Gujarat","Thunder and Lightening","05-07-2026","4","3","0","0","0","0","1","5","0.00","0","54.00","0","0","0"
"2252","Himachal Pradesh","Air, Road and Rail Accidents","05-07-2026","2","0","0","1","5","0","1","0","0.00","0","0.00","0","0","0"
"2253","Himachal Pradesh","Heavy Rain","05-07-2026","2","0","0","0","0","0","0","0","0.00","1","0.00","0","0","0"
"2254","Himachal Pradesh","Landslides and Mudflows","05-07-2026","1","1","5","1","4","0","0","0","0.00","0","0.00","0","0","0"
"2255","Himachal Pradesh","Other : ","05-07-2026","1","0","0","0","0","0","0","0","0.00","0","11.20","0","0","0"
"2256","Kerala","Floods","05-07-2026","1","0","0","0","0","0","2","0","0.00","0","26.00","0","0","0"
"2257","Kerala","Heavy Rain","05-07-2026","8","0","0","1","0","0","9","0","0.00","0","139.73","1","0","0"
"2258","Kerala","Other : ","05-07-2026","4","0","0","0","0","0","0","0","0.00","0","39.66","0","0","0"
"2259","Kerala","Other : Nil","05-07-2026","1","0","0","0","0","0","0","0","0.00","0","24.47","0","0","0"
"2260","Maharashtra","Air, Road and Rail Accidents","05-07-2026","1","0","0","1","0","0","0","0","0.00","0","12.80","0","0","0"
"2261","Maharashtra","Heavy Rain","05-07-2026","1","0","0","0","0","0","4","0","0.00","0","89.70","0","0","0"
"2262","Maharashtra","Landslides and Mudflows","05-07-2026","1","0","0","1","0","0","0","0","0.00","0","105.20","0","0","0"
"2263","Maharashtra","Other : Accidental Drowning","05-07-2026","1","0","0","1","0","0","0","0","0.00","0","89.70","0","0","0"
"2264","Maharashtra","Other : Electric Shock","05-07-2026","1","0","0","0","0","0","0","2","0.00","0","5.60","0","0","0"
"2265","Maharashtra","Other : Structure collapse ","05-07-2026","1","0","0","0","1","0","0","0","0.00","0","12.80","0","0","0"
"2266","Maharashtra","Other : Structured collapes","05-07-2026","1","0","0","0","2","0","0","0","0.00","0","130.20","0","0","0"
"2267","Maharashtra","Other : Tree fall","05-07-2026","1","0","0","0","2","0","0","0","0.00","0","130.20","0","0","0"
"2268","Puducherry","Heavy Rain","05-07-2026","4","0","0","0","0","0","0","0","0.00","0","6.20","0","0","0"
"2269","Sikkim","Heavy Rain","05-07-2026","1","1","45","0","0","0","0","0","0.00","0","4.50","0","0","0"
"2270","Sikkim","Other : 0","05-07-2026","5","0","0","0","0","0","0","0","0.00","0","100.20","0","0","0"
"2271","West Bengal","Other : Drowning","05-07-2026","1","0","0","1","0","0","0","0","0.00","0","0.00","0","0","0"
"2272","West Bengal","Other : Electrocution","05-07-2026","1","0","0","1","0","0","0","0","0.00","0","0.00","0","0","0"
"2273","Assam","Air, Road and Rail Accidents","04-07-2026","1","0","0","0","1","0","0","0","0.00","0","0.25","0","0","0"
"2274","Assam","Electrical Disasters and fires","04-07-2026","1","0","0","1","0","0","0","0","0.00","0","0.25","0","0","0"
"2275","Assam","Floods","04-07-2026","5","24","6544","1","0","0","0","25983","4190.00","4","45.00","0","2","153"
"2276","Assam","Other : ","04-07-2026","1","1","1","1","0","0","0","0","0.00","0","15.00","0","0","0"
"2277","Assam","Other : Erosion","04-07-2026","1","1","0","0","0","0","0","0","0.00","0","2.40","0","0","0"
"2278","Assam","Other : Non flood death","04-07-2026","1","0","0","1","0","0","0","0","0.00","0","0.00","0","0","0"
"2279","Assam","Other : Storm","04-07-2026","1","1","0","0","0","0","0","0","0.00","3","1.00","0","0","0"
"2280","Assam","Thunder and Lightening","04-07-2026","1","2","0","0","0","0","0","1","0.00","1","56.04","0","0","0"
"2281","Chhattisgarh","Other : snake bite ","04-07-2026","3","0","0","6","0","0","0","0","0.00","0","0.00","0","0","0"
"2282","Chhattisgarh","Thunder and Lightening","04-07-2026","3","0","0","3","1","0","0","9","0.00","0","0.00","0","0","0"
"2283","Gujarat","Heavy rain","04-07-2026","1","0","0","0","0","0","0","1","0.00","0","0.00","0","0","0"
"2284","Gujarat","Heavy Rain","04-07-2026","14","18","0","3","0","0","55","48","0.00","0","6621.44","392","0","0"
"2285","Gujarat","Thunder and Lightening","04-07-2026","7","5","0","1","0","0","16","22","0.00","0","225.88","0","0","0"
"2286","Himachal Pradesh","Air, Road and Rail Accidents","04-07-2026","1","0","0","0","1","0","0","0","0.00","0","0.00","0","0","0"
"2287","Himachal Pradesh","Floods","04-07-2026","1","0","0","0","0","0","0","0","0.00","0","5.00","0","0","0"
"2288","Himachal Pradesh","Heavy Rain","04-07-2026","1","0","0","0","0","0","0","0","0.00","0","0.40","0","0","0"
"2289","Himachal Pradesh","Other : ","04-07-2026","1","0","0","1","0","0","0","0","0.00","0","0.00","0","0","0"
"2290","Himachal Pradesh","Other : HEAVY RAIN","04-07-2026","1","0","0","0","0","0","1","0","0.00","0","0.00","0","0","0"
"2291","Himachal Pradesh","Other : HPSEBL","04-07-2026","1","0","0","0","0","0","0","0","0.00","0","0.00","0","0","0"
"2292","Himachal Pradesh","Other : Industrial Fire Incident ","04-07-2026","1","0","0","0","2","0","0","0","0.00","0","0.00","0","0","0"
"2293","Jharkhand","Air, Road and Rail Accidents","04-07-2026","1","0","0","1","0","0","0","0","0.00","0","7.20","0","0","0"
"2294","Jharkhand","Other : no event","04-07-2026","1","0","0","0","0","0","0","0","0.00","0","0.00","0","0","0"
"2295","Karnataka","Heavy Rain","04-07-2026","4","0","0","0","0","0","55","0","0.00","0","212.50","0","0","0"
"2296","Kerala","Heavy Rain","04-07-2026","8","0","0","0","0","0","7","0","0.00","0","431.19","0","0","0"
"2297","Kerala","Other : ","04-07-2026","3","0","0","1","0","0","7","0","0.00","0","138.73","0","0","0"
"2298","Kerala","Other : 0","04-07-2026","1","0","0","0","0","0","0","0","0.00","0","0.00","0","0","0"
"2299","Kerala","Other : Human Animal Conflict","04-07-2026","1","0","0","0","2","0","0","0","0.20","0","0.00","0","0","0"
"2300","Kerala","Other : Strong wind","04-07-2026","1","0","0","0","0","0","0","0","0.06","0","0.00","0","0","0"
"2301","Kerala","Thunder and Lightening","04-07-2026","1","0","0","0","0","0","0","0","0.80","0","50.10","0","0","0"
"2302","Maharashtra","Floods","04-07-2026","1","0","0","1","0","0","0","0","0.00","0","0.00","0","0","0"
"2303","Maharashtra","Heavy Rain","04-07-2026","1","5","0","0","0","0","13","0","0.00","0","102.40","0","0","0"
"2304","Maharashtra","Other : Accidental Drowning","04-07-2026","2","0","0","1","0","0","0","0","0.00","0","156.90","0","0","0"
"2305","Maharashtra","Other : Electronic Shock","04-07-2026","1","0","0","1","0","0","0","0","0.00","0","86.30","0","0","0"
"2306","Maharashtra","Other : Residential Fire","04-07-2026","1","0","0","0","11","0","0","0","0.00","0","0.00","0","0","0"
"2307","Maharashtra","Other : Structure Collapes","04-07-2026","1","0","0","2","0","0","0","0","0.00","0","22.40","0","0","0"
"2308","Maharashtra","Other : Structure Collapse","04-07-2026","2","0","0","0","3","0","0","0","0.00","0","199.80","0","0","0"
"2309","Puducherry","Heavy Rain","04-07-2026","3","0","0","0","0","0","0","0","0.00","0","59.60","0","0","0"
"2310","Sikkim","Heavy Rain","04-07-2026","1","1","45","0","0","0","0","0","0.00","0","11.00","0","0","0"
"2311","Sikkim","Landslides and Mudflows","04-07-2026","1","1","4","0","0","0","0","0","0.00","0","13.10","0","0","0"
"2312","Sikkim","Other : ","04-07-2026","1","1","4","0","0","0","0","0","0.00","0","5.20","0","0","0"
"2313","Sikkim","Other : 0","04-07-2026","3","2","20","0","0","0","5","0","0.00","0","105.60","0","0","0"
"2314","West Bengal","Other : Drowning","04-07-2026","2","0","0","2","0","0","0","0","0.00","0","0.00","0","0","0"
"2315","West Bengal","Thunder and Lightening","04-07-2026","1","0","0","1","3","0","0","0","0.00","0","0.00","0","0","0"
"2316","Arunachal Pradesh","Earthquakes","03-07-2026","1","0","0","0","0","0","0","0","0.00","0","0.00","0","0","0"
"2317","Arunachal Pradesh","Floods","03-07-2026","2","31","7","7","0","0","28","0","0.00","28","7.00","0","0","0"
"2318","Assam","Flash Flood ","03-07-2026","1","2","0","0","0","0","0","0","0.00","0","0.00","0","0","0"
"2319","Assam","Floods","03-07-2026","3","17","6678","0","0","0","3","4765","106.00","2","41.00","0","2","129"
"2320","Assam","Other : ","03-07-2026","1","0","0","0","0","0","1","0","0.00","0","0.00","0","0","0"
"2321","Assam","Other : Due to Storm","03-07-2026","1","1","0","0","0","0","0","0","0.00","3","41.00","0","0","0"
"2322","Assam","Other : Erosion","03-07-2026","1","2","0","0","0","0","0","0","0.00","0","0.00","0","0","0"
"2323","Assam","Other : General Drowning ","03-07-2026","1","1","1","1","0","0","0","0","0.00","0","11.20","0","0","0"
"2324","Assam","Other : Non Flood Drowning ","03-07-2026","1","1","1","1","0","0","0","0","0.00","0","0.00","0","0","0"
"2325","Assam","Other :  Non-Flood Drowning Death ","03-07-2026","1","1","1","1","0","0","0","0","0.00","0","0.00","0","0","0"
"2326","Assam","Other : Storm ","03-07-2026","1","2","0","0","0","0","0","0","0.00","0","0.00","0","0","0"
"2327","Assam","Other : Storm and Lightning","03-07-2026","1","8","0","0","0","0","0","0","0.00","11","38.90","0","0","0"
"2328","Assam","Thunder and Lightening","03-07-2026","4","2","2","3","1","0","0","0","0.00","0","5.33","0","0","0"
"2329","Assam","Village Fire","03-07-2026","1","1","5","0","0","0","1","0","0.00","1","8.00","0","0","0"
"2330","Gujarat","Heavy Rain","03-07-2026","7","3","1","1","0","0","9","2","0.00","0","3180.67","0","0","0"
"2331","Gujarat","Other : ","03-07-2026","1","0","0","0","0","0","0","1","0.00","0","0.00","0","0","0"
"2332","Gujarat","Thunder and Lightening","03-07-2026","8","2","0","0","3","0","7","26","0.00","0","230.11","0","0","0"
"2333","Haryana","Other : ","03-07-2026","1","0","0","0","0","0","0","0","0.00","0","4.00","0","0","0"
"2334","Himachal Pradesh","Air, Road and Rail Accidents","03-07-2026","2","0","0","1","10","0","0","0","0.00","0","5.30","0","0","0"
"2335","Himachal Pradesh","Other : ","03-07-2026","3","0","0","2","0","0","1","0","0.00","0","0.00","0","0","0"
"2336","Himachal Pradesh","Other : fall from Cliff","03-07-2026","1","1","5","0","0","0","0","1","0.00","0","0.00","0","0","0"
"2337","Himachal Pradesh","Other : Road Accident & Cloudburst","03-07-2026","1","0","0","0","2","0","0","0","0.00","1","0.00","0","0","0"
"2338","Jammu and Kashmir","Cloud Burst","03-07-2026","1","0","0","0","0","0","0","110","0.00","0","0.00","0","0","0"
"2339","Jharkhand","Landslides and Mudflows","03-07-2026","1","0","1","1","0","0","0","0","0.00","0","0.00","0","0","0"
"2340","Jharkhand","Thunder and Lightening","03-07-2026","3","3","8","5","2","0","0","0","0.00","0","92.00","0","0","0"
"2341","Kerala","Heavy Rain","03-07-2026","10","0","0","0","0","0","9","0","0.00","1","266.06","0","0","0"
"2342","Kerala","Other : ","03-07-2026","2","0","0","0","0","0","0","0","0.00","0","23.46","0","0","0"
"2343","Kerala","Other :  Strong Wind","03-07-2026","1","0","0","0","0","0","1","0","0.00","0","16.15","0","0","0"
"2344","Maharashtra","Floods","03-07-2026","1","0","0","0","0","0","0","11","0.00","0","9.20","0","0","0"
"2345","Maharashtra","Heavy Rain","03-07-2026","1","0","0","0","0","0","0","1","0.00","0","5.10","0","0","0"
"2346","Maharashtra","Other : Accidental Drowning","03-07-2026","2","0","0","2","0","0","0","0","0.00","0","4.20","0","0","0"
"2347","Maharashtra","Other : Electronic Currant ","03-07-2026","1","0","0","1","0","0","0","0","0.00","0","0.00","0","0","0"
"2348","Maharashtra","Other : Road Accident","03-07-2026","1","0","0","0","11","0","0","0","0.00","0","0.00","0","0","0"
"2349","Maharashtra","Other : Structure Collapes ","03-07-2026","1","0","0","1","0","0","1","0","0.00","0","880.20","0","0","0"
"2350","Maharashtra","Other : Structure Collapse ","03-07-2026","1","0","0","0","2","0","0","0","0.00","0","69.50","0","0","0"
"2351","Maharashtra","Other : Tree Fall","03-07-2026","2","0","0","1","1","0","0","0","0.00","0","170.50","0","0","0"
"2352","Maharashtra","Thunder and Lightening","03-07-2026","1","0","0","0","0","0","0","1","0.00","0","1.80","0","0","0"
"2353","Mizoram","Landslides and Mudflows","03-07-2026","2","8","0","0","0","0","8","0","0.00","1","0.00","0","0","0"
"2354","Puducherry","Heavy Rain","03-07-2026","4","0","0","0","0","0","0","0","0.00","0","19.20","0","0","0"
"2355","Rajasthan","Thunder and Lightening","03-07-2026","1","0","0","1","3","0","0","0","0.00","0","34.00","0","0","0"
"2356","Sikkim","Other : 0","03-07-2026","6","0","0","0","0","0","0","0","0.00","0","55.90","0","0","0"
"2357","Tripura","Other : Drowning","03-07-2026","2","0","0","3","0","0","0","0","0.00","0","0.00","0","0","0"
"2358","West Bengal","Other : Drowning","03-07-2026","1","0","0","2","0","0","0","0","0.00","0","0.00","0","0","0"
"2359","West Bengal","Thunder and Lightening","03-07-2026","2","0","0","2","0","0","0","0","0.00","0","0.00","0","0","0"
"2360","Arunachal Pradesh","Floods","02-07-2026","2","2","0","0","0","0","0","0","11.00","8","0.00","0","0","0"
"2361","Arunachal Pradesh","Heavy Rain","02-07-2026","2","2","1661","0","0","0","0","0","2.00","45","0.00","0","0","0"
"2362","Arunachal Pradesh","Landslides and Mudflows","02-07-2026","4","5","77","0","0","0","2","0","0.00","6","0.00","0","0","0"
"2363","Assam","","02-07-2026","1","0","0","0","0","0","0","0","0.00","0","0.00","0","0","0"
"2364","Assam","Floods","02-07-2026","5","53","28947","0","0","0","0","36939","393.00","8","0.00","0","2","129"
"2365","Assam","Forest Fires","02-07-2026","1","0","0","0","0","0","1","0","0.00","0","0.00","0","0","0"
"2366","Assam","Heavy Rain","02-07-2026","1","0","0","0","0","0","0","0","0.00","1","2.10","0","0","0"
"2367","Assam","Other : ","02-07-2026","1","1","0","0","0","0","0","0","0.00","1","0.00","0","0","0"
"2368","Assam","Other : erosion","02-07-2026","1","1","12","0","0","0","0","0","0.00","0","16.20","0","0","0"
"2369","Assam","Other : Storm","02-07-2026","2","2","0","0","0","0","0","0","0.00","4","38.90","0","0","0"
"2370","Gujarat","Heavy Rain","02-07-2026","4","6","0","0","0","0","10","0","0.00","0","1916.00","0","0","0"
"2371","Gujarat","Other : -","02-07-2026","1","0","0","0","0","0","0","1","0.00","0","45.00","0","0","0"
"2372","Gujarat","Thunder and Lightening","02-07-2026","4","2","1","0","0","0","3","0","0.00","0","296.00","0","0","0"
"2373","Haryana","Other : ","02-07-2026","2","0","0","0","0","0","0","0","0.00","0","16.00","0","0","0"
"2374","Himachal Pradesh","Air, Road and Rail Accidents","02-07-2026","2","0","0","0","2","0","0","0","0.00","0","6.60","0","0","0"
"2375","Himachal Pradesh","Cloud Burst","02-07-2026","1","0","0","0","0","0","0","0","0.00","0","0.00","0","0","0"
"2376","Himachal Pradesh","Heavy Rain","02-07-2026","5","4","20","0","0","0","7","0","0.00","0","13.20","0","0","0"
"2377","Himachal Pradesh","Landslides and Mudflows","02-07-2026","1","0","0","1","0","0","0","0","0.00","0","0.00","0","0","0"
"2378","Himachal Pradesh","Other : ","02-07-2026","1","0","0","2","0","0","0","0","0.00","0","4.00","0","0","0"
"2379","Himachal Pradesh","Other : Due to Drowning","02-07-2026","1","0","0","1","0","0","0","0","0.00","0","6.60","0","0","0"
"2380","Himachal Pradesh","Other : Fall from Cliff","02-07-2026","1","1","1","1","0","0","0","0","0.00","0","0.00","0","0","0"
"2381","Jharkhand","Other : Disaster Type Snake Bite","02-07-2026","1","0","1","1","0","0","0","0","0.00","0","0.00","0","0","0"
"2382","Jharkhand","Thunder and Lightening","02-07-2026","1","0","0","1","0","0","0","0","0.00","0","0.00","0","0","0"
"2383","Kerala","Floods","02-07-2026","1","0","0","0","0","0","0","0","0.00","0","2.16","0","0","0"
"2384","Kerala","Heavy Rain","02-07-2026","10","1","2","0","2","0","5","0","0.20","0","197.76","0","0","0"
"2385","Kerala","Other : ","02-07-2026","2","0","0","0","0","1","0","0","0.00","0","8.33","0","0","0"
"2386","Kerala","Other : Human-Wildlife Conflict","02-07-2026","1","0","0","0","1","0","0","0","0.00","0","8.10","0","0","0"
"2387","Maharashtra","Chemical and industrial Disasters","02-07-2026","1","0","0","0","2","0","0","0","0.00","0","109.90","0","0","0"
"2388","Maharashtra","Floods","02-07-2026","1","1","0","0","0","0","0","4","0.00","0","50.40","0","0","0"
"2389","Maharashtra","Other : Drowning","02-07-2026","1","0","0","1","0","0","0","0","0.00","0","204.60","0","0","0"
"2390","Maharashtra","Urban Fires","02-07-2026","1","0","0","0","1","0","0","0","0.00","0","204.60","0","0","0"
"2391","Meghalaya","Heavy Rain","02-07-2026","1","1","0","0","0","0","0","0","0.00","1","192.90","0","0","0"
"2392","Meghalaya","Village Fire","02-07-2026","1","1","6","0","0","0","1","0","0.00","0","192.90","0","0","0"
"2393","Mizoram","Landslides and Mudflows","02-07-2026","2","1","0","0","0","0","0","0","0.00","0","0.00","0","0","0"
"2394","Puducherry","Heavy Rain","02-07-2026","4","0","0","0","0","0","0","0","0.00","0","89.80","0","0","0"
"2395","Punjab","Heavy Rain","02-07-2026","9","1","0","0","0","0","1","0","0.00","0","382.57","0","0","0"
"2396","Sikkim","Landslides and Mudflows","02-07-2026","2","1","6","0","0","0","2","0","0.00","0","20.80","0","1","13"
"2397","Sikkim","Other : ","02-07-2026","1","4","25","0","0","0","0","0","0.00","0","2.50","0","0","0"
"2398","Sikkim","Other : 0","02-07-2026","4","0","0","0","0","0","0","0","0.00","0","35.30","0","0","0"
"2399","West Bengal","Other : Heavy Rainfall and Lightning","02-07-2026","1","1","1","1","0","0","0","0","0.00","0","65.00","0","0","0"
"2400","West Bengal","Other : Rainfall","02-07-2026","1","4","3100","0","0","0","15","0","0.00","0","50.00","0","0","0"
"2401","Arunachal Pradesh","Heavy Rain","01-07-2026","3","6","2","0","0","0","0","2","1.00","5","0.00","7","0","0"
"2402","Arunachal Pradesh","Landslides and Mudflows","01-07-2026","4","4","19","1","0","0","1","0","0.00","3","0.00","0","0","0"
"2403","Arunachal Pradesh","Other : ","01-07-2026","1","1","66","0","0","0","0","0","5.00","0","0.00","0","0","0"
"2404","Assam","Air, Road and Rail Accidents","01-07-2026","1","0","0","1","2","0","0","0","0.00","0","0.00","0","0","0"
"2405","Assam","Floods","01-07-2026","6","194","50074","1","0","0","0","81990","3501.00","8","11.00","434","4","468"
"2406","Assam","Other : Erosion","01-07-2026","2","3","6","0","0","0","0","0","2.50","2","0.00","0","0","0"
"2407","Assam","Thunder and Lightening","01-07-2026","2","1","1","2","0","0","0","1","0.00","0","11.00","0","0","0"
"2408","Gujarat","Heavy Rain","01-07-2026","2","18","0","2","2","0","19","3","0.00","0","855.00","0","0","0"
"2409","Gujarat","Thunder and Lightening","01-07-2026","1","0","0","0","0","0","2","0","0.00","0","0.00","0","0","0"
"2410","Himachal Pradesh","Air, Road and Rail Accidents","01-07-2026","4","0","0","4","4","0","1","0","0.00","0","0.00","0","0","0"
"2411","Himachal Pradesh","Other : ","01-07-2026","2","0","0","2","5","0","1","0","0.00","0","0.00","0","0","0"
"2412","Himachal Pradesh","Other : Bear Attack","01-07-2026","1","1","1","0","1","0","0","0","0.00","0","0.00","0","0","0"
"2413","Jharkhand","Air, Road and Rail Accidents","01-07-2026","1","0","0","0","0","0","0","0","0.00","0","0.00","0","0","0"
"2414","Jharkhand","No event","01-07-2026","1","0","0","0","0","0","0","0","0.00","0","0.00","0","0","0"
"2415","Jharkhand","Thunder and Lightening","01-07-2026","1","16","24457","0","0","0","0","0","0.00","0","4.30","0","0","0"
"2416","Karnataka","Heavy Rain","01-07-2026","3","0","6","3","3","0","8","0","0.00","0","107.80","0","0","0"
"2417","Kerala","Heavy Rain","01-07-2026","10","1","0","1","2","0","6","0","0.00","0","302.05","0","0","0"
"2418","Kerala","No Event: ","01-07-2026","1","0","0","0","0","0","0","0","0.00","0","0.00","0","0","0"
"2419","Kerala","Other : ","01-07-2026","3","0","0","0","0","1","0","0","0.10","0","56.03","0","0","0"
"2420","Maharashtra","Other : Drowning","01-07-2026","1","0","0","2","0","0","0","0","0.00","0","3.20","0","0","0"
"2421","Maharashtra","Other : Structure Collapsed","01-07-2026","1","0","0","1","0","0","0","0","0.00","0","69.60","0","0","0"
"2422","Maharashtra","Other : Tree Fall","01-07-2026","2","0","0","1","1","0","0","0","0.00","0","195.30","0","0","0"
"2423","Maharashtra","Thunder and Lightening","01-07-2026","2","0","0","1","0","0","0","2","0.00","0","7.90","0","0","0"
"2424","Meghalaya","Landslides and Mudflows","01-07-2026","1","2","12","0","0","0","3","0","0.00","1","21.40","0","0","0"
"2425","Meghalaya","Village Fire","01-07-2026","2","2","11","0","0","0","2","0","0.00","0","21.50","0","0","0"
"2426","Mizoram","Landslides and Mudflows","01-07-2026","1","1","1","0","0","0","0","0","0.00","0","0.00","0","0","0"
"2427","Puducherry","Heavy Rain","01-07-2026","4","0","0","0","0","0","0","0","0.00","0","41.00","0","0","0"
"2428","Punjab","Heavy Rain","01-07-2026","1","0","0","0","0","0","0","0","0.00","0","50.00","0","0","0"
"2429","Punjab","Other : Rain","01-07-2026","1","4","0","0","0","0","1","0","0.00","0","0.00","0","0","0"
"2430","Sikkim","Heavy Rain","01-07-2026","2","1","28","0","0","0","16","0","0.00","0","20.80","0","0","0"
"2431","Sikkim","Landslides and Mudflows","01-07-2026","2","4","16","0","0","0","0","0","0.00","0","3.80","0","1","50"
"2432","Sikkim","Other : ","01-07-2026","1","0","0","0","0","0","0","0","0.00","0","3.10","0","0","0"
"2433","Sikkim","Other : 0","01-07-2026","1","0","0","0","0","0","0","0","0.00","0","0.60","0","0","0"
"2434","West Bengal","Other : Accidental Fire","01-07-2026","1","0","4","0","0","0","1","0","0.00","0","0.00","0","0","0"
"2435","West Bengal","Other : Drowning","01-07-2026","1","0","0","2","0","0","0","0","0.00","0","0.00","0","0","0"
"2436","West Bengal","Other : Heavy Rainfall, Drowning, Lightning","01-07-2026","1","22","5496","1","0","0","32","0","0.00","0","65.00","0","0","0"
"2437","West Bengal","Other : Landslide and Heavy Rainfall","01-07-2026","1","8","83","0","0","0","3","0","0.00","0","65.00","0","0","0"
"2438","Arunachal Pradesh","Heavy Rain","30-06-2026","1","1","0","0","0","0","0","0","1.00","1","0.00","0","0","0"
"2439","Assam","Floods","30-06-2026","10","225","43671","0","0","0","15","29948","3858.10","10","97.26","0","5","655"
"2440","Assam","Hailstorm","30-06-2026","1","0","0","0","0","0","0","0","0.00","2","41.90","0","0","0"
"2441","Assam","Other : erosion","30-06-2026","1","2","51","0","0","0","1","0","0.00","0","41.90","0","1","51"
"2442","Assam","Sea Erosion","30-06-2026","1","1","38","0","0","0","0","0","0.00","0","913.20","0","0","0"
"2443","Assam","Thunder and Lightening","30-06-2026","2","1","3","1","0","0","0","12","0.00","0","0.00","0","0","0"
"2444","Chhattisgarh","Thunder and Lightening","30-06-2026","2","0","0","4","3","0","0","0","0.00","0","0.00","0","0","0"
"2445","Gujarat","Thunder and Lightening","30-06-2026","1","0","0","0","0","0","0","0","0.00","0","0.00","0","0","0"
"2446","Himachal Pradesh","Air, Road and Rail Accidents","30-06-2026","4","0","0","2","9","0","0","0","0.00","0","17.90","0","0","0"
"2447","Himachal Pradesh","Electrical Disasters and fires","30-06-2026","1","1","0","0","0","0","0","0","0.00","1","0.00","0","0","0"
"2448","Himachal Pradesh","Heavy Rain","30-06-2026","1","0","0","0","0","0","0","0","0.00","0","0.00","0","0","0"
"2449","Himachal Pradesh","Other : ","30-06-2026","2","0","0","2","0","0","0","0","0.00","0","0.00","0","0","0"
"2450","Himachal Pradesh","Other : Fall from height","30-06-2026","1","0","0","1","0","0","0","0","0.00","0","0.00","0","0","0"
"2451","Karnataka","Heavy Rain","30-06-2026","4","0","0","0","0","0","9","0","0.00","0","147.70","0","0","0"
"2452","Kerala","Heavy Rain","30-06-2026","11","1","0","0","0","0","2","0","0.00","0","286.86","0","0","0"
"2453","Kerala","Other : ","30-06-2026","3","0","0","0","0","0","1","0","0.00","0","30.10","0","0","0"
"2454","Maharashtra","Other : Accidental Drowning ","30-06-2026","1","0","0","1","0","0","0","0","0.00","0","8.70","0","0","0"
"2455","Maharashtra","Other : Electric Currant ","30-06-2026","1","0","0","0","0","0","0","2","0.00","0","8.70","0","0","0"
"2456","Maharashtra","Other : Structure Collapes ","30-06-2026","1","0","0","1","0","0","0","0","0.00","0","8.70","0","0","0"
"2457","Maharashtra","Other : Wall collapes","30-06-2026","1","0","0","0","0","0","0","1","0.00","0","8.70","0","0","0"
"2458","Maharashtra","Thunder and Lightening","30-06-2026","5","0","0","3","1","0","0","14","0.00","0","71.80","0","0","0"
"2459","Nagaland","Urban Fires","30-06-2026","1","1","15","0","0","0","4","0","0.00","0","0.00","0","0","0"
"2460","Puducherry","Heavy Rain","30-06-2026","1","0","0","0","0","0","1","0","0.00","0","56.20","0","0","0"
"2461","Rajasthan","Thunder and Lightening","30-06-2026","1","0","0","1","0","0","0","0","0.00","0","48.00","0","0","0"
"2462","Sikkim","Heavy Rain","30-06-2026","5","4","15","0","0","0","8","0","0.00","2","206.80","0","0","0"
"2463","Sikkim","Landslides and Mudflows","30-06-2026","1","5","50","0","0","0","13","0","0.00","0","43.60","0","0","0"
"2464","Tripura","Thunder and Lightening","30-06-2026","1","0","0","0","3","0","0","0","0.00","0","0.00","0","0","0"
"2465","West Bengal","Heavy Rain","30-06-2026","3","24","8734","0","0","0","2","0","0.00","0","200.00","150","1","150"
"2466","West Bengal","Other : Drowning","30-06-2026","1","0","0","3","0","0","0","0","0.00","0","0.00","0","0","0"
"2467","West Bengal","Other : PETROCHEMICAL FIRE","30-06-2026","1","0","0","0","19","0","0","0","0.00","0","0.00","0","0","0"
"2468","West Bengal","Thunder and Lightening","30-06-2026","2","0","0","2","0","0","0","0","0.00","0","0.00","0","0","0"
"2469","Arunachal Pradesh","Heavy Rain","29-06-2026","1","0","20000","0","0","0","0","0","0.00","4","0.00","0","0","0"
"2470","Arunachal Pradesh","Landslides and Mudflows","29-06-2026","2","2","0","0","0","0","0","0","0.00","13","0.00","0","0","0"
"2471","Assam","Air, Road and Rail Accidents","29-06-2026","1","0","0","0","2","0","0","0","0.00","0","29.21","0","0","0"
"2472","Assam","Floods","29-06-2026","7","227","44372","0","0","1","9","16104","1493.77","12","157.81","72","5","503"
"2473","Assam","Hailstorm","29-06-2026","1","2","0","0","0","0","0","0","0.00","2","8.80","0","0","0"
"2474","Assam","Other : ","29-06-2026","1","0","0","1","0","0","0","0","0.00","0","29.21","0","0","0"
"2475","Assam","Other :Drowning","29-06-2026","1","0","0","1","0","0","0","0","0.00","0","0.00","0","0","0"
"2476","Assam","Other : Erosion","29-06-2026","2","2","51","0","0","0","6","0","0.00","0","88.00","0","0","0"
"2477","Assam","Other : Storm","29-06-2026","1","3","0","0","0","0","0","0","0.00","9","39.40","0","0","0"
"2478","Assam","Thunder and Lightening","29-06-2026","3","29","33","0","0","0","4","0","0.00","7","193.20","0","0","0"
"2479","Assam","Village Fire","29-06-2026","2","1","1","0","0","0","2","0","0.00","0","77.81","0","0","0"
"2480","Himachal Pradesh","Air, Road and Rail Accidents","29-06-2026","1","0","0","0","2","0","0","0","0.00","0","0.00","0","0","0"
"2481","Himachal Pradesh","Electrical Disasters and fires","29-06-2026","1","0","0","0","0","0","0","0","0.00","1","36.00","0","0","0"
"2482","Himachal Pradesh","Other : ","29-06-2026","1","0","0","0","0","0","1","0","0.00","0","0.00","0","0","0"
"2483","Himachal Pradesh","Other : Snake Bite","29-06-2026","1","0","0","1","0","0","0","0","0.00","0","0.00","0","0","0"
"2484","Jharkhand","Air, Road and Rail Accidents","29-06-2026","1","0","1","1","0","0","0","0","0.00","0","0.00","0","0","0"
"2485","Jharkhand","Thunder and Lightening","29-06-2026","1","0","0","0","0","0","0","8","0.00","0","0.00","0","0","0"
"2486","Karnataka","Thunder and Lightening","29-06-2026","1","0","0","1","0","0","0","0","0.00","0","3.70","0","0","0"
"2487","Kerala","Floods","29-06-2026","1","0","0","0","0","0","2","0","0.00","0","14.70","0","0","0"
"2488","Kerala","Heavy Rain","29-06-2026","10","0","0","2","0","0","1","0","0.02","0","238.51","0","0","0"
"2489","Kerala","Other : ","29-06-2026","2","0","0","0","0","0","0","0","0.00","0","39.00","0","0","0"
"2490","Maharashtra","Other : Tree Fall ","29-06-2026","1","0","0","0","2","0","0","0","0.00","0","30.40","0","0","0"
"2491","Maharashtra","Snow Avalanches","29-06-2026","1","0","0","0","0","0","0","1","0.00","0","15.00","0","0","0"
"2492","Maharashtra","Thunder and Lightening","29-06-2026","4","0","0","3","4","0","0","1","0.00","0","22.30","0","0","0"
"2493","Puducherry","Heavy Rain","29-06-2026","4","0","0","0","0","0","0","0","0.00","0","36.80","0","0","0"
"2494","Sikkim","Heavy Rain","29-06-2026","4","8","110","0","0","0","20","0","0.00","0","82.40","0","0","0"
"2495","Sikkim","Other : 0","29-06-2026","2","0","0","0","0","0","0","0","0.00","0","336.60","0","0","0"
"2496","West Bengal","Heavy Rain","29-06-2026","2","20","1974","0","0","0","80","0","0.00","0","130.00","0","4","275"
"2497","West Bengal","Other : DROWNING","29-06-2026","2","0","0","3","0","0","0","0","0.00","0","0.00","0","0","0"
"2498","Assam","Air, Road and Rail Accidents","28-06-2026","1","0","0","0","8","0","0","0","0.00","0","21.34","0","0","0"
"2499","Assam","Floods","28-06-2026","6","119","21189","0","0","0","1","45644","2714.00","2","79.60","52","0","0"
"2500","Assam","Other : Erosion","28-06-2026","1","1","11","0","0","0","0","0","0.00","0","0.00","0","0","0"
"2501","Assam","Other : Storm","28-06-2026","1","0","0","0","0","0","0","0","0.00","4","0.00","0","0","0"
"2502","Chhattisgarh","Other : ","28-06-2026","1","0","0","1","0","0","0","0","0.00","0","0.00","0","0","0"
"2503","Chhattisgarh","Other : Structure Collapse","28-06-2026","1","0","0","2","1","0","0","0","0.00","0","0.00","0","0","0"
"2504","Gujarat","Thunder and Lightening","28-06-2026","1","0","0","0","0","0","0","0","0.00","0","0.00","0","0","0"
"2505","Himachal Pradesh","Air, Road and Rail Accidents","28-06-2026","1","1","4","4","0","0","0","0","0.00","0","0.00","0","0","0"
"2506","Himachal Pradesh","Other : Fall from Cliff","28-06-2026","1","1","1","1","0","0","0","0","0.00","0","0.00","0","0","0"
"2507","Kerala","Heavy Rain","28-06-2026","8","0","0","0","0","0","0","0","0.00","0","115.45","0","0","0"
"2508","Kerala","Other : ","28-06-2026","2","0","0","0","0","0","0","0","0.00","0","21.34","0","0","0"
"2509","Maharashtra","Air, Road and Rail Accidents","28-06-2026","1","0","0","2","20","0","0","0","0.00","0","0.00","0","0","0"
"2510","Maharashtra","Other : Drowning","28-06-2026","1","0","0","1","0","0","0","0","0.00","0","0.80","0","0","0"
"2511","Maharashtra","Other : Drowning ","28-06-2026","1","0","0","1","0","0","0","0","0.00","0","0.00","0","0","0"
"2512","Maharashtra","Thunder and Lightening","28-06-2026","2","0","0","1","0","0","0","3","0.00","0","8.50","0","0","0"
"2513","Puducherry","Heavy Rain","28-06-2026","4","0","0","0","0","0","0","0","0.00","0","16.00","0","0","0"
"2514","Uttarakhand","Air, Road and Rail Accidents","28-06-2026","3","0","0","4","6","3","0","0","0.00","0","0.00","0","0","0"
"2515","Uttarakhand","Other : Drowning","28-06-2026","1","0","0","0","0","2","0","0","0.00","0","0.00","0","0","0"
"2516","Uttarakhand","Other : Snake Bite","28-06-2026","1","0","0","1","0","0","0","0","0.00","0","0.00","0","0","0"
"2517","Uttarakhand","Other : wild life inflicts","28-06-2026","1","0","0","1","0","0","0","0","0.00","0","0.00","0","0","0"
"2518","West Bengal","Heavy Rain","28-06-2026","1","11","700","0","0","0","98","0","0.00","0","85.60","120","1","120"
"2519","West Bengal","Landslides and Mudflows","28-06-2026","1","81","2512","0","0","0","6","0","0.00","79","0.00","0","0","0"
"2520","West Bengal","Other : Drowning","28-06-2026","3","1","0","1","0","2","0","0","0.00","0","0.00","0","0","0"
"2521","West Bengal","Other : Snake Bite","28-06-2026","1","0","0","1","0","0","0","0","0.00","0","0.00","0","0","0"
"2522","West Bengal","Thunder and Lightening","28-06-2026","1","0","0","1","0","0","0","0","0.00","0","0.00","0","0","0"
"2523","Assam","Floods","27-06-2026","6","47","2261","0","0","0","0","13623","1659.00","3","23.07","0","2","0"
"2524","Assam","Landslides and Mudflows","27-06-2026","1","2","0","0","0","0","0","0","0.00","1","7.87","0","0","0"
"2525","Assam","Other : Drowning","27-06-2026","1","0","0","1","0","0","0","0","0.00","0","7.87","0","0","0"
"2526","Assam","Other : Erosion","27-06-2026","1","1","12","0","0","0","0","0","0.00","0","0.00","0","0","0"
"2527","Assam","Other : Railway Utility Incident","27-06-2026","1","0","0","0","0","0","0","0","0.00","0","7.87","0","0","0"
"2528","Assam","Thunder and Lightening","27-06-2026","1","2","3","0","0","0","0","1","0.00","1","0.00","0","0","0"
"2529","Assam","Urban Fires","27-06-2026","1","0","3","0","0","0","1","0","0.00","0","0.00","0","0","0"
"2530","Chhattisgarh","Other : Disaster drowning fall into the dam","27-06-2026","1","0","0","1","0","0","0","0","0.00","0","0.00","0","0","0"
"2531","Gujarat","Thunder and Lightening","27-06-2026","1","0","0","0","0","0","0","0","0.00","0","0.00","0","0","0"
"2532","Himachal Pradesh","Air, Road and Rail Accidents","27-06-2026","5","2","5","13","2","0","0","0","0.00","0","0.00","0","0","0"
"2533","Himachal Pradesh","Electrical Disasters and fires","27-06-2026","2","0","0","0","0","0","0","0","0.00","1","0.00","0","0","0"
"2534","Himachal Pradesh","Floods","27-06-2026","1","0","0","0","0","0","0","0","0.00","0","0.00","0","0","0"
"2535","Himachal Pradesh","Other : Fall from Height(Bridge)","27-06-2026","1","0","0","1","0","0","0","0","0.00","0","0.00","0","0","0"
"2536","Himachal Pradesh","Other : Road Accident, Migrant Huts Damage","27-06-2026","1","0","0","0","1","0","0","0","0.00","0","0.00","0","0","0"
"2537","Jharkhand","Air, Road and Rail Accidents","27-06-2026","1","1","1","1","0","0","0","0","0.00","0","0.00","0","0","0"
"2538","Jharkhand","Thunder and Lightening","27-06-2026","1","0","0","0","0","0","0","1","0.00","0","0.00","0","0","0"
"2539","Kerala","Heavy Rain","27-06-2026","8","1","0","0","0","1","1","0","0.00","0","107.59","0","0","0"
"2540","Kerala","Other : ","27-06-2026","5","0","0","0","0","0","1","0","0.00","0","55.36","0","0","0"
"2541","Maharashtra","Thunder and Lightening","27-06-2026","3","0","0","4","10","0","0","1","0.00","0","12.60","0","0","0"
"2542","Puducherry","Heavy Rain","27-06-2026","4","0","0","0","0","0","0","0","0.00","0","2.60","0","0","0"
"2543","Punjab","Thunder and Lightening","27-06-2026","1","3","0","0","0","0","0","0","3.54","0","0.00","0","0","0"
"2544","Tripura","Other : DROWNING","27-06-2026","1","0","0","1","0","0","0","0","0.00","0","0.00","0","0","0"
"2545","Uttarakhand","Air, Road and Rail Accidents","27-06-2026","2","0","0","0","6","0","0","0","0.00","0","0.00","0","0","0"
"2546","Uttarakhand","Other : drowning","27-06-2026","1","0","0","2","0","0","0","0","0.00","0","0.00","0","0","0"
"2547","Uttarakhand","Other : foot sleepage.","27-06-2026","1","0","0","0","1","0","0","0","0.00","0","0.00","0","0","0"
"2548","West Bengal","Other : ","27-06-2026","1","0","0","1","0","0","0","0","0.00","0","0.00","0","0","0"
"2549","West Bengal","Other : Accidental Fire","27-06-2026","1","1","5","0","0","0","1","0","0.00","0","0.00","0","0","0"
"2550","West Bengal","Other : Drowning","27-06-2026","1","0","0","1","0","0","0","0","0.00","0","0.00","0","0","0"
"2551","Arunachal Pradesh","Heavy Rain","26-06-2026","1","1","0","0","0","0","0","0","0.00","1","0.00","0","0","0"
"2552","Arunachal Pradesh","Landslides and Mudflows","26-06-2026","2","3","0","0","0","0","2","0","0.00","3","0.00","0","0","0"
"2553","Assam","Floods","26-06-2026","8","25","879","1","0","0","0","5101","526.00","4","55.87","0","1","115"
"2554","Assam","Other : ","26-06-2026","2","1","79","0","0","0","6","0","0.00","0","0.60","0","0","0"
"2555","Assam","Other : Non flood drowning ","26-06-2026","1","1","1","1","0","0","0","0","0.00","0","0.00","1","0","0"
"2556","Assam","Other : Storm","26-06-2026","1","2","0","0","0","0","0","0","0.00","2","1.80","0","0","0"
"2557","Assam","Thunder and Lightening","26-06-2026","1","1","0","0","0","0","0","1","0.00","0","0.00","0","0","0"
"2558","Assam","Village Fire","26-06-2026","1","1","3","0","3","0","1","0","0.00","0","1.57","0","0","0"
"2559","Chhattisgarh","Other : Disaster drowning fall into the pond.","26-06-2026","1","0","0","2","0","0","0","0","0.00","0","0.00","0","0","0"
"2560","Chhattisgarh","Thunder and Lightening","26-06-2026","1","0","0","2","0","0","0","0","0.00","0","0.00","0","0","0"
"2561","Gujarat","Thunder and Lightening","26-06-2026","1","1","0","0","0","0","2","0","0.00","0","0.00","0","0","0"
"2562","Himachal Pradesh","Air, Road and Rail Accidents","26-06-2026","2","0","0","2","7","0","0","0","0.00","0","0.00","0","0","0"
"2563","Himachal Pradesh","Electrical Disasters and fires","26-06-2026","1","0","0","0","0","0","4","0","0.00","0","0.00","0","0","0"
"2564","Himachal Pradesh","Other : ","26-06-2026","1","0","0","0","1","0","0","1","0.00","0","0.00","0","0","0"
"2565","Karnataka","Heavy Rain","26-06-2026","2","0","0","0","0","0","4","0","0.00","0","7.40","0","0","0"
"2566","Kerala","Floods","26-06-2026","1","0","0","0","0","0","0","0","0.00","0","3.00","0","0","0"
"2567","Kerala","Heavy Rain","26-06-2026","11","1","0","0","0","1","2","0","0.00","1","78.13","0","1","6"
"2568","Kerala","Other : ","26-06-2026","2","0","0","0","0","1","0","0","0.00","0","11.87","0","0","0"
"2569","Maharashtra","Thunder and Lightening","26-06-2026","2","0","0","0","0","0","0","3","0.00","0","11.00","0","0","0"
"2570","Maharashtra","Village Fire","26-06-2026","1","0","0","0","0","0","0","1","0.00","0","0.00","0","0","0"
"2571","Puducherry","Heavy Rain","26-06-2026","1","0","0","0","0","0","0","0","0.00","0","13.60","0","0","0"
"2572","Rajasthan","Earthquakes","26-06-2026","5","0","0","0","0","0","0","0","0.00","0","26.00","0","0","0"
"2573","Tripura","Other : Thunderstorm","26-06-2026","1","0","0","0","0","0","2","0","0.00","0","0.00","0","0","0"
"2574","Uttarakhand","Air, Road and Rail Accidents","26-06-2026","1","0","0","0","1","0","0","0","0.00","0","0.00","0","0","0"
"2575","West Bengal","Other : Drowning","26-06-2026","3","0","0","3","0","1","0","0","0.00","0","0.00","0","0","0"
"2576","West Bengal","Other : Snake Bite","26-06-2026","1","0","0","1","0","0","0","0","0.00","0","0.00","0","0","0"
"2577","West Bengal","Other : Structure Collapse(Godown Roof)","26-06-2026","1","0","0","4","0","0","0","0","0.00","0","0.00","0","0","0"
"2578","West Bengal","Thunder and Lightening","26-06-2026","3","0","0","4","1","0","0","0","0.00","0","0.00","0","0","0"
"2579","Arunachal Pradesh","Floods","25-06-2026","1","1","3","0","0","0","0","0","0.00","1","33.00","0","0","0"
"2580","Arunachal Pradesh","Heavy Rain","25-06-2026","1","3","0","0","0","0","1","0","1.00","1","0.00","0","0","0"
"2581","Assam","Air, Road and Rail Accidents","25-06-2026","1","0","0","1","2","0","0","0","0.00","0","0.00","0","0","0"
"2582","Assam","Floods","25-06-2026","7","109","4023","0","0","0","0","18378","2032.50","22","14.40","0","1","115"
"2583","Assam","Other : ","25-06-2026","1","2","37","0","0","0","0","0","0.00","1","0.00","0","0","0"
"2584","Assam","Other : Erosion","25-06-2026","1","1","0","0","0","0","0","0","0.00","0","0.00","0","0","0"
"2585","Assam","Village Fire","25-06-2026","1","1","0","0","0","0","1","0","0.00","0","0.00","0","0","0"
"2586","Chhattisgarh","Other : FIRE DEATH ","25-06-2026","1","0","0","1","1","0","0","0","0.00","0","0.00","0","0","0"
"2587","Gujarat","Other : ","25-06-2026","1","1","0","0","0","0","1","0","0.00","0","0.00","0","0","0"
"2588","Gujarat","Thunder and Lightening","25-06-2026","1","0","0","0","0","0","0","0","0.00","0","0.00","0","0","0"
"2589","Himachal Pradesh","Air, Road and Rail Accidents","25-06-2026","1","0","0","2","2","0","0","0","0.00","0","0.00","0","0","0"
"2590","Himachal Pradesh","Electrical Disasters and fires","25-06-2026","2","1","1","1","0","0","0","0","0.00","1","0.00","0","0","0"
"2591","Himachal Pradesh","Other : ","25-06-2026","1","0","0","1","0","0","0","0","0.00","0","0.00","0","0","0"
"2592","Himachal Pradesh","Other : 1 shop damaged due to fire incident","25-06-2026","1","0","0","1","0","0","0","0","0.00","0","0.00","0","0","0"
"2593","Himachal Pradesh","Other : Fall from Cliff","25-06-2026","1","1","2","2","0","0","0","0","0.00","0","0.00","0","0","0"
"2594","Jharkhand","Other : Snake Bite","25-06-2026","1","1","1","1","0","0","0","0","0.00","0","0.00","0","0","0"
"2595","Jharkhand","Other : Storm","25-06-2026","1","2","0","0","0","0","2","0","0.00","2","0.00","0","0","0"
"2596","Jharkhand","Thunder and Lightening","25-06-2026","2","3","4","3","0","0","1","0","0.00","0","28.60","0","0","0"
"2597","Kerala","Heavy Rain","25-06-2026","8","0","0","0","0","0","0","0","0.00","0","43.57","0","1","6"
"2598","Kerala","Other : ","25-06-2026","5","0","0","0","0","1","0","0","0.00","0","6.83","0","0","0"
"2599","Maharashtra","Electrical Disasters and fires","25-06-2026","1","0","0","0","0","0","0","4","0.00","0","2.60","0","0","0"
"2600","Maharashtra","Other : Tree Fall","25-06-2026","1","0","0","1","0","0","0","0","0.00","0","17.30","0","0","0"
"2601","Maharashtra","Thunder and Lightening","25-06-2026","3","0","0","1","0","0","1","5","0.00","0","58.60","0","0","0"
"2602","Meghalaya","Cyclones","25-06-2026","1","1","8","0","0","0","1","0","0.00","0","12.10","0","0","0"
"2603","Meghalaya","Landslides and Mudflows","25-06-2026","2","7","33","0","2","0","7","0","0.00","0","24.20","0","0","0"
"2604","Meghalaya","Thunder and Lightening","25-06-2026","1","1","1","0","0","0","0","1","0.00","0","12.10","0","0","0"
"2605","Meghalaya","Village Fire","25-06-2026","1","1","9","0","0","0","0","0","0.00","0","12.10","0","0","0"
"2606","Puducherry","Heavy Rain","25-06-2026","4","0","0","0","0","0","0","0","0.00","0","14.60","0","0","0"
"2607","Tripura","Heavy Rain","25-06-2026","1","0","0","0","0","0","1","0","0.00","0","0.00","0","0","0"
"2608","Uttarakhand","Air, Road and Rail Accidents","25-06-2026","2","0","0","2","3","0","0","0","0.00","0","0.00","0","0","0"
"2609","West Bengal","Landslides and Mudflows","25-06-2026","1","15","28","0","0","0","0","0","0.00","15","40.00","0","0","0"
"2610","West Bengal","Other : Drowning","25-06-2026","2","0","0","2","0","0","0","0","0.00","0","0.00","0","0","0"
"2611","West Bengal","Other : Electrocution","25-06-2026","1","0","0","2","0","0","0","0","0.00","0","0.00","0","0","0"
"2612","West Bengal","Other : Snake Bite","25-06-2026","2","0","0","3","0","0","0","0","0.00","0","0.00","0","0","0"
"2613","West Bengal","Other : Structure Collapsed( Godown Roof)","25-06-2026","1","0","0","8","6","0","0","0","0.00","0","0.00","0","0","0"
"2614","West Bengal","Thunder and Lightening","25-06-2026","3","0","0","5","0","0","0","0","0.00","0","0.00","0","0","0"
"2615","Arunachal Pradesh","Floods","24-06-2026","1","0","0","0","0","0","0","0","0.00","0","0.00","0","0","0"
"2616","Arunachal Pradesh","Landslides and Mudflows","24-06-2026","3","7","0","0","0","0","1","0","0.00","2","61.20","0","0","0"
"2617","Assam","Floods","24-06-2026","8","131","14954","1","0","0","326","39230","3880.50","19","72.77","30","9","1938"
"2618","Assam","Landslides and Mudflows","24-06-2026","1","1","0","0","0","0","0","0","0.00","0","1.27","0","0","0"
"2619","Assam","Other : 0","24-06-2026","1","0","0","0","0","0","0","0","0.00","1","582.00","0","0","0"
"2620","Assam","Other : Erosion","24-06-2026","2","4","199","0","0","0","7","0","0.00","1","94.60","0","0","0"
"2621","Assam","Other : General Drowning","24-06-2026","1","1","2","2","0","0","0","0","0.00","0","0.00","0","0","0"
"2622","Assam","Other: Storm","24-06-2026","1","1","0","0","0","0","0","0","0.00","2","0.00","0","0","0"
"2623","Assam","Village Fire","24-06-2026","1","2","6","0","6","0","2","0","0.00","0","15.78","0","0","0"
"2624","Gujarat","Thunder and Lightening","24-06-2026","2","3","0","0","1","0","2","1","0.00","0","88.00","0","0","0"
"2625","Haryana","Other : Rainfall","24-06-2026","1","0","0","0","0","0","0","0","0.00","0","10.00","0","0","0"
"2626","Himachal Pradesh","Air, Road and Rail Accidents","24-06-2026","3","1","2","0","5","0","0","0","0.00","0","0.00","0","0","0"
"2627","Himachal Pradesh","Other : ","24-06-2026","1","0","0","0","0","0","0","0","0.00","0","0.00","2","0","0"
"2628","Jharkhand","Air, Road and Rail Accidents","24-06-2026","1","0","0","0","0","0","0","0","0.00","0","0.00","0","0","0"
"2629","Jharkhand","Thunder and Lightening","24-06-2026","2","2","1","1","0","0","0","2","0.00","0","27.40","0","0","0"
"2630","Jharkhand","Thunderstorm","24-06-2026","1","2","12","2","3","0","0","0","0.00","0","0.00","0","0","0"
"2631","Kerala","Heavy Rain","24-06-2026","8","1","0","0","0","0","1","0","0.00","0","12.21","0","0","0"
"2632","Kerala","Other : ","24-06-2026","3","0","0","0","0","0","0","0","0.00","0","4.40","0","0","0"
"2633","Maharashtra","Electrical Disasters and fires","24-06-2026","1","0","0","1","0","0","0","2","0.00","0","0.00","0","0","0"
"2634","Maharashtra","Landslides and Mudflows","24-06-2026","1","0","0","0","0","0","0","0","0.00","0","71.60","0","0","0"
"2635","Maharashtra","Other : Part of House Collapsed","24-06-2026","1","0","0","0","2","0","0","0","0.00","0","224.80","0","0","0"
"2636","Maharashtra","Other : Tree Fallen on Shed","24-06-2026","1","0","0","0","0","0","0","4","0.00","0","18.20","0","0","0"
"2637","Maharashtra","Other : Wall Collapsed","24-06-2026","1","0","0","1","0","0","0","0","0.00","0","95.50","0","0","0"
"2638","Maharashtra","Thunder and Lightening","24-06-2026","5","0","0","3","1","0","0","3","0.00","0","64.61","0","0","0"
"2639","Maharashtra","Urban Fires","24-06-2026","1","0","0","0","0","0","0","0","0.00","0","0.00","0","0","0"
"2640","Maharashtra","Village Fire","24-06-2026","1","0","0","0","0","0","0","0","0.00","0","0.00","0","0","0"
"2641","Meghalaya","Landslides and Mudflows","24-06-2026","1","1","19","0","0","0","3","0","0.00","0","25.90","0","0","0"
"2642","Meghalaya","Village Fire","24-06-2026","1","1","6","0","0","0","1","0","0.00","0","15.60","0","0","0"
"2643","Mizoram","Landslides and Mudflows","24-06-2026","1","0","0","0","0","0","0","0","0.00","0","0.00","0","0","0"
"2644","Puducherry","Heavy Rain","24-06-2026","4","0","0","0","0","0","0","0","0.00","0","5.80","0","0","0"
"2645","Punjab","Heavy Rain","24-06-2026","1","0","0","0","0","0","0","0","0.00","0","0.00","0","0","0"
"2646","Sikkim","Heavy Rain","24-06-2026","4","13","5606","0","0","0","9","0","0.00","0","689.00","0","0","0"
"2647","Tripura","Other : Thunderstorm","24-06-2026","1","0","0","0","0","0","2","0","0.00","0","0.00","0","0","0"
"2648","Uttarakhand","Air, Road and Rail Accidents","24-06-2026","1","0","0","1","0","0","0","0","0.00","0","0.00","0","0","0"
"2649","Uttarakhand","Other : Drowning","24-06-2026","1","0","0","2","0","0","0","0","0.00","0","0.00","0","0","0"
"2650","Uttarakhand","Thunder and Lightening","24-06-2026","1","0","0","0","6","0","0","0","0.00","0","0.00","0","0","0"
"2651","West Bengal","Landslides and Mudflows","24-06-2026","2","11","630","0","0","0","1","0","0.00","6","7.40","0","0","0"
"2652","West Bengal","Other : Snake Bite","24-06-2026","1","0","0","2","0","0","0","0","0.00","0","17.00","0","0","0"
"2653","West Bengal","Other : Structure Collapsed at Taratala","24-06-2026","1","0","0","3","13","0","0","0","0.00","0","0.00","0","0","0"
"2654","West Bengal","Thunder and Lightening","24-06-2026","6","9","257","14","25","0","15","0","0.00","0","146.30","225","1","225"
"2655","Arunachal Pradesh","Earthquakes","23-06-2026","1","1","5","0","0","0","1","0","0.00","0","0.00","0","0","0"
"2656","Assam","Air, Road and Rail Accidents","23-06-2026","1","0","0","1","0","0","0","0","0.00","0","4.57","0","0","0"
"2657","Assam","Floods","23-06-2026","9","140","34835","0","0","0","0","34891","2499.90","12","63.77","0","2","181"
"2658","Assam","Other : Storm","23-06-2026","2","15","2","2","0","0","0","0","0.00","10","69.00","0","0","0"
"2659","Assam","Thunder and Lightening","23-06-2026","1","3","0","0","0","0","0","0","0.00","3","75.30","0","0","0"
"2660","Chhattisgarh","Other : Disaster drowning boat capsize ","23-06-2026","1","0","0","3","0","0","0","0","0.00","0","0.00","0","0","0"
"2661","Gujarat","Thunder and Lightening","23-06-2026","3","1","0","0","0","0","0","4","0.00","0","10.80","0","0","0"
"2662","Himachal Pradesh","Air, Road and Rail Accidents","23-06-2026","1","0","0","1","3","0","0","0","0.00","0","0.00","0","0","0"
"2663","Himachal Pradesh","Other : ","23-06-2026","3","0","0","2","23","1","0","1","0.00","0","0.00","0","0","0"
"2664","Himachal Pradesh","Other : 0","23-06-2026","1","0","0","0","0","0","0","0","0.00","1","0.00","0","0","0"
"2665","Jharkhand","Thunder and Lightening","23-06-2026","3","6","6","3","3","0","0","17","0.00","0","20.20","0","0","0"
"2666","Karnataka","Heavy Rain","23-06-2026","5","0","0","0","0","0","28","1","0.00","0","54.30","0","0","0"
"2667","Kerala","Air, Road and Rail Accidents","23-06-2026","1","0","0","3","5","0","0","0","0.00","0","1.96","0","0","0"
"2668","Kerala","Floods","23-06-2026","2","0","0","0","0","0","0","0","0.00","0","1.96","0","0","0"
"2669","Kerala","Heavy Rain","23-06-2026","7","0","0","0","0","0","1","0","0.00","0","137.44","0","1","6"
"2670","Kerala","Other : ","23-06-2026","2","0","0","0","0","0","0","0","0.00","0","22.30","0","0","0"
"2671","Kerala","Other : 0","23-06-2026","1","0","0","0","0","0","0","0","0.00","0","39.33","0","0","0"
"2672","Maharashtra","Thunder and Lightening","23-06-2026","7","0","0","2","0","0","0","75","0.00","0","84.00","0","0","0"
"2673","Meghalaya","Cyclones","23-06-2026","1","1","8","0","0","0","1","0","0.00","0","25.00","0","0","0"
"2674","Meghalaya","Floods","23-06-2026","1","1","60","0","0","0","10","0","0.00","0","25.00","0","0","0"
"2675","Meghalaya","Landslides and Mudflows","23-06-2026","1","4","33","0","2","0","4","0","0.00","0","25.00","0","0","0"
"2676","Puducherry","Heavy Rain","23-06-2026","4","0","0","0","0","0","0","0","0.00","0","8.00","0","0","0"
"2677","Sikkim","Heavy Rain","23-06-2026","2","4","11","0","0","0","2","0","0.00","0","25.60","0","0","0"
"2678","Tripura","Other : Drowning","23-06-2026","1","0","0","1","0","0","0","0","0.00","0","0.00","0","0","0"
"2679","Uttarakhand","Air, Road and Rail Accidents","23-06-2026","4","0","0","5","5","0","0","0","0.00","0","0.00","0","0","0"
"2680","Uttarakhand","Other : drowning","23-06-2026","1","0","0","1","0","0","0","0","0.00","0","0.00","0","0","0"
"2681","West Bengal","Heavy Rain","23-06-2026","1","5","780","0","0","0","0","0","0.00","0","75.00","0","0","0"
"2682","West Bengal","Landslides and Mudflows","23-06-2026","1","2","10","0","0","0","0","0","0.00","0","0.00","0","0","0"
"2683","West Bengal","Other : 5 person injured due to electrocution","23-06-2026","1","1","5","0","5","0","0","0","0.00","0","0.00","0","0","0"
"2684","West Bengal","Other : Boat Capsize","23-06-2026","1","0","0","1","0","1","0","0","0.00","0","0.00","0","0","0"
"2685","West Bengal","Other : snake bite","23-06-2026","2","0","0","2","0","0","0","0","0.00","0","0.00","0","0","0"
"2686","West Bengal","Other : Snake Bite","23-06-2026","1","0","0","1","0","0","0","0","0.00","0","0.00","0","0","0"
"2687","West Bengal","Other : Wall Collapsed","23-06-2026","1","1","1","1","0","0","0","0","0.00","0","0.00","0","0","0"
"2688","West Bengal","Thunder and Lightening","23-06-2026","1","15","40","1","0","0","6","0","0.00","0","0.00","0","0","0"
"2689","Arunachal Pradesh","Earthquakes","22-06-2026","2","2","26","0","0","0","10","0","0.00","0","0.00","0","0","0"
"2690","Arunachal Pradesh","Landslides and Mudflows","22-06-2026","1","3","52","0","0","0","1","0","0.00","2","0.00","0","0","0"
"2691","Assam","Air, Road and Rail Accidents","22-06-2026","1","0","0","1","0","0","0","0","0.00","0","18.03","0","0","0"
"2692","Assam","Electrical Disasters and fires","22-06-2026","1","1","1","0","0","0","1","0","0.00","0","0.00","0","0","0"
"2693","Assam","Floods","22-06-2026","6","242","43769","0","0","0","0","52875","4790.47","47","190.60","0","1","25"
"2694","Assam","Hailstorm","22-06-2026","2","0","0","0","0","0","0","0","0.00","25","157.60","0","0","0"
"2695","Assam","Other : Non flood drowning","22-06-2026","1","1","1","1","0","0","0","0","0.00","0","30.00","0","0","0"
"2696","Assam","Village Fire","22-06-2026","2","2","5","0","0","0","1","0","0.00","1","0.00","0","0","0"
"2697","Gujarat","Thunder and Lightening","22-06-2026","1","0","0","0","0","0","0","0","0.00","0","0.00","0","0","0"
"2698","Himachal Pradesh","Air, Road and Rail Accidents","22-06-2026","2","0","0","3","1","0","0","0","0.00","0","0.00","0","0","0"
"2699","Himachal Pradesh","Other : ","22-06-2026","1","0","0","2","0","0","0","0","0.00","0","0.00","0","0","0"
"2700","Himachal Pradesh","Other : 0","22-06-2026","1","0","0","1","0","0","0","0","0.00","0","0.00","0","0","0"
"2701","Jharkhand","Air, Road and Rail Accidents","22-06-2026","1","0","0","1","0","0","0","0","0.00","0","0.00","0","0","0"
"2702","Jharkhand","Heavy Rain","22-06-2026","1","0","0","0","0","0","1","0","0.00","0","0.00","0","0","0"
"2703","Jharkhand","Other : Drowning","22-06-2026","1","0","0","2","0","0","0","0","0.00","0","0.00","0","0","0"
"2704","Jharkhand","Thunder and Lightening","22-06-2026","3","4","2","1","2","0","0","8","0.00","0","30.40","0","0","0"
"2705","Karnataka","Heavy Rain","22-06-2026","2","0","0","0","0","0","15","0","0.00","0","32.80","0","0","0"
"2706","Kerala","Heavy Rain","22-06-2026","8","0","0","0","0","0","1","0","0.00","0","155.25","0","1","6"
"2707","Kerala","Other : ","22-06-2026","2","0","0","0","0","0","0","0","0.00","0","21.33","0","0","0"
"2708","Kerala","Thunder and Lightening","22-06-2026","1","0","0","1","2","0","0","0","0.00","0","7.47","0","0","0"
"2709","Maharashtra","Other : Drawning","22-06-2026","1","0","0","5","0","0","0","0","0.00","0","0.00","0","0","0"
"2710","Maharashtra","Thunder and Lightening","22-06-2026","1","0","0","0","0","0","0","5","0.00","0","0.00","0","0","0"
"2711","Puducherry","Heavy Rain","22-06-2026","1","0","0","0","0","0","0","0","0.00","0","7.40","0","0","0"
"2712","Punjab","Other : breach in water carrying channel","22-06-2026","1","0","0","0","0","0","0","0","0.00","0","0.00","0","0","0"
"2713","Sikkim","Heavy Rain","22-06-2026","3","10","21","0","0","0","6","0","0.00","0","95.60","0","0","0"
"2714","Tripura","Heavy Rain","22-06-2026","1","0","0","0","0","0","1","0","0.00","0","0.00","0","0","0"
"2715","Uttarakhand","Air, Road and Rail Accidents","22-06-2026","3","0","0","0","9","0","0","0","0.00","0","0.00","0","0","0"
"2716","Uttarakhand","Other : Drowning","22-06-2026","2","0","0","0","0","3","0","0","0.00","0","0.00","0","0","0"
"2717","Uttarakhand","Thunder and Lightening","22-06-2026","1","0","0","0","0","0","0","7","0.00","0","0.00","0","0","0"
"2718","West Bengal","Heavy Rain","22-06-2026","1","9","936","0","0","0","0","0","0.00","0","65.00","0","0","0"
"2719","West Bengal","Other : Drowning","22-06-2026","1","0","0","1","0","0","0","0","0.00","0","0.00","0","0","0"
"2720","West Bengal","Other : DROWNING","22-06-2026","1","0","0","1","0","0","0","0","0.00","0","0.00","0","0","0"
"2721","West Bengal","Other : SNAKE BITE","22-06-2026","1","0","0","1","0","0","0","0","0.00","0","0.00","0","0","0"
"2722","West Bengal","Other : SNAKE BITE AND FALL OF TREE","22-06-2026","1","0","0","2","0","0","0","0","0.00","0","0.00","0","0","0"
"2723","West Bengal","Thunder and Lightening","22-06-2026","2","0","0","2","0","0","0","0","0.00","0","0.00","0","0","0"
"2724","Arunachal Pradesh","Earthquakes","21-06-2026","2","0","0","0","0","0","0","0","0.00","0","0.00","0","0","0"
"2725","Assam","Air, Road and Rail Accidents","21-06-2026","1","0","0","1","2","0","0","0","0.00","0","23.11","0","0","0"
"2726","Assam","Floods","21-06-2026","7","115","11393","0","0","0","2","5482","3109.00","8","335.81","12","2","114"
"2727","Assam","Other : ","21-06-2026","1","0","0","0","0","0","0","0","0.00","0","31.00","0","0","0"
"2728","Assam","Other : Storm","21-06-2026","1","22","0","0","0","0","0","0","0.00","43","9.30","0","0","0"
"2729","Assam","Thunder and Lightening","21-06-2026","3","8","7","0","0","0","3","3","0.00","5","70.15","0","0","0"
"2730","Chhattisgarh","Other : ","21-06-2026","2","0","0","2","0","0","0","0","0.00","0","0.00","0","0","0"
"2731","Himachal Pradesh","Air, Road and Rail Accidents","21-06-2026","3","0","0","2","4","0","0","0","0.00","0","0.00","0","0","0"
"2732","Himachal Pradesh","Electrical Disasters and fires","21-06-2026","1","1","15","0","0","0","3","1","0.00","0","0.00","0","0","0"
"2733","Himachal Pradesh","Other : Drowning and Fall From Height","21-06-2026","1","0","0","4","0","0","0","0","0.00","0","0.00","0","0","0"
"2734","Himachal Pradesh","Other : House Fire","21-06-2026","1","0","0","0","0","0","1","0","0.00","0","0.00","0","0","0"
"2735","Kerala","Heavy Rain","21-06-2026","6","0","0","1","0","1","1","0","0.00","0","5.62","0","1","6"
"2736","Kerala","Other : ","21-06-2026","2","0","0","0","0","0","0","0","0.00","0","0.00","0","0","0"
"2737","Maharashtra","Food Poisoning","21-06-2026","1","0","0","0","125","0","0","0","0.00","0","0.00","0","0","0"
"2738","Maharashtra","Other : Drowning","21-06-2026","1","0","0","1","0","0","0","0","0.00","0","0.00","0","0","0"
"2739","Maharashtra","Other : Structure Collapsed","21-06-2026","1","0","0","5","18","0","0","0","0.00","0","0.00","0","0","0"
"2740","Meghalaya","Landslides and Mudflows","21-06-2026","1","1","3","0","0","0","1","0","0.00","0","60.20","0","0","0"
"2741","Puducherry","Heavy Rain","21-06-2026","4","0","0","0","0","0","0","0","0.00","0","45.60","0","0","0"
"2742","Punjab","Heavy Rain","21-06-2026","1","4","0","0","0","0","14","0","0.00","0","0.00","0","0","0"
"2743","Uttarakhand","Air, Road and Rail Accidents","21-06-2026","1","0","0","1","1","0","0","0","0.00","0","0.00","0","0","0"
"2744","Uttarakhand","Other : drowning","21-06-2026","2","0","0","1","0","2","0","0","0.00","0","0.00","0","0","0"
"2745","West Bengal","Heavy Rain","21-06-2026","1","3","100","0","0","0","0","0","0.00","0","75.00","100","0","0"
"2746","West Bengal","Landslides and Mudflows","21-06-2026","1","8","1590","2","0","0","8","0","0.00","0","90.00","0","0","0"
"2747","West Bengal","Thunder and Lightening","21-06-2026","2","0","0","3","0","0","0","0","0.00","0","0.00","0","0","0"
"2748","Arunachal Pradesh","Heavy Rain","20-06-2026","1","1","8573","0","0","0","0","0","0.00","12","0.00","0","0","0"
"2749","Arunachal Pradesh","Landslides and Mudflows","20-06-2026","2","3","0","0","0","0","1","0","0.00","3","0.00","0","0","0"
"2750","Assam","Air, Road and Rail Accidents","20-06-2026","1","0","0","0","2","0","0","0","0.00","0","6.10","0","0","0"
"2751","Assam","Floods","20-06-2026","5","67","4894","1","0","0","0","0","762.10","4","56.30","0","11","703"
"2752","Assam","Other : ","20-06-2026","1","1","49","0","0","0","0","0","0.13","0","22.00","0","0","0"
"2753","Assam","Other : Drowning","20-06-2026","1","0","0","1","0","0","0","0","0.00","0","6.10","0","0","0"
"2754","Assam","Other : Erosion","20-06-2026","1","2","121","0","0","0","16","0","0.00","0","0.00","0","0","0"
"2755","Assam","Other : Storm","20-06-2026","2","0","0","0","0","0","0","0","0.00","2","78.03","0","0","0"
"2756","Assam","Other : Storm Report ","20-06-2026","1","6","0","0","0","0","0","0","0.00","0","13.20","0","0","0"
"2757","Assam","Thunder and Lightening","20-06-2026","4","3","2","2","1","0","0","1","0.00","2","44.60","0","0","0"
"2758","Assam","Urban Fires","20-06-2026","1","0","0","0","0","0","0","0","0.00","1","6.10","0","0","0"
"2759","Assam","Village Fire","20-06-2026","1","0","0","0","0","0","1","0","0.00","0","6.10","0","0","0"
"2760","Gujarat","Heavy Rain","20-06-2026","2","0","0","0","0","0","4","0","0.00","0","22.72","0","0","0"
"2761","Gujarat","Thunder and Lightening","20-06-2026","2","1","0","0","0","0","1","0","0.00","0","105.00","0","0","0"
"2762","Himachal Pradesh","Other : Fell down from Hill","20-06-2026","1","0","0","0","0","0","0","1","0.00","0","0.00","0","0","0"
"2763","Himachal Pradesh","Other : FIRE  ","20-06-2026","1","0","0","0","0","0","0","0","0.00","0","0.00","0","0","0"
"2764","Himachal Pradesh","Other : nil","20-06-2026","1","0","0","1","0","0","0","0","0.00","0","0.00","0","0","0"
"2765","Jharkhand","Air, Road and Rail Accidents","20-06-2026","2","0","0","3","0","0","0","0","0.00","0","0.00","0","0","0"
"2766","Jharkhand","Other : Drowning","20-06-2026","1","1","5","1","0","0","0","0","0.00","0","0.00","0","0","0"
"2767","Kerala","Floods","20-06-2026","2","0","0","0","0","0","0","0","0.00","0","1.60","0","0","0"
"2768","Kerala","Heavy Rain","20-06-2026","4","0","0","0","0","0","0","0","0.00","0","7.88","0","1","6"
"2769","Kerala","Other : ","20-06-2026","3","0","0","0","0","0","0","0","0.00","0","8.14","0","0","0"
"2770","Kerala","Other : Lightning","20-06-2026","1","0","0","0","0","0","2","0","0.00","0","0.00","0","0","0"
"2771","Kerala","Thunder and Lightening","20-06-2026","1","0","0","0","0","0","0","0","0.29","0","0.33","0","0","0"
"2772","Maharashtra","Other : Structure Collapse","20-06-2026","1","0","0","0","4","0","0","0","0.00","0","0.00","0","0","0"
"2773","Maharashtra","Thunder and Lightening","20-06-2026","1","0","0","0","0","0","0","4","0.00","0","0.00","0","0","0"
"2774","Meghalaya","Floods","20-06-2026","1","2","0","0","0","0","0","0","0.00","0","55.70","0","0","0"
"2775","Puducherry","Heavy Rain","20-06-2026","4","0","0","0","0","0","0","0","0.00","0","2.40","0","0","0"
"2776","Sikkim","Heavy Rain","20-06-2026","3","17","1047","0","0","0","18","2","2.00","1","79.50","1","1","1"
"2777","Uttarakhand","Air, Road and Rail Accidents","20-06-2026","3","0","0","3","0","0","0","2","2.00","1","0.00","1","0","0"
"2778","West Bengal","Heavy Rain","20-06-2026","3","6","15000","0","0","0","33","5","0.00","18","200.00","0","0","0"
"2779","West Bengal","Other : ","20-06-2026","1","0","0","1","0","0","0","0","0.00","0","0.00","0","0","0"
"2780","West Bengal","Other : Drowning","20-06-2026","1","3","100","1","0","0","0","0","0.00","0","0.00","0","0","0"
"2781","Arunachal Pradesh","Landslides and Mudflows","19-06-2026","1","2","1650","0","0","0","0","0","0.00","1","0.00","0","0","0"
"2782","Assam","Air, Road and Rail Accidents","19-06-2026","1","0","0","0","3","0","0","0","0.00","0","0.00","0","0","0"
"2783","Assam","Floods","19-06-2026","8","55","7268","0","0","0","6","0","441.66","5","104.07","0","1","31"
"2784","Assam"," Heavy Rainfall","19-06-2026","1","1","20","0","0","0","0","0","0.75","0","0.00","0","0","0"
"2785","Assam","Other : Erosion","19-06-2026","1","1","68","0","0","0","5","0","0.00","0","4.00","0","0","0"
"2786","Assam","Sea Erosion","19-06-2026","1","1","20","0","0","0","0","0","0.75","0","1.00","0","0","0"
"2787","Assam","Urban Fires","19-06-2026","1","0","0","0","0","0","0","0","0.00","0","0.00","0","0","0"
"2788","Assam","Village Fire","19-06-2026","1","0","1","0","0","0","1","0","0.00","0","0.00","0","0","0"
"2789","Gujarat","Air, Road and Rail Accidents","19-06-2026","1","0","0","0","0","0","1","0","0.00","0","0.00","0","0","0"
"2790","Gujarat","Heavy Rain","19-06-2026","1","0","0","0","0","0","5","0","0.00","0","47.36","0","0","0"
"2791","Gujarat","Landslides and Mudflows","19-06-2026","1","0","0","2","4","0","5","3","0.00","2","70.29","0","0","0"
"2792","Gujarat","Thunder and Lightening","19-06-2026","7","2","0","1","0","0","4","1","0.00","0","103.35","0","0","0"
"2793","Himachal Pradesh","Air, Road and Rail Accidents","19-06-2026","3","0","0","2","5","0","1","0","0.00","0","2.20","0","0","0"
"2794","Himachal Pradesh","Other : ","19-06-2026","2","0","0","2","0","0","1","0","0.00","0","0.00","0","0","0"
"2795","Himachal Pradesh","Other : Rockfall","19-06-2026","1","0","0","1","0","0","1","0","0.00","0","0.00","0","0","0"
"2796","Jharkhand","Air, Road and Rail Accidents","19-06-2026","1","0","0","0","0","0","0","0","0.00","0","0.00","0","0","0"
"2797","Jharkhand","Heavy Rain","19-06-2026","1","1","0","0","0","0","1","0","0.00","0","0.00","0","0","0"
"2798","Jharkhand","Thunder and Lightening","19-06-2026","6","7","7","6","0","0","0","3","0.00","0","26.70","0","0","0"
"2799","Karnataka","Heavy Rain","19-06-2026","4","0","0","0","0","0","36","1","0.00","0","2.90","0","0","0"
"2800","Karnataka","Thunder and Lightening","19-06-2026","1","0","0","0","0","0","0","1","0.00","0","0.10","0","0","0"
"2801","Kerala","Heavy Rain","19-06-2026","9","0","0","0","0","0","1","0","3.42","0","140.94","0","1","6"
"2802","Kerala","Other : ","19-06-2026","2","0","0","0","0","0","0","0","0.00","0","25.30","0","0","0"
"2803","Kerala","Other : 0","19-06-2026","1","0","0","0","0","0","0","0","0.00","0","0.00","0","0","0"
"2804","Kerala","Other : Strong wind","19-06-2026","1","0","0","0","0","0","0","0","10.40","0","0.00","0","0","0"
"2805","Maharashtra","Other : Drowning","19-06-2026","2","0","0","2","0","0","0","0","0.00","0","0.00","0","0","0"
"2806","Maharashtra","Other : Structure collapse ","19-06-2026","1","0","0","1","0","0","0","0","0.00","0","0.00","0","0","0"
"2807","Meghalaya","Floods","19-06-2026","1","1","0","0","0","0","0","0","0.00","0","2.20","0","0","0"
"2808","Meghalaya","Landslides and Mudflows","19-06-2026","1","2","0","0","0","0","0","0","0.00","0","2.20","0","0","0"
"2809","Puducherry","Heavy Rain","19-06-2026","4","0","0","0","0","0","0","0","0.00","0","65.60","0","0","0"
"2810","Sikkim","Heavy Rain","19-06-2026","4","13","783","0","0","0","10","0","0.00","0","250.60","0","0","0"
"2811","Tripura","Heavy Rain","19-06-2026","2","0","0","0","0","0","4","0","0.00","0","0.00","0","0","0"
"2812","Tripura","Other : Thunderstorm","19-06-2026","1","0","0","0","0","0","2","4","4.00","2","0.00","2","2","2"
"2813","Uttarakhand","Air, Road and Rail Accidents","19-06-2026","3","0","0","6","15","0","0","0","0.00","0","0.00","0","0","0"
"2814","West Bengal","Heavy Rain","19-06-2026","1","3","20","0","0","0","0","0","0.00","1","248.00","14","0","0"
"2815","West Bengal","Landslides and Mudflows","19-06-2026","1","1","0","0","0","0","0","0","0.00","1","75.00","0","0","0"
"2816","West Bengal","Other : ","19-06-2026","1","0","0","1","0","0","1","0","0.00","0","0.00","0","0","0"
"2817","West Bengal","Other : Accidental Fire incident","19-06-2026","1","1","4","0","0","0","1","0","0.00","0","0.00","0","0","0"
"2818","West Bengal","Thunder and Lightening","19-06-2026","4","0","0","5","1","0","0","0","0.00","0","0.00","0","0","0"
"2819","Arunachal Pradesh","Landslides and Mudflows","18-06-2026","3","6","30","0","0","0","0","0","0.00","11","0.00","0","0","0"
"2820","Assam","Air, Road and Rail Accidents","18-06-2026","1","0","0","0","1","0","0","0","0.00","0","49.28","0","0","0"
"2821","Assam","Floods","18-06-2026","6","53","6976","0","0","0","0","4692","254.00","2","54.58","0","0","0"
"2822","Assam","Hailstorm","18-06-2026","1","0","0","0","0","0","0","0","0.00","4","45.90","0","0","0"
"2823","Assam","Other : ","18-06-2026","2","2","195","0","0","0","0","0","0.00","0","6.40","0","0","0"
"2824","Assam","Other : Erosion","18-06-2026","1","1","0","0","0","0","0","0","0.00","0","1.20","0","0","0"
"2825","Assam","Other : storm","18-06-2026","1","0","0","0","0","0","0","0","0.00","4","0.00","0","0","0"
"2826","Assam","Other : Storm","18-06-2026","1","6","48","0","0","0","12","0","0.00","0","9.46","0","0","0"
"2827","Assam","storm","18-06-2026","1","0","0","0","0","0","0","0","0.00","4","0.00","0","0","0"
"2828","Assam","Thunder and Lightening","18-06-2026","1","5","1","1","0","0","0","0","0.00","0","4.10","0","0","0"
"2829","Gujarat","Heavy Rain","18-06-2026","2","1","0","0","0","0","2","0","0.00","0","10.00","0","0","0"
"2830","Gujarat","Thunder and Lightening","18-06-2026","6","1","0","2","0","0","7","11","0.00","1","117.02","0","0","0"
"2831","Himachal Pradesh","Air, Road and Rail Accidents","18-06-2026","3","2","7","10","9","0","0","0","0.00","0","0.00","0","0","0"
"2832","Himachal Pradesh","Electrical Disasters and fires","18-06-2026","1","0","0","0","0","0","1","0","0.00","0","5.90","0","0","0"
"2833","Himachal Pradesh","Other : ","18-06-2026","2","0","0","3","2","0","2","0","0.00","0","0.00","0","0","0"
"2834","Himachal Pradesh","Other : Cowshed damage","18-06-2026","1","0","0","0","0","0","0","0","0.00","0","0.00","0","0","0"
"2835","Himachal Pradesh","Other : Fire Incident","18-06-2026","1","0","0","0","0","0","0","0","0.00","0","0.00","0","0","0"
"2836","Himachal Pradesh","Other : Road Accident","18-06-2026","1","0","0","0","2","0","0","0","0.00","0","0.00","0","0","0"
"2837","Himachal Pradesh","Thunder and Lightening","18-06-2026","1","0","0","0","0","0","0","0","0.00","0","0.00","0","0","0"
"2838","Jharkhand","Air, Road and Rail Accidents","18-06-2026","2","0","0","1","1","0","0","0","0.00","0","0.00","0","0","0"
"2839","Jharkhand","Other : Drowning","18-06-2026","1","1","3","1","0","0","0","0","0.00","0","0.00","0","0","0"
"2840","Jharkhand","Thunder and Lightening","18-06-2026","2","3","3","2","0","0","0","4","0.00","0","2.00","0","0","0"
"2841","Jharkhand","Thunderstorm","18-06-2026","1","1","2","0","0","0","0","4","0.00","0","0.00","0","0","0"
"2842","Kerala","Heavy Rain","18-06-2026","11","0","0","0","0","0","2","0","0.17","0","48.73","0","3","11"
"2843","Kerala","Other : ","18-06-2026","1","0","0","0","0","0","1","0","0.00","0","6.40","0","0","0"
"2844","Kerala","Other : 0","18-06-2026","1","0","0","0","0","0","0","0","0.00","0","0.00","0","0","0"
"2845","Maharashtra","Urban Fires","18-06-2026","1","0","0","1","2","0","0","0","0.00","0","0.00","0","0","0"
"2846","Maharashtra","Village Fire","18-06-2026","1","0","0","0","0","0","0","17","0.00","0","0.00","0","0","0"
"2847","Puducherry","Heavy Rain","18-06-2026","4","0","0","0","0","0","0","0","0.00","0","0.80","0","0","0"
"2848","Sikkim","Heavy Rain","18-06-2026","4","14","288","0","0","0","9","0","0.00","3","126.50","0","0","0"
"2849","Tripura","Heavy Rain","18-06-2026","1","0","0","0","0","0","3","0","0.00","0","0.00","0","0","0"
"2850","Tripura","Other : Thunderstorm","18-06-2026","1","0","0","0","0","0","12","0","0.00","0","0.00","0","0","0"
"2851","Arunachal Pradesh","Heavy Rain","17-06-2026","2","3","23","0","0","0","1","0","0.00","6","0.00","0","0","0"
"2852","Arunachal Pradesh","Landslides and Mudflows","17-06-2026","1","1","5","0","0","0","1","0","0.00","0","0.00","0","0","0"
"2853","Assam","Air, Road and Rail Accidents","17-06-2026","1","0","0","0","3","0","0","0","0.00","0","1.52","0","0","0"
"2854","Assam","Floods","17-06-2026","5","22","4008","0","0","0","0","1370","130.50","14","11.80","0","0","0"
"2855","Assam","Other : Drowning","17-06-2026","1","0","1","1","0","0","0","0","0.00","0","0.00","0","0","0"
"2856","Assam","Other : Erosion","17-06-2026","2","2","0","0","0","0","0","0","4.45","1","0.00","0","0","0"
"2857","Assam","Other : Storm","17-06-2026","1","0","0","0","0","0","0","0","0.00","5","20.40","0","0","0"
"2858","Assam","Other : Urban Flood","17-06-2026","1","3","0","0","0","0","0","0","0.00","0","1.52","0","0","0"
"2859","Assam","Thunder and Lightening","17-06-2026","1","0","0","0","0","0","0","4","0.00","0","0.00","0","0","0"
"2860","Gujarat","Thunder and Lightening","17-06-2026","1","0","0","0","0","0","0","0","0.00","0","0.00","0","0","0"
"2861","Himachal Pradesh","Air, Road and Rail Accidents","17-06-2026","4","1","2","5","2","0","0","0","0.00","0","0.80","0","0","0"
"2862","Himachal Pradesh","Other : Drowning","17-06-2026","1","0","0","0","0","1","0","0","0.00","0","0.00","0","0","0"
"2863","Jharkhand","Air, Road and Rail Accidents","17-06-2026","2","0","0","1","0","0","0","0","0.00","0","0.00","0","0","0"
"2864","Jharkhand","Storm","17-06-2026","1","3","72","0","0","0","23","0","0.00","0","0.00","0","0","0"
"2865","Jharkhand","Thunder and Lightening","17-06-2026","1","1","1","1","0","0","0","0","0.00","0","4.20","0","0","0"
"2866","Kerala","Floods","17-06-2026","1","0","0","0","0","0","1","0","0.00","0","0.00","0","0","0"
"2867","Kerala","Heavy Rain","17-06-2026","9","1","11","0","0","0","5","0","0.00","0","89.78","6","2","56"
"2868","Kerala","Other : ","17-06-2026","2","0","0","0","0","0","0","2","0.00","0","60.51","0","0","0"
"2869","Kerala","Other : Nil","17-06-2026","1","0","0","0","0","0","0","0","0.00","0","5.77","0","0","0"
"2870","Meghalaya","Cyclones","17-06-2026","1","3","0","0","0","0","0","0","0.00","3","208.00","0","0","0"
"2871","Mizoram","Landslide","17-06-2026","1","1","0","0","0","0","0","0","0.00","0","0.00","0","0","0"
"2872","Sikkim","Heavy Rain","17-06-2026","1","3","119","0","0","0","0","0","0.00","0","99.00","0","0","0"
"2873","West Bengal","Other : Drowning","17-06-2026","1","0","0","1","0","0","0","0","0.00","0","0.00","0","0","0"
"2874","West Bengal","Thunder and Lightening","17-06-2026","2","0","0","2","0","0","0","0","0.00","0","0.00","0","0","0"
"2875","Arunachal Pradesh","Landslides and Mudflows","16-06-2026","1","1","0","0","0","0","0","0","0.00","1","0.00","0","0","0"
"2876","Assam","Air, Road and Rail Accidents","16-06-2026","1","0","0","6","0","0","0","0","0.00","0","62.46","0","0","0"
"2877","Assam","Floods","16-06-2026","3","0","0","0","0","0","0","0","0.00","0","85.80","0","0","0"
"2878","Assam","Heavy Rain","16-06-2026","1","0","0","0","0","0","0","0","0.00","6","41.00","0","0","0"
"2879","Assam","Other : Drowning","16-06-2026","1","0","0","5","0","0","0","0","0.00","0","10.41","0","0","0"
"2880","Assam","Thunder and Lightening","16-06-2026","2","1","0","0","0","0","0","0","0.00","1","17.20","0","0","0"
"2881","Chhattisgarh","Other : ","16-06-2026","1","0","0","1","0","0","0","0","0.00","0","0.00","0","0","0"
"2882","Gujarat","Thunder and Lightening","16-06-2026","1","0","0","0","0","0","1","0","0.00","0","0.00","0","0","0"
"2883","Haryana","Other : Rain","16-06-2026","1","0","0","0","0","0","0","0","0.00","0","5.00","0","0","0"
"2884","Himachal Pradesh","Air, Road and Rail Accidents","16-06-2026","2","0","1","0","3","0","0","0","0.00","0","0.00","0","0","0"
"2885","Himachal Pradesh","Other : Cattleshed Damaged","16-06-2026","1","0","0","0","0","0","0","0","0.00","0","0.00","0","0","0"
"2886","Jharkhand","Air, Road and Rail Accidents","16-06-2026","1","0","0","0","0","0","0","0","0.00","0","0.00","0","0","0"
"2887","Jharkhand","Heavy Rain","16-06-2026","1","0","0","0","0","0","2","0","0.00","0","0.00","0","0","0"
"2888","Jharkhand","Other : ","16-06-2026","1","1","0","1","0","0","0","0","0.00","0","0.00","0","0","0"
"2889","Jharkhand","Other : Drowning","16-06-2026","2","1","5","2","0","0","0","0","0.00","0","0.00","0","0","0"
"2890","Jharkhand","Thunder and Lightening","16-06-2026","1","0","0","1","0","0","0","0","0.00","0","0.00","0","0","0"
"2891","Kerala","Floods","16-06-2026","1","0","0","0","0","0","0","0","0.00","0","0.00","0","0","0"
"2892","Kerala","Heavy Rain","16-06-2026","9","0","14","0","0","0","1","0","0.48","0","62.79","14","4","70"
"2893","Kerala","Other : ","16-06-2026","3","0","0","0","0","0","2","0","0.00","0","20.37","0","0","0"
"2894","Maharashtra","Other : ","16-06-2026","1","0","0","1","1","0","0","0","0.00","0","0.00","0","0","0"
"2895","Maharashtra","Other : Thunderstorm ","16-06-2026","1","0","0","0","0","0","119","0","0.00","0","0.00","0","0","0"
"2896","Maharashtra","Thunder and Lightening","16-06-2026","1","0","0","0","3","0","0","4","0.00","0","0.00","0","0","0"
"2897","Puducherry","Heavy Rain","16-06-2026","1","0","0","0","0","0","1","0","0.00","0","0.00","0","0","0"
"2898","Punjab","Heavy Rain","16-06-2026","1","3","0","0","0","0","0","0","0.00","0","4.40","0","0","0"
"2899","Rajasthan","Other : 0","16-06-2026","1","0","0","0","0","0","0","0","0.00","0","6.00","0","0","0"
"2900","Sikkim","Electrical Disasters and fires","16-06-2026","1","0","0","0","0","0","1","0","0.00","0","18.60","0","0","0"
"2901","Sikkim","Heavy Rain","16-06-2026","2","10","2155","0","0","0","3","0","0.00","0","38.50","0","0","0"
"2902","Uttarakhand","Air, Road and Rail Accidents","16-06-2026","1","0","0","1","0","0","0","0","0.00","0","0.00","0","0","0"
"2903","Uttarakhand","Other : Drowning","16-06-2026","1","0","0","1","0","0","0","0","0.00","0","0.00","0","0","0"
"2904","West Bengal","Other : Accidental Drowning","16-06-2026","1","0","0","2","0","0","0","0","0.00","0","0.00","0","0","0"
"2905","West Bengal","Thunder and Lightening","16-06-2026","2","0","0","4","4","0","0","0","0.00","0","0.00","0","0","0"
"2906","Arunachal Pradesh","Earthquakes","15-06-2026","1","0","0","0","0","0","0","0","0.00","0","0.00","0","0","0"
"2907","Arunachal Pradesh","Electrical Disasters and fires","15-06-2026","1","1","1","0","0","0","1","0","0.00","0","0.00","0","0","0"
"2908","Assam","Air, Road and Rail Accidents","15-06-2026","1","0","0","0","2","0","0","0","0.00","0","2.03","0","0","0"
"2909","Assam","Floods","15-06-2026","3","10","55","0","0","0","0","0","17.00","8","25.20","0","0","0"
"2910","Assam","Other : ","15-06-2026","1","0","0","0","0","0","0","0","0.00","0","60.00","0","0","0"
"2911","Assam","Other : Erosion","15-06-2026","1","16","46","0","0","0","8","800","0.00","8","52.30","0","0","0"
"2912","Assam","Other : Storm","15-06-2026","1","3","0","0","0","0","0","0","0.00","3","31.60","0","0","0"
"2913","Assam","Thunder and Lightening","15-06-2026","2","9","0","0","0","0","0","0","0.00","1","69.40","0","0","0"
"2914","Assam","Urban Fires","15-06-2026","1","0","0","0","0","0","0","0","0.00","0","0.00","0","0","0"
"2915","Gujarat","Other : fire","15-06-2026","1","0","0","0","0","0","1","0","0.00","0","0.00","0","0","0"
"2916","Gujarat","Thunder and Lightening","15-06-2026","1","0","0","0","0","0","0","0","0.00","0","0.00","0","0","0"
"2917","Himachal Pradesh","Air, Road and Rail Accidents","15-06-2026","2","0","0","0","3","0","0","0","0.00","0","0.00","0","0","0"
"2918","Himachal Pradesh","Other : Falling From Height","15-06-2026","1","0","0","0","0","0","0","1","0.00","0","0.00","0","0","0"
"2919","Jharkhand","Air, Road and Rail Accidents","15-06-2026","1","0","0","0","0","0","0","0","0.00","0","0.00","0","0","0"
"2920","Kerala","Heavy Rain","15-06-2026","10","1","12","0","1","0","2","0","0.00","0","32.46","5","4","63"
"2921","Kerala","Other : ","15-06-2026","3","0","0","0","0","0","0","0","0.00","0","5.37","0","0","0"
"2922","Maharashtra","Air, Road and Rail Accidents","15-06-2026","2","0","0","11","24","0","0","0","0.00","0","0.00","0","0","0"
"2923","Maharashtra","Other : Drowning","15-06-2026","3","0","0","5","1","0","0","0","0.00","0","0.00","0","0","0"
"2924","Meghalaya","Landslides and Mudflows","15-06-2026","1","6","30","0","0","0","0","0","0.00","0","119.40","0","0","0"
"2925","Puducherry","Heavy Rain","15-06-2026","4","0","0","0","0","0","1","0","0.00","0","5.60","0","0","0"
"2926","Punjab","Thunder and Lightening","15-06-2026","1","0","0","0","0","0","0","0","1625.58","0","0.00","0","0","0"
"2927","Sikkim","Heavy Rain","15-06-2026","5","7","1206","0","0","0","2","0","0.00","0","48.30","0","0","1"
"2928","Tripura","Thunder and Lightening","15-06-2026","1","0","0","1","0","0","0","0","0.00","0","0.00","0","0","0"
"2929","Uttarakhand","Air, Road and Rail Accidents","15-06-2026","1","0","0","0","4","0","0","0","0.00","0","0.00","0","0","0"
"2930","West Bengal","Other : Drowning","15-06-2026","1","0","0","1","0","1","0","0","0.00","0","0.00","0","0","0"
"2931","West Bengal","Other : Tree falling","15-06-2026","1","0","0","1","0","0","0","0","0.00","0","0.00","0","0","0"
"2932","West Bengal","Thunder and Lightening","15-06-2026","1","1","4","0","0","0","1","0","0.00","0","0.00","0","0","0"
"2933","Arunachal Pradesh","Earthquakes","14-06-2026","1","0","0","0","0","0","0","0","0.00","0","0.00","0","0","0"
"2934","Assam","Floods","14-06-2026","2","0","0","0","0","0","0","0","0.00","0","4.50","0","0","0"
"2935","Assam","Hailstorm","14-06-2026","1","0","0","0","0","0","0","0","0.00","0","1.20","0","0","0"
"2936","Assam","Other : Drowning","14-06-2026","1","1","1","0","1","1","0","0","0.00","0","0.00","0","0","0"
"2937","Assam","Other : Drowning Report","14-06-2026","1","3","3","0","0","13","0","0","0.00","0","1.20","0","0","0"
"2938","Assam","Other : Storm","14-06-2026","1","1","0","0","0","0","0","0","0.00","1","0.00","0","0","0"
"2939","Assam","Village Fire","14-06-2026","1","1","1","0","0","0","0","0","0.00","1","1.20","0","0","0"
"2940","Himachal Pradesh","Other : ","14-06-2026","1","0","0","1","0","0","0","0","0.00","0","0.00","0","0","0"
"2941","Himachal Pradesh","Other : 0","14-06-2026","1","0","0","1","0","0","1","0","0.00","0","0.00","0","0","0"
"2942","Karnataka","Heavy Rain","14-06-2026","1","0","0","0","0","0","3","0","0.00","0","32.90","0","0","0"
"2943","Kerala","Cyclones","14-06-2026","1","0","0","0","0","0","0","0","0.00","0","8.23","0","0","0"
"2944","Kerala","Floods","14-06-2026","1","0","0","0","0","0","0","0","0.00","0","0.00","0","0","0"
"2945","Kerala","Heavy Rain","14-06-2026","9","3","12","0","0","0","3","0","0.00","0","31.19","5","4","63"
"2946","Kerala","Other : ","14-06-2026","2","0","0","0","0","0","0","0","0.00","0","19.21","0","0","0"
"2947","Maharashtra","Electrical Disasters and fires","14-06-2026","1","0","0","1","0","0","0","0","0.00","0","0.00","0","0","0"
"2948","Maharashtra","Other : ","14-06-2026","2","0","0","3","1","0","0","0","0.00","0","0.00","0","0","0"
"2949","Maharashtra","Other : Tree Fall","14-06-2026","1","0","0","0","3","0","0","0","0.00","0","0.00","0","0","0"
"2950","Puducherry","Heavy Rain","14-06-2026","1","0","0","0","0","0","0","0","0.00","0","6.80","0","0","0"
"2951","Sikkim","Landslides and Mudflows","14-06-2026","1","0","0","0","0","0","3","0","0.00","0","0.00","0","0","0"
"2952","Uttarakhand","Air, Road and Rail Accidents","14-06-2026","1","0","0","0","8","0","0","0","0.00","0","0.00","0","0","0"
"2953","Uttarakhand","Other : drowning","14-06-2026","1","0","0","0","0","1","0","0","0.00","0","0.00","0","0","0"
"2954","Uttarakhand","Other : Drowning","14-06-2026","1","0","0","0","0","7","0","0","0.00","0","0.00","0","0","0"
"2955","Uttarakhand","Thunder and Lightening","14-06-2026","1","0","0","0","0","0","0","4","0.00","0","0.00","0","0","0"
"2956","West Bengal","Other : Drowning","14-06-2026","2","0","0","4","0","0","0","0","0.00","0","0.00","0","0","0"
"2957","West Bengal","Thunder and Lightening","14-06-2026","1","0","0","2","0","0","0","0","0.00","0","0.00","0","0","0"
"2958","Assam","Floods","13-06-2026","4","0","0","0","0","0","0","0","0.00","0","4.20","0","0","0"
"2959","Assam","Hailstorm","13-06-2026","1","3","0","0","0","0","0","0","0.00","70","10.00","0","0","0"
"2960","Assam","Village Fire","13-06-2026","1","0","0","0","0","0","0","0","0.00","0","7.37","0","0","0"
"2961","Chhattisgarh","Other : Disaster drowning fall into the mine","13-06-2026","1","0","0","1","0","0","0","0","0.00","0","0.00","0","0","0"
"2962","Chhattisgarh","Other : Disaster drowning fall into the pond","13-06-2026","1","0","0","1","0","0","0","0","0.00","0","0.00","0","0","0"
"2963","Chhattisgarh","Thunder and Lightening","13-06-2026","2","0","0","1","1","0","0","0","0.00","0","0.00","0","0","0"
"2964","Himachal Pradesh","Air, Road and Rail Accidents","13-06-2026","5","0","0","7","10","0","0","0","0.00","0","321.10","0","0","0"
"2965","Jharkhand","Air, Road and Rail Accidents","13-06-2026","1","0","0","0","0","0","0","0","0.00","0","0.00","0","0","0"
"2966","Karnataka","Thunder and Lightening","13-06-2026","1","0","0","1","0","0","0","0","0.00","0","1.30","0","0","0"
"2967","Kerala","Floods","13-06-2026","1","0","0","0","0","0","4","0","0.00","0","25.50","0","0","0"
"2968","Kerala","Heavy Rain","13-06-2026","9","1","12","0","0","0","1","0","0.23","1","126.93","0","5","79"
"2969","Kerala","Other : ","13-06-2026","3","0","0","0","0","0","2","0","0.00","0","32.72","0","0","0"
"2970","Maharashtra","Other : ","13-06-2026","1","0","0","1","0","0","0","0","0.00","0","0.00","0","0","0"
"2971","Maharashtra","Thunder and Lightening","13-06-2026","2","0","0","2","0","0","0","22","0.00","0","0.00","0","0","0"
"2972","Meghalaya","Village Fire","13-06-2026","1","1","3","0","0","0","0","0","0.00","0","2.10","0","0","0"
"2973","Puducherry","Heavy Rain","13-06-2026","2","0","0","0","0","0","0","0","0.00","0","77.00","0","0","0"
"2974","Punjab","Other : water main (Sua)","13-06-2026","1","0","0","0","0","0","0","0","0.00","0","0.00","0","0","0"
"2975","Punjab","Thunder and Lightening","13-06-2026","1","0","0","1","0","0","0","0","0.00","0","0.00","0","0","0"
"2976","Tripura","Heavy Rain","13-06-2026","1","0","0","0","0","0","1","0","0.00","0","0.00","0","0","0"
"2977","Tripura","Landslides and Mudflows","13-06-2026","1","0","0","2","1","0","0","0","0.00","0","0.00","0","0","0"
"2978","Arunachal Pradesh","Cyclones","12-06-2026","1","1","510","0","0","0","0","0","0.00","1","14.20","0","0","0"
"2979","Assam","Floods","12-06-2026","3","0","0","0","0","0","0","0","0.00","0","0.10","0","0","0"
"2980","Assam","Other : 0","12-06-2026","1","0","0","1","0","0","0","0","0.00","0","0.00","0","0","0"
"2981","Assam","Other : Storm","12-06-2026","1","0","0","0","0","0","0","0","0.00","1","0.00","0","0","0"
"2982","Assam","Storm","12-06-2026","1","0","0","0","0","0","0","0","0.00","1","0.00","0","0","0"
"2983","Assam","Village Fire","12-06-2026","2","2","0","0","0","0","1","0","0.00","0","15.50","0","0","0"
"2984","Chhattisgarh","Other : Disaster drowning fall into the pond ","12-06-2026","1","0","0","1","0","0","0","0","0.00","0","0.00","0","0","0"
"2985","Chhattisgarh","Other : Disaster Drowning fall into the pond ","12-06-2026","1","0","0","1","0","0","0","0","0.00","0","0.00","0","0","0"
"2986","Chhattisgarh","Thunder and Lightening","12-06-2026","1","1","0","3","4","0","0","0","0.00","0","0.00","0","0","0"
"2987","Gujarat","Thunder and Lightening","12-06-2026","1","3","15","0","0","0","6","0","0.00","0","0.00","0","0","0"
"2988","Haryana","Other : ","12-06-2026","1","0","0","0","0","0","0","0","0.00","0","4.00","0","0","0"
"2989","Haryana","Thunder and Lightening","12-06-2026","1","18","33","3","3","0","0","39","0.00","3","45.00","0","0","0"
"2990","Himachal Pradesh","Landslides and Mudflows","12-06-2026","1","0","0","0","0","0","0","0","0.00","0","0.00","0","0","0"
"2991","Himachal Pradesh","Other : ","12-06-2026","2","0","0","0","0","0","0","2","0.00","0","0.00","0","0","0"
"2992","Himachal Pradesh","Other : Other Fire Incident, Migrants Huts Damage","12-06-2026","1","0","0","0","0","0","0","0","0.00","0","0.00","0","0","0"
"2993","Jharkhand","Air, Road and Rail Accidents","12-06-2026","1","0","0","0","0","0","0","0","0.00","0","0.00","0","0","0"
"2994","Karnataka","Thundertstorm and lightning","12-06-2026","1","0","0","0","0","0","0","5","0.00","0","0.00","0","0","0"
"2995","Kerala","Floods","12-06-2026","1","4","0","0","0","0","4","0","0.00","0","25.40","0","0","0"
"2996","Kerala","Heavy Rain","12-06-2026","8","4","0","0","2","0","9","0","0.00","0","150.72","0","0","0"
"2997","Kerala","Other : Strong wind","12-06-2026","1","0","0","0","0","0","1","0","0.00","0","16.67","0","0","0"
"2998","Maharashtra","Other : ","12-06-2026","2","0","0","5","0","0","0","0","0.00","0","0.00","0","0","0"
"2999","Maharashtra","Urban Fires","12-06-2026","1","0","0","0","8","0","0","0","0.00","0","0.00","0","0","0"
"3000","Meghalaya","Cyclones","12-06-2026","1","1","8","0","0","0","1","0","0.00","0","2.40","0","0","0"
"3001","Puducherry","Heavy Rain","12-06-2026","4","0","0","0","0","0","0","0","0.00","0","20.20","0","0","0"
"3002","Punjab","Heavy Rain","12-06-2026","2","0","0","0","0","0","0","0","0.00","0","95.86","0","0","0"
"3003","Sikkim","Landslides and Mudflows","12-06-2026","2","1","5","0","0","0","1","0","0.20","0","8.60","0","0","0"
"3004","West Bengal","Other : Drowning","12-06-2026","1","0","0","1","0","0","0","0","0.00","0","0.00","0","0","0"
"3005","West Bengal","Thunder and Lightening","12-06-2026","8","12","168","4","0","0","20","0","0.00","4","350.00","0","0","0"
"3006","Arunachal Pradesh","Heavy Rain","11-06-2026","1","2","0","0","0","0","0","0","0.00","3","0.00","0","0","0"
"3007","Arunachal Pradesh","Landslides and Mudflows","11-06-2026","2","2","11","3","2","0","1","0","0.00","0","0.00","0","0","0"
"3008","Assam","Electrical Disasters and fires","11-06-2026","1","1","0","0","0","0","0","0","0.00","0","0.00","0","0","0"
"3009","Assam","Floods","11-06-2026","4","91","350","0","0","0","0","0","114.00","55","355.60","0","0","0"
"3010","Assam","Other : 0","11-06-2026","1","0","0","0","0","0","0","0","0.00","0","541.90","0","0","0"
"3011","Assam","Other : Erosion","11-06-2026","2","0","0","0","0","0","0","0","0.00","0","4.60","0","0","0"
"3012","Assam","Thunder and Lightening","11-06-2026","1","1","0","0","0","0","0","0","0.00","6","90.40","0","0","0"
"3013","Chhattisgarh","Other : lightning ","11-06-2026","2","0","0","0","3","0","0","0","0.00","0","0.00","0","0","0"
"3014","Chhattisgarh","Other : STRUCTURE COLLAPSE ","11-06-2026","1","0","0","1","0","0","0","0","0.00","0","0.00","0","0","0"
"3015","Gujarat","Thunder and Lightening","11-06-2026","2","1","1","1","0","0","0","0","0.00","0","0.00","0","0","0"
"3016","Himachal Pradesh","Air, Road and Rail Accidents","11-06-2026","2","0","0","2","1","0","0","0","0.00","0","0.00","0","0","0"
"3017","Himachal Pradesh","Earthquakes","11-06-2026","1","0","0","0","0","0","0","0","0.00","0","0.00","0","0","0"
"3018","Himachal Pradesh","Electrical Disasters and fires","11-06-2026","1","0","0","0","1","0","2","0","0.00","0","0.00","0","0","0"
"3019","Karnataka","Thunderstorm and lightning","11-06-2026","2","0","0","0","0","0","0","6","0.00","0","0.00","0","0","0"
"3020","Karnataka","Thunderstorm and ligthning","11-06-2026","1","0","0","0","0","0","0","2","0.00","0","0.00","0","0","0"
"3021","Kerala","Floods","11-06-2026","1","0","0","0","0","0","0","0","0.00","0","0.00","0","0","0"
"3022","Kerala","Heavy Rain","11-06-2026","9","0","0","0","0","0","11","0","5.18","0","114.55","0","5","81"
"3023","Kerala","Other : ","11-06-2026","2","0","0","0","6","0","1","0","0.00","0","10.70","0","0","0"
"3024","Kerala","Other : 0","11-06-2026","1","0","0","0","0","0","0","0","0.00","0","4.40","0","0","0"
"3025","Maharashtra","Other : Boat Capsized","11-06-2026","1","0","0","2","13","0","0","0","0.00","0","0.00","0","0","0"
"3026","Maharashtra","Other : Drowning","11-06-2026","3","0","0","6","2","0","0","0","0.00","0","1.40","0","0","0"
"3027","Meghalaya","Cyclones","11-06-2026","1","1","8","0","0","0","1","0","0.00","0","3.70","0","0","0"
"3028","Meghalaya","Hailstorm","11-06-2026","1","1","0","0","0","0","0","0","0.00","0","3.70","0","0","0"
"3029","Meghalaya","Landslides and Mudflows","11-06-2026","1","1","5","0","0","0","1","0","0.00","0","184.80","0","0","0"
"3030","Nagaland","Urban Fires","11-06-2026","1","1","3","0","0","0","1","0","0.00","1","0.00","0","0","0"
"3031","Puducherry","Heavy Rain","11-06-2026","2","0","0","0","0","0","0","0","0.00","0","20.60","0","0","0"
"3032","Punjab","Other : Ligh Rain","11-06-2026","1","0","0","0","0","0","0","0","0.00","0","13.75","0","0","0"
"3033","Punjab","Other : Light Rain","11-06-2026","4","0","0","0","0","0","0","0","0.00","0","12.94","0","0","0"
"3034","Punjab","Other : Ligjht Rain","11-06-2026","1","0","0","0","0","0","0","0","0.00","0","5.46","0","0","0"
"3035","Sikkim","Heavy Rain","11-06-2026","2","2","28","0","0","0","0","0","0.00","0","45.60","0","0","0"
"3036","Sikkim","Landslides and Mudflows","11-06-2026","1","0","0","4","0","0","0","0","0.00","0","16.80","0","0","0"
"3037","Tripura","Other : Drowning","11-06-2026","1","0","0","1","0","0","0","0","0.00","0","0.00","0","0","0"
"3038","Uttarakhand","Air, Road and Rail Accidents","11-06-2026","1","0","0","1","3","0","0","0","0.00","0","0.00","0","0","0"
"3039","West Bengal","Other : Accidental Fire","11-06-2026","1","0","7","0","0","0","1","0","0.00","0","0.00","0","0","0"
"3040","West Bengal","Other : Wall collapsed","11-06-2026","1","0","0","1","0","0","0","0","0.00","0","0.00","0","0","0"
"3041","West Bengal","Thunder and Lightening","11-06-2026","5","0","0","5","0","0","0","1","0.00","0","0.00","0","0","0"
"3042","Arunachal Pradesh","Heavy Rain","10-06-2026","2","2","17","0","0","0","3","0","0.00","1","0.00","0","0","0"
"3043","Assam","Air, Road and Rail Accidents","10-06-2026","1","0","0","2","4","0","0","0","0.00","0","27.70","0","0","0"
"3044","Assam","Electrical Disasters and fires","10-06-2026","1","1","0","0","0","0","1","0","0.00","0","6.10","0","0","0"
"3045","Assam","Floods","10-06-2026","5","0","0","0","0","0","0","0","0.00","1","47.70","0","0","0"
"3046","Assam","Heavy Rain","10-06-2026","1","1","0","0","0","0","0","0","0.00","1","4.20","0","0","0"
"3047","Assam","Landslides and Mudflows","10-06-2026","1","3","89","0","0","0","18","0","0.00","0","5.80","0","0","0"
"3048","Assam","Other : ","10-06-2026","1","2","11","0","0","0","3","0","0.00","0","3.60","0","0","0"
"3049","Assam","Other : Non flood Drowning Report","10-06-2026","1","1","1","1","0","0","0","0","0.00","0","4.20","0","0","0"
"3050","Assam","Other : Storm","10-06-2026","1","1","0","0","0","0","0","0","0.00","1","4.20","0","0","0"
"3051","Assam","Thunder and Lightening","10-06-2026","2","4","0","0","0","0","0","0","0.00","9","32.60","0","0","0"
"3052","Assam","Village Fire","10-06-2026","2","1","4","0","0","0","0","0","0.00","0","50.20","0","0","0"
"3053","Gujarat","Thunder and Lightening","10-06-2026","1","0","0","0","0","0","0","0","0.00","0","0.00","0","0","0"
"3054","Haryana","Other : ","10-06-2026","1","0","0","0","0","0","0","0","0.00","0","2.00","0","0","0"
"3055","Himachal Pradesh","Air, Road and Rail Accidents","10-06-2026","3","1","2","2","3","0","0","0","0.00","0","0.00","0","0","0"
"3056","Himachal Pradesh","Other : 0","10-06-2026","1","0","0","0","1","0","0","0","0.00","0","5.00","0","0","0"
"3057","Himachal Pradesh","Other : Due to Drowning","10-06-2026","1","0","0","1","0","0","0","0","0.00","0","0.00","0","0","0"
"3058","Himachal Pradesh","Other : Fall from Cliff","10-06-2026","1","1","1","1","0","0","0","0","0.00","0","0.00","0","0","0"
"3059","Himachal Pradesh","Thunder and Lightening","10-06-2026","1","0","0","0","0","0","0","0","0.00","0","0.00","0","0","0"
"3060","Karnataka","Thunderstorm and Lightning","10-06-2026","1","0","0","0","0","0","0","2","0.00","0","0.00","0","0","0"
"3061","Kerala","Heavy Rain","10-06-2026","9","10","20","1","0","0","16","0","2.80","1","249.52","23","4","74"
"3062","Kerala","Other : ","10-06-2026","2","0","0","0","0","0","0","0","0.00","0","39.42","0","0","0"
"3063","Kerala","Other : strong wind","10-06-2026","1","0","0","0","0","0","11","0","0.00","0","30.13","0","2","29"
"3064","Maharashtra","Chemical and industrial Disasters","10-06-2026","1","0","0","2","3","0","0","0","0.00","0","0.10","0","0","0"
"3065","Maharashtra","Electrical Disasters and fires","10-06-2026","1","0","0","1","0","0","0","0","0.00","0","0.00","0","0","0"
"3066","Maharashtra","Other : StructureCollapsed","10-06-2026","1","0","0","0","2","0","3","0","0.00","0","0.30","0","0","0"
"3067","Maharashtra","Other : Structured Collapsed","10-06-2026","1","0","0","1","0","0","0","0","0.00","0","32.50","0","0","0"
"3068","Maharashtra","Thunder and Lightening","10-06-2026","1","0","0","0","0","0","0","3","0.00","0","0.30","0","0","0"
"3069","Maharashtra","Urban Fires","10-06-2026","1","0","0","0","0","0","0","0","0.00","0","0.00","0","0","0"
"3070","Mizoram","Landslides and Mudflows","10-06-2026","1","1","0","0","0","0","0","0","0.00","0","0.00","0","0","0"
"3071","Puducherry","Heavy Rain","10-06-2026","1","0","0","0","0","0","1","0","0.00","0","42.00","0","0","0"
"3072","Sikkim","Heavy Rain","10-06-2026","3","2","10","0","0","0","6","0","0.00","0","21.50","0","0","0"
"3073","Sikkim","Other : 00","10-06-2026","1","0","0","0","0","0","0","2","0.00","0","2.40","0","0","0"
"3074","Tripura","Thunder and Lightening","10-06-2026","1","0","0","0","0","0","1","0","0.00","0","0.00","0","0","0"
"3075","Uttarakhand","Air, Road and Rail Accidents","10-06-2026","3","0","0","5","7","0","0","0","0.00","0","0.00","0","0","0"
"3076","West Bengal","Other : Drowning","10-06-2026","1","0","0","2","1","0","0","0","0.00","0","0.00","0","0","0"
"3077","West Bengal","Thunder and Lightening","10-06-2026","5","0","0","7","1","0","0","0","0.00","0","0.00","0","0","0"
"3078","Arunachal Pradesh","Floods","09-06-2026","1","1","50","0","0","0","6","0","0.00","0","0.00","0","0","0"
"3079","Arunachal Pradesh","Heavy Rain","09-06-2026","1","5","1000","0","0","0","0","0","6.00","5","0.00","0","0","0"
"3080","Assam","0","09-06-2026","1","0","0","0","0","0","0","0","0.00","0","0.00","0","0","0"
"3081","Assam","Air, Road and Rail Accidents","09-06-2026","1","0","0","0","4","0","0","0","0.00","0","11.18","0","0","0"
"3082","Assam","Electrical Disasters and fires","09-06-2026","2","1","4","1","0","0","4","0","0.00","0","0.00","0","0","0"
"3083","Assam","Floods","09-06-2026","4","0","0","0","0","0","0","0","0.00","6","5.20","0","0","0"
"3084","Assam","Hailstorm","09-06-2026","2","7","4","0","0","0","1","0","0.00","1","89.30","0","0","0"
"3085","Assam","Heavy Rain","09-06-2026","1","0","0","0","0","0","0","0","0.00","0","11.30","0","0","0"
"3086","Assam","Other : ","09-06-2026","1","1","5","0","0","0","1","0","0.00","0","8.60","0","0","0"
"3087","Assam","Other : 0","09-06-2026","1","0","0","0","0","0","0","0","0.00","0","540.80","0","0","0"
"3088","Assam","Other : Erosion","09-06-2026","1","1","28","0","0","0","0","0","0.00","0","0.00","0","0","0"
"3089","Assam","Other : Urban Flood","09-06-2026","1","7","0","0","0","0","0","0","0.00","0","0.80","0","0","0"
"3090","Assam","Thunder and Lightening","09-06-2026","1","1","0","0","0","0","0","0","0.00","1","29.40","0","0","0"
"3091","Assam","Village Fire","09-06-2026","1","1","6","0","0","0","1","0","0.00","1","7.40","6","0","0"
"3092","Bihar","Thunder and Lightening","09-06-2026","1","1","0","5","1","0","0","0","0.00","0","0.00","0","0","0"
"3093","Chhattisgarh","Other : Disaster drowning  Fall into the dam","09-06-2026","1","0","0","1","0","0","0","0","0.00","0","0.00","0","0","0"
"3094","Chhattisgarh","Other : DISASTER DROWNING FALL INYTO THE RIVER","09-06-2026","1","0","0","1","0","0","0","0","0.00","0","0.00","0","0","0"
"3095","Gujarat","Thunder and Lightening","09-06-2026","1","0","0","0","0","0","0","0","0.00","0","0.00","0","0","0"
"3096","Himachal Pradesh","Air, Road and Rail Accidents","09-06-2026","3","0","0","2","3","0","0","0","0.00","0","0.00","0","0","0"
"3097","Himachal Pradesh","Other : ","09-06-2026","1","0","0","0","0","0","0","0","0.00","0","0.00","0","0","0"
"3098","Himachal Pradesh","Other : Human death due to drowning","09-06-2026","1","0","0","2","0","0","92","0","0.00","0","0.00","0","0","0"
"3099","Kerala","Heavy Rain","09-06-2026","9","1","15","0","2","0","15","0","1.76","0","293.73","0","3","62"
"3100","Kerala","Other : Strong winds","09-06-2026","1","0","0","0","0","0","22","0","0.00","0","23.73","0","2","29"
"3101","Maharashtra","Air, Road and Rail Accidents","09-06-2026","1","0","0","1","6","0","0","0","0.00","0","0.00","0","0","0"
"3102","Maharashtra","Other : Boat Capsized","09-06-2026","1","0","0","2","0","0","0","0","0.00","0","0.00","0","0","0"
"3103","Maharashtra","Thunder and Lightening","09-06-2026","3","0","0","2","0","0","0","17","0.00","0","17.20","0","0","0"
"3104","Meghalaya","Cyclones","09-06-2026","1","1","0","0","0","0","0","0","0.00","1","16.00","0","0","0"
"3105","Sikkim","Heavy Rain","09-06-2026","2","5","41","0","0","0","3","0","0.00","1","13.00","0","0","0"
"3106","Sikkim","Landslides and Mudflows","09-06-2026","1","1","9","1","0","0","3","0","0.00","0","3.30","0","6","0"
"3107","Tripura","Heavy Rain","09-06-2026","1","0","0","0","0","0","2","0","0.00","0","0.00","0","0","0"
"3108","Uttarakhand","Other : animal attack","09-06-2026","1","0","0","1","0","0","0","0","0.00","0","0.00","0","0","0"
"3109","West Bengal","Other : Drowning","09-06-2026","1","0","0","1","0","0","0","0","0.00","0","0.00","0","0","0"
"3110","West Bengal","Other : Poisonous Snake Bite","09-06-2026","1","0","0","1","0","0","0","0","0.00","0","0.00","0","0","0"
"3111","West Bengal","Thunder and Lightening","09-06-2026","4","23","1776","2","0","0","342","6","0.00","0","140.00","0","0","0"
"3112","Arunachal Pradesh","Heavy Rain","08-06-2026","1","1","22","0","0","0","0","0","0.00","1","0.00","0","0","0"
"3113","Arunachal Pradesh","Landslides and Mudflows","08-06-2026","1","1","700","0","0","0","22","0","0.00","0","150.00","0","0","0"
"3114","Assam","Air, Road and Rail Accidents","08-06-2026","1","1","1","0","4","0","0","0","0.00","0","19.56","0","0","0"
"3115","Assam","Earthquake","08-06-2026","1","0","0","0","0","0","0","0","0.00","0","0.00","0","0","0"
"3116","Assam","Earthquakes","08-06-2026","1","0","0","0","0","0","0","0","0.00","0","0.00","0","0","0"
"3117","Assam","Floods","08-06-2026","6","8","66","0","0","0","0","0","3.51","2","65.16","0","0","0"
"3118","Assam","Storm","08-06-2026","1","13","0","0","0","0","0","0","0.00","15","0.00","0","0","0"
"3119","Assam","Village Fire","08-06-2026","2","2","2","0","0","0","0","0","0.00","6","0.00","0","0","0"
"3120","Gujarat","Thunder and Lightening","08-06-2026","1","0","0","0","0","0","0","0","0.00","0","0.00","0","0","0"
"3121","Himachal Pradesh","Other : ","08-06-2026","1","0","0","0","1","0","1","0","0.00","0","0.00","0","0","0"
"3122","Karnataka","Heavy Rain","08-06-2026","2","0","0","0","0","0","11","0","0.00","0","8.40","0","0","0"
"3123","Kerala","Heavy Rain","08-06-2026","8","4","47","0","2","0","11","0","51.46","1","317.64","0","2","47"
"3124","Kerala","Other : ","08-06-2026","1","0","0","2","0","0","0","0","0.00","0","3.50","0","0","0"
"3125","Kerala","Other : Heavy Wind, Rain","08-06-2026","1","0","0","0","0","0","3","0","0.00","0","62.33","29","2","29"
"3126","Kerala","Other : Man animal animal conflict","08-06-2026","1","0","0","1","0","0","0","0","0.00","0","52.84","0","0","0"
"3127","Kerala","Other : State Specific Disaster - Strong wind","08-06-2026","1","0","0","0","0","0","0","0","0.02","0","18.24","0","0","0"
"3128","Maharashtra","Other : Drowning","08-06-2026","1","0","0","1","0","0","0","0","0.00","0","22.60","0","0","0"
"3129","Maharashtra","Other : Structure collapse","08-06-2026","1","0","0","0","0","0","0","0","0.00","0","0.00","0","0","0"
"3130","Maharashtra","Thunder and Lightening","08-06-2026","1","0","0","0","2","0","2","0","0.00","0","0.30","0","0","0"
"3131","Meghalaya","Village Fire","08-06-2026","1","1","5","0","0","0","1","0","0.00","0","10.40","0","0","0"
"3132","Puducherry","Heavy Rain","08-06-2026","4","0","0","0","0","0","0","0","0.00","0","19.20","0","0","0"
"3133","Uttarakhand","Air, Road and Rail Accidents","08-06-2026","1","0","0","1","1","1","0","0","0.00","0","0.00","0","0","0"
"3134","Uttarakhand","Other : Drowning","08-06-2026","1","0","0","0","0","1","0","0","0.00","0","0.00","0","0","0"
"3135","West Bengal","Other : Drowing","08-06-2026","1","0","0","1","0","0","0","0","0.00","0","0.00","0","0","0"
"3136","West Bengal","Other : Drowning","08-06-2026","1","0","0","4","0","0","0","0","0.00","0","0.00","0","0","0"
"3137","West Bengal","Other : Snak Bite","08-06-2026","1","0","0","1","0","0","0","0","0.00","0","0.00","0","0","0"
"3138","West Bengal","Thunder and Lightening","08-06-2026","1","0","0","1","0","0","0","0","0.00","0","0.00","0","0","0"
"3139","Assam","Air, Road and Rail Accidents","07-06-2026","1","0","0","2","0","0","0","0","0.00","0","10.92","0","0","0"
"3140","Assam","Floods","07-06-2026","3","1","13","0","0","0","0","0","0.00","0","10.92","0","0","0"
"3141","Assam","Other : ","07-06-2026","1","0","0","0","0","0","0","0","0.00","0","2.00","0","0","0"
"3142","Assam","Other : Drowning","07-06-2026","1","0","0","1","0","0","0","0","0.00","0","10.92","0","0","0"
"3143","Assam","Other : Electrocution","07-06-2026","1","0","0","1","0","0","0","0","0.00","0","10.92","0","0","0"
"3144","Assam","Thunder and Lightening","07-06-2026","1","1","0","0","0","0","0","0","0.00","1","0.00","0","0","0"
"3145","Assam","Village Fire","07-06-2026","1","1","0","0","0","0","1","0","0.00","0","0.00","0","0","0"
"3146","Himachal Pradesh","Air, Road and Rail Accidents","07-06-2026","3","0","0","1","6","0","1","0","0.00","0","1.70","0","0","0"
"3147","Himachal Pradesh","Earthquakes","07-06-2026","2","11","100","0","0","0","27","0","0.00","0","0.00","0","0","0"
"3148","Himachal Pradesh","Electrical Disasters and fires","07-06-2026","2","1","6","0","6","0","0","1","0.00","0","0.00","0","0","0"
"3149","Himachal Pradesh","Fire","07-06-2026","1","0","0","0","0","0","0","0","0.00","0","0.00","0","0","0"
"3150","Himachal Pradesh","Fire: Cattleshed damaged","07-06-2026","1","0","0","0","0","0","0","0","0.00","0","0.00","0","0","0"
"3151","Himachal Pradesh","Other : Cattleshed damaged","07-06-2026","1","0","0","0","0","0","0","0","0.00","0","0.00","0","0","0"
"3152","Himachal Pradesh","Other : due to fell down from Hight","07-06-2026","1","0","0","0","0","0","0","1","0.00","0","0.00","0","0","0"
"3153","Himachal Pradesh","Other : Road Accident, Other Fire Incident","07-06-2026","1","0","0","1","0","0","0","0","0.00","0","0.00","0","0","0"
"3154","Jammu and Kashmir","Major Building Collapse","07-06-2026","1","0","0","0","25","0","0","2","0.00","0","0.00","0","0","0"
"3155","Kerala","Heavy Rain","07-06-2026","7","0","0","6","2","0","5","0","0.00","0","706.54","0","0","5"
"3156","Kerala","Other : ","07-06-2026","3","0","0","0","0","0","0","0","0.00","0","111.63","0","0","0"
"3157","Kerala","Other : 0","07-06-2026","1","0","0","0","0","0","2","0","0.00","0","0.00","0","0","0"
"3158","Maharashtra","Other : fire ","07-06-2026","1","0","0","0","4","0","0","0","0.00","0","0.00","0","0","0"
"3159","Maharashtra","Other : Fire ","07-06-2026","1","0","0","3","2","0","0","0","0.00","0","0.00","0","0","0"
"3160","Maharashtra","Other : Structure collapse","07-06-2026","3","0","0","2","2","0","0","0","0.00","0","71.00","0","0","0"
"3161","Maharashtra","Thunder and Lightening","07-06-2026","1","0","0","0","0","0","0","1","0.00","0","53.50","0","0","0"
"3162","Puducherry","Heavy Rain","07-06-2026","4","0","0","0","0","0","0","0","0.00","0","66.80","0","0","0"
"3163","Uttarakhand","Air, Road and Rail Accidents","07-06-2026","2","0","0","0","12","0","0","0","0.00","0","0.00","0","0","0"
"3164","Uttarakhand","Other : Drowning","07-06-2026","1","0","0","0","0","2","0","0","0.00","0","0.00","0","0","0"
"3165","West Bengal","Other : Drowning","07-06-2026","1","0","0","1","0","0","0","0","0.00","0","0.00","0","0","0"
"3166","West Bengal","Thunder and Lightening","07-06-2026","3","2","7","3","0","0","2","0","0.00","0","75.00","0","0","0"
"3167","Arunachal Pradesh","Floods","06-06-2026","1","1","100","0","0","0","0","13","40.00","6","0.00","0","0","0"
"3168","Arunachal Pradesh","Heavy Rain","06-06-2026","1","3","350","0","0","0","0","0","8.00","2","0.00","0","0","0"
"3169","Assam","","06-06-2026","1","0","0","0","0","0","0","0","0.00","0","0.00","0","0","0"
"3170","Assam","Air, Road and Rail Accidents","06-06-2026","1","0","0","1","21","0","0","0","0.00","0","0.00","0","0","0"
"3171","Assam","Floods","06-06-2026","7","2","0","0","0","0","0","0","0.06","1","48.00","0","0","0"
"3172","Assam","Hailstorm","06-06-2026","1","1","0","0","0","0","0","0","0.00","2","0.00","0","0","0"
"3173","Assam","Other : ","06-06-2026","2","2","10","1","0","0","2","0","0.00","0","0.00","0","0","0"
"3174","Assam","Other : 0","06-06-2026","2","0","0","0","0","0","0","0","0.00","0","1123.00","0","0","0"
"3175","Assam","Other : Storm","06-06-2026","1","3","0","0","0","0","0","0","0.00","3","34.93","0","0","0"
"3176","Assam","Thunder and Lightening","06-06-2026","3","5","0","0","0","0","0","0","0.00","4","0.20","0","0","0"
"3177","Chhattisgarh","Other : Disaster drowning fall into the pond ","06-06-2026","1","0","0","1","0","0","0","0","0.00","0","0.00","0","0","0"
"3178","Gujarat","Thunder and Lightening","06-06-2026","1","0","0","0","0","0","0","0","0.00","0","0.00","0","0","0"
"3179","Himachal Pradesh","Air, Road and Rail Accidents","06-06-2026","4","1","2","2","16","0","2","0","0.00","0","2.00","0","0","0"
"3180","Himachal Pradesh","Earthquakes","06-06-2026","2","2","2","0","0","0","2","0","0.00","0","2.00","0","0","0"
"3181","Himachal Pradesh","Other : ","06-06-2026","1","0","0","1","0","0","0","0","0.00","0","2.80","0","0","0"
"3182","Himachal Pradesh","Other : drowning ","06-06-2026","1","0","0","1","0","0","0","0","0.00","0","0.00","0","0","0"
"3183","Himachal Pradesh","Other : Fall from Height ","06-06-2026","1","0","0","3","0","0","0","0","0.00","0","0.20","0","0","0"
"3184","Jammu and Kashmir","Heavy Rain","06-06-2026","1","0","0","0","0","0","3","0","0.00","0","0.00","0","0","0"
"3185","Jammu and Kashmir","Other : Drowning","06-06-2026","1","0","0","1","0","0","0","0","0.00","0","0.00","0","0","0"
"3186","Karnataka","Heavy Rain","06-06-2026","3","0","0","0","0","0","8","0","0.00","0","32.10","0","0","0"
"3187","Karnataka","Thunder and Lightening","06-06-2026","3","0","0","1","0","0","4","3","0.00","0","4.00","0","0","0"
"3188","Kerala","Heavy Rain","06-06-2026","10","7","5","1","0","0","9","0","0.00","0","550.58","0","1","5"
"3189","Kerala","Mine fires","06-06-2026","1","0","0","0","0","0","0","0","0.07","0","11.33","0","0","0"
"3190","Kerala","Other : ","06-06-2026","1","2","0","0","0","0","2","0","0.00","0","51.00","0","0","0"
"3191","Maharashtra","Other : Drowning ","06-06-2026","2","0","0","3","0","0","0","0","0.00","0","0.00","0","0","0"
"3192","Maharashtra","Other : Structure collapse","06-06-2026","1","0","0","2","0","0","2","0","0.00","0","10.00","0","0","0"
"3193","Maharashtra","Other : Tree fall","06-06-2026","1","0","0","0","0","0","0","1","0.00","0","22.75","0","0","0"
"3194","Maharashtra","Other : Tree fall ","06-06-2026","1","0","0","0","0","0","0","1","0.00","0","0.00","0","0","0"
"3195","Maharashtra","Thunder and Lightening","06-06-2026","2","0","0","0","0","0","0","20","0.00","0","10.00","0","0","0"
"3196","Puducherry","Heavy Rain","06-06-2026","2","0","0","2","0","0","0","0","0.00","0","61.40","0","0","0"
"3197","Sikkim","Heavy Rain","06-06-2026","2","26","135","0","0","15","10","38","1.00","3","30.30","0","0","0"
"3198","Sikkim","Other : 0","06-06-2026","4","0","0","0","0","0","0","0","0.00","0","141.70","0","0","0"
"3199","Uttarakhand","Air, Road and Rail Accidents","06-06-2026","1","0","0","1","10","0","0","0","0.00","0","0.00","0","0","0"
"3200","Uttarakhand","Electrical Disasters and fires","06-06-2026","1","0","0","2","0","0","0","0","0.00","0","0.00","0","0","0"
"3201","Uttarakhand","Heavy Rain","06-06-2026","1","0","0","1","1","0","0","0","0.00","0","0.00","0","0","0"
"3202","West Bengal","Other : Accidental Fire","06-06-2026","1","1","5","0","0","0","1","0","0.00","0","0.00","0","0","0"
"3203","West Bengal","Other : Electrocution","06-06-2026","1","0","0","2","0","0","0","0","0.00","0","0.00","0","0","0"
"3204","West Bengal","Thunder and Lightening","06-06-2026","2","2","100","1","0","0","5","0","0.00","1","70.00","0","0","0"
"3205","Arunachal Pradesh","Floods","05-06-2026","1","1","1000","0","0","0","0","0","0.00","1","0.00","0","0","0"
"3206","Arunachal Pradesh","Heavy Rain","05-06-2026","3","13","2400","0","0","0","0","0","45.00","8","0.00","0","0","0"
"3207","Arunachal Pradesh","Landslides and Mudflows","05-06-2026","1","1","0","0","0","0","0","0","0.00","1","0.00","0","0","0"
"3208","Arunachal Pradesh","Other : Storm","05-06-2026","1","1","0","0","0","0","1","0","0.00","0","0.00","0","0","0"
"3209","Assam","Due to Storm","05-06-2026","1","28","0","0","0","0","0","0","0.00","0","0.00","0","0","0"
"3210","Assam","Electrical Disasters and fires","05-06-2026","1","0","0","0","0","0","0","1","0.00","0","211.00","0","0","0"
"3211","Assam","Floods","05-06-2026","9","5","0","0","0","0","0","0","0.16","5","109.17","0","0","0"
"3212","Assam","Hailstorm","05-06-2026","4","29","31","0","0","0","7","1","0.00","24","181.50","0","0","0"
"3213","Assam","Other : 0","05-06-2026","1","0","0","0","0","0","0","0","0.00","0","533.90","0","0","0"
"3214","Assam","Other : Erosion","05-06-2026","1","2","132","0","0","0","0","0","0.00","0","0.00","0","0","0"
"3215","Assam","Other : Storm","05-06-2026","4","18","0","0","0","0","0","0","0.00","16","104.30","0","0","0"
"3216","Assam","Other : Storm Report","05-06-2026","1","5","0","0","0","0","0","0","0.00","4","0.00","0","0","0"
"3217","Assam","Other : Storn","05-06-2026","1","14","0","0","0","0","0","0","0.00","0","0.00","0","0","0"
"3218","Assam","Thunder and Lightening","05-06-2026","6","18","0","0","1","0","0","2","2.00","14","64.80","1","1","1"
"3219","Chhattisgarh","Other : Disaster bite Snake bite","05-06-2026","1","0","0","1","0","0","0","0","0.00","0","0.00","0","0","0"
"3220","Gujarat","Other : વૃક્ષ પડવાથી","05-06-2026","1","1","1","0","1","0","0","0","0.00","0","0.00","0","0","0"
"3221","Gujarat","Thunder and Lightening","05-06-2026","3","0","0","1","0","0","1","1","0.00","0","0.09","0","0","0"
"3222","Himachal Pradesh","Other : ","05-06-2026","1","0","0","0","0","0","0","3","0.00","0","0.00","0","0","0"
"3223","Himachal Pradesh","Other : Fall from cliff","05-06-2026","1","1","1","1","0","0","0","0","0.00","0","14.00","0","0","0"
"3224","Himachal Pradesh","Other : Fall from Path","05-06-2026","1","0","0","1","0","0","0","0","0.00","0","0.00","0","0","0"
"3225","Himachal Pradesh","Other : Road Accident. Other Fire Incident","05-06-2026","1","0","0","1","1","0","0","0","0.00","0","0.00","0","0","0"
"3226","Kerala","Heavy Rain","05-06-2026","8","2","0","0","0","1","8","0","0.00","0","481.09","44","0","0"
"3227","Maharashtra","Other : ","05-06-2026","2","0","0","2","0","0","0","0","0.00","0","0.00","0","0","0"
"3228","Meghalaya","Cyclones","05-06-2026","1","2","14","0","0","0","3","0","0.00","0","64.10","0","0","0"
"3229","Mizoram","Landslides and Mudflows","05-06-2026","1","1","0","0","0","0","0","0","0.00","0","0.00","0","0","0"
"3230","Puducherry","Heavy Rain","05-06-2026","1","0","0","0","0","0","0","0","0.00","0","43.20","0","0","0"
"3231","Punjab","Other : ","05-06-2026","3","0","0","0","0","0","0","0","0.00","0","5.03","0","0","0"
"3232","Punjab","Other : light rain","05-06-2026","1","0","0","0","0","0","0","0","0.00","0","9.00","0","0","0"
"3233","Punjab","Other : Light Rain","05-06-2026","10","0","0","0","0","0","0","0","0.00","0","42.04","0","0","0"
"3234","Punjab","Other : Light Rain ","05-06-2026","1","0","0","0","0","0","0","0","0.00","0","0.66","0","0","0"
"3235","Sikkim","Heavy Rain","05-06-2026","1","3","26","0","0","0","6","0","0.00","0","25.10","0","0","0"
"3236","Sikkim","Other : 0","05-06-2026","5","2","18","0","0","0","5","0","0.00","0","93.40","0","0","0"
"3237","Uttarakhand","Air, Road and Rail Accidents","05-06-2026","1","0","0","1","16","0","0","0","0.00","0","0.00","0","0","0"
"3238","West Bengal","Thunder and Lightening","05-06-2026","5","0","0","10","2","0","0","0","0.00","0","0.00","0","0","0"
"3239","Assam","0","04-06-2026","1","0","0","0","0","0","0","0","0.00","0","0.00","0","0","0"
"3240","Assam","Air, Road and Rail Accidents","04-06-2026","1","0","0","1","0","0","0","0","0.00","0","18.29","0","0","0"
"3241","Assam","Due to Erosion","04-06-2026","1","1","6","0","0","0","1","0","0.00","0","0.00","0","0","0"
"3242","Assam","Floods","04-06-2026","6","2","0","0","0","0","0","0","0.00","18","61.80","0","0","0"
"3243","Assam","Hailstorm","04-06-2026","2","11","14","0","0","0","3","0","0.00","5","7.80","0","0","0"
"3244","Assam","Other : due Storm ","04-06-2026","1","44","868","0","0","0","0","0","0.00","6","288.00","0","0","0"
"3245","Assam","Other : Erosion","04-06-2026","1","1","0","0","0","0","0","0","0.00","0","22.80","0","0","0"
"3246","Assam","Others","04-06-2026","1","0","0","0","0","0","0","0","0.00","0","0.00","0","0","0"
"3247","Assam","Other : Storm","04-06-2026","4","69","3","0","0","0","1","0","0.00","93","77.82","0","0","0"
"3248","Assam","Storm","04-06-2026","1","0","0","0","0","0","0","0","0.00","0","0.00","0","0","0"
"3249","Assam","Thunder and Lightening","04-06-2026","6","32","14","3","11","0","0","1","0.00","17","25.20","0","0","0"
"3250","Gujarat","Heavy Rain","04-06-2026","1","0","0","0","0","0","2","1","0.00","0","0.82","0","0","0"
"3251","Gujarat","Thunder and Lightening","04-06-2026","6","1","1","2","3","0","22","2","0.00","0","8.00","0","0","0"
"3252","Himachal Pradesh","Air, Road and Rail Accidents","04-06-2026","1","0","0","1","0","0","0","0","0.00","0","0.00","0","0","0"
"3253","Himachal Pradesh","Electrical Disasters and fires","04-06-2026","1","0","0","0","0","0","1","0","0.00","0","2.10","0","0","0"
"3254","Himachal Pradesh","Fell Down","04-06-2026","1","0","0","0","0","0","0","1","0.00","0","0.00","0","0","0"
"3255","Himachal Pradesh","Other : ","04-06-2026","1","0","0","1","0","0","0","0","0.00","0","0.00","0","0","0"
"3256","Kerala","Heavy Rain","04-06-2026","1","0","0","0","0","0","2","0","0.00","0","17.00","0","0","0"
"3257","Kerala","Other : ","04-06-2026","1","0","0","0","0","1","0","0","0.00","0","50.50","0","0","0"
"3258","Maharashtra","Air, Road and Rail Accidents","04-06-2026","1","0","0","1","3","0","0","0","0.00","0","0.00","0","0","0"
"3259","Maharashtra","Other : ","04-06-2026","1","0","0","4","2","0","3","4","0.00","0","17.00","0","0","0"
"3260","Puducherry","Heavy Rain","04-06-2026","4","0","0","0","0","0","0","0","0.00","0","3.60","0","0","0"
"3261","Sikkim","Heavy Rain","04-06-2026","2","9","50","0","0","0","16","0","0.00","0","72.30","0","0","0"
"3262","Sikkim","Other : 0","04-06-2026","4","0","0","0","0","0","0","0","0.00","0","54.90","0","0","0"
"3263","Tripura","Other : Storm","04-06-2026","1","0","0","0","0","0","2","0","0.00","0","0.00","0","0","0"
"3264","Uttarakhand","Air, Road and Rail Accidents","04-06-2026","3","0","0","1","9","0","0","0","0.00","0","0.00","0","0","0"
"3265","Uttarakhand","Other : Foot sleepage","04-06-2026","1","0","0","1","0","0","0","0","0.00","0","0.00","0","0","0"
"3266","Uttarakhand","Other : Foot sleepage .","04-06-2026","1","0","0","1","0","0","0","0","0.00","0","0.00","0","0","0"
"3267","West Bengal","Other : Drowning","04-06-2026","1","0","0","2","0","0","0","0","0.00","0","0.00","0","0","0"
"3268","West Bengal","Thunder and Lightening","04-06-2026","2","0","0","2","0","0","0","0","0.00","0","0.00","0","0","0"
"3269","Arunachal Pradesh","Landslides and Mudflows","03-06-2026","1","1","0","0","0","0","0","0","0.00","1","0.00","0","0","0"
"3270","Assam","Floods","03-06-2026","4","0","0","0","0","0","0","0","0.00","7","60.20","0","0","0"
"3271","Assam","Other : Drowning","03-06-2026","1","0","0","1","0","0","0","0","0.00","0","41.66","0","0","0"
"3272","Assam","Other : Storm","03-06-2026","2","2","7","0","1","0","2","0","0.00","0","62.06","0","0","0"
"3273","Assam","Thunder and Lightening","03-06-2026","1","2","0","0","0","0","0","0","0.00","2","15.24","0","0","0"
"3274","Assam","Urban Fires","03-06-2026","1","1","0","0","0","0","0","0","0.00","0","41.66","0","0","0"
"3275","Chhattisgarh","Other : Disaster drowning fall into the dam ","03-06-2026","1","0","0","1","0","0","0","0","0.00","0","0.00","0","0","0"
"3276","Chhattisgarh","Other : Disaster drowning fall into the pond ","03-06-2026","1","0","0","1","0","0","0","0","0.00","0","0.00","0","0","0"
"3277","Chhattisgarh","Other : Disaster drowning fall into the river ","03-06-2026","1","0","0","1","0","0","0","0","0.00","0","0.00","0","0","0"
"3278","Chhattisgarh","Thunder and Lightening","03-06-2026","1","1","10","0","10","0","0","0","0.00","0","0.00","0","0","0"
"3279","Gujarat","Heavy Rain","03-06-2026","1","3","0","0","0","0","14","0","0.00","0","0.00","0","0","0"
"3280","Gujarat","Other : storm","03-06-2026","1","0","0","3","1","0","20","0","0.00","0","15.00","0","0","0"
"3281","Gujarat","Thunder and Lightening","03-06-2026","13","12","42","3","2","0","159","14","0.00","0","241.39","0","0","0"
"3282","Himachal Pradesh","Air, Road and Rail Accidents","03-06-2026","3","0","0","2","2","0","0","0","0.00","0","20.00","0","0","0"
"3283","Himachal Pradesh","Other : ","03-06-2026","1","0","0","1","0","0","0","0","0.00","0","20.00","0","0","0"
"3284","Himachal Pradesh","Village Fire","03-06-2026","1","0","0","0","0","0","1","0","0.00","0","0.00","0","0","0"
"3285","Jammu and Kashmir","Thunder and Lightening","03-06-2026","1","0","0","1","0","0","0","0","0.00","0","0.00","0","0","0"
"3286","Kerala","Heavy Rain","03-06-2026","1","0","0","0","0","0","1","0","0.00","0","5.95","0","0","0"
"3287","Kerala","Thunder and Lightening","03-06-2026","1","0","0","0","0","0","2","0","0.00","0","0.00","0","0","0"
"3288","Maharashtra","Electrical Disasters and fires","03-06-2026","1","1","0","0","0","0","0","1","0.00","1","44.25","0","0","0"
"3289","Maharashtra","Other : Accidental Drowning ","03-06-2026","1","1","0","2","0","0","0","0","0.00","0","0.00","0","0","0"
"3290","Maharashtra","Other : Thunderstorm","03-06-2026","1","1","0","0","0","0","1","0","0.00","0","0.00","0","0","0"
"3291","Maharashtra","Other : Thunderstorm ","03-06-2026","2","5","0","4","12","0","5","32","0.00","0","65.75","0","0","0"
"3292","Maharashtra","Other : Tree Fall","03-06-2026","2","2","0","1","0","0","0","1","0.00","0","51.50","0","0","0"
"3293","Maharashtra","Other : Tree Falls- 3 Goat death","03-06-2026","1","0","0","0","0","0","14","3","0.00","0","19.25","0","0","0"
"3294","Maharashtra","Thunder and Lightening","03-06-2026","4","5","0","1","0","0","0","7","0.00","0","44.25","0","0","0"
"3295","Puducherry","Heavy Rain","03-06-2026","1","0","0","0","0","0","0","0","0.00","0","3.20","0","0","0"
"3296","Sikkim","Heavy Rain","03-06-2026","1","2","25","0","0","0","5","0","0.00","0","23.00","0","0","0"
"3297","Sikkim","Other : ","03-06-2026","1","0","0","0","0","0","0","0","0.00","0","0.50","0","0","0"
"3298","Sikkim","Other : 0","03-06-2026","4","0","0","0","0","0","0","0","0.00","0","115.90","0","0","0"
"3299","Tripura","Other : Drowning","03-06-2026","1","0","0","1","0","0","0","0","0.00","0","0.00","0","0","0"
"3300","Uttarakhand","Air, Road and Rail Accidents","03-06-2026","2","0","0","2","0","0","0","0","0.00","0","0.00","0","0","0"
"3301","Uttarakhand","Other : Drowning","03-06-2026","1","0","0","0","0","2","0","0","0.00","0","0.00","0","0","0"
"3302","Uttarakhand","Other : foot sleepage.","03-06-2026","1","0","0","1","0","0","0","0","0.00","0","0.00","0","0","0"
"3303","Uttarakhand","Other : wild animal attack.","03-06-2026","1","0","0","0","1","0","0","0","0.00","0","0.00","0","0","0"
"3304","West Bengal","Other : Drowning","03-06-2026","3","0","0","3","0","0","0","0","0.00","0","0.00","0","0","0"
"3305","West Bengal","Other : Poisonous Snake Bite","03-06-2026","2","0","0","1","0","0","0","0","0.00","0","0.00","0","0","0"
"3306","West Bengal","Thunder and Lightening","03-06-2026","3","0","0","4","0","0","0","0","0.00","0","0.00","0","0","0"
"3307","Arunachal Pradesh","Other : Storm","02-06-2026","1","1","6","0","0","0","1","0","0.00","1","0.00","0","0","0"
"3308","Assam","Air, Road and Rail Accidents","02-06-2026","1","0","0","0","1","0","0","0","0.00","0","3.30","0","0","0"
"3309","Assam","Erosion","02-06-2026","1","1","170","0","0","0","22","0","12.56","0","0.00","0","0","0"
"3310","Assam","Floods","02-06-2026","3","0","0","0","0","0","0","0","0.00","0","13.60","0","0","0"
"3311","Assam","Other : ","02-06-2026","1","0","0","1","0","0","0","0","0.00","0","3.30","1","0","0"
"3312","Assam","Other : erosion","02-06-2026","1","0","0","0","0","0","0","0","0.00","0","0.00","0","0","0"
"3313","Assam","Other : Erosion","02-06-2026","1","2","40","0","0","0","0","0","0.00","0","0.00","0","0","0"
"3314","Assam","Other : Storm","02-06-2026","1","3","0","0","0","0","0","0","0.00","2","9.20","0","0","0"
"3315","Assam","Thunder and Lightening","02-06-2026","2","1","1","1","0","0","0","0","0.00","0","1.54","0","0","0"
"3316","Assam","Village Fire","02-06-2026","1","0","0","0","0","0","0","0","0.00","2","0.00","0","0","0"
"3317","Chhattisgarh","Other : Disaster drowning fall into the dam ","02-06-2026","1","0","0","2","0","0","0","0","0.00","0","0.00","0","0","0"
"3318","Gujarat","Heavy Rain","02-06-2026","1","3","0","0","0","0","24","0","0.00","0","147.00","0","0","0"
"3319","Gujarat","Thunder and Lightening","02-06-2026","11","12","2","1","3","0","138","19","0.00","0","294.50","0","0","0"
"3320","Himachal Pradesh","Air, Road and Rail Accidents","02-06-2026","2","0","0","1","1","0","0","0","0.00","0","0.00","0","0","1"
"3321","Himachal Pradesh","Electrical Disasters and fires","02-06-2026","1","1","1","0","0","0","0","0","0.00","1","0.00","0","0","0"
"3322","Himachal Pradesh","Heavy Rain","02-06-2026","2","1","1","0","0","0","1","0","0.00","0","16.20","0","0","0"
"3323","Himachal Pradesh","Other : ","02-06-2026","1","0","0","1","0","0","0","0","0.00","0","0.00","0","0","0"
"3324","Himachal Pradesh","Other : Fall from Cliff","02-06-2026","1","1","1","0","0","0","0","1","0.00","0","0.00","0","0","0"
"3325","Jammu and Kashmir","Other : ","02-06-2026","1","0","0","1","0","0","0","0","0.00","0","0.00","0","0","0"
"3326","Maharashtra","Air, Road and Rail Accidents","02-06-2026","2","0","0","2","4","0","0","0","0.00","0","0.30","0","0","0"
"3327","Maharashtra","Other : Thunderstorm","02-06-2026","1","0","0","0","0","0","53","0","0.00","0","3.00","0","0","0"
"3328","Maharashtra","Other : Tree Fall","02-06-2026","1","0","0","0","0","0","0","1","0.00","0","3.00","0","0","0"
"3329","Maharashtra","Other : Wall collapsed","02-06-2026","1","0","0","1","0","0","0","0","0.00","0","185.75","0","0","0"
"3330","Maharashtra","Thunder and Lightening","02-06-2026","3","0","0","1","1","0","0","9","0.00","0","7.00","0","0","0"
"3331","Puducherry","Heavy Rain","02-06-2026","1","0","0","0","0","0","0","0","0.00","0","10.00","0","0","0"
"3332","Sikkim","Heavy Rain","02-06-2026","1","1","0","0","0","0","0","0","0.00","0","13.80","0","0","0"
"3333","Sikkim","Other : 0","02-06-2026","5","0","0","0","0","0","0","0","0.00","0","46.50","0","0","0"
"3334","Tripura","Heavy Rain","02-06-2026","1","0","0","0","0","0","1","0","0.00","0","0.00","0","0","0"
"3335","Uttarakhand","Air, Road and Rail Accidents","02-06-2026","5","0","0","1","10","0","0","0","0.00","0","0.00","0","0","0"
"3336","Uttarakhand","Other : Heart attack","02-06-2026","1","0","0","0","1","0","0","0","0.00","0","0.00","0","0","0"
"3337","Uttarakhand","Village Fire","02-06-2026","1","0","0","0","0","0","0","1","0.00","0","0.00","0","0","0"
"3338","West Bengal","Other : Drowning","02-06-2026","2","0","0","5","0","0","0","0","0.00","0","0.00","0","0","0"
"3339","West Bengal","Other : Fire Incident ","02-06-2026","1","0","0","0","1","0","0","1","0.00","0","0.00","0","0","0"
"3340","West Bengal","Other : Sake Bite ","02-06-2026","1","0","0","1","0","0","0","0","0.00","0","0.00","0","0","0"
"3341","West Bengal","Thunder and Lightening","02-06-2026","1","0","0","1","0","0","0","0","0.00","0","30.00","0","0","0"
"3342","Arunachal Pradesh","Electrical Disasters and fires","01-06-2026","2","3","15","0","0","0","4","0","0.00","0","0.00","0","0","0"
"3343","Arunachal Pradesh","Landslides and Mudflows","01-06-2026","1","0","7","0","0","0","1","0","0.00","0","0.00","0","0","0"
"3344","Assam","Air, Road and Rail Accidents","01-06-2026","2","0","0","6","9","0","0","0","0.00","0","0.00","0","0","0"
"3345","Assam","Floods","01-06-2026","2","0","0","0","0","0","0","0","0.00","0","3.00","0","0","0"
"3346","Assam","Other : ","01-06-2026","1","2","2","1","0","2","0","0","0.00","0","0.00","0","0","0"
"3347","Assam","Other : Storm ","01-06-2026","1","2","6","1","1","0","1","0","0.00","0","0.00","0","0","0"
"3348","Chhattisgarh","Other : Disaster Drowning Fall into the dam ","01-06-2026","1","0","0","1","0","0","0","0","0.00","0","0.00","0","0","0"
"3349","Chhattisgarh","Other : Disaster- Drowning Fall into the dam ","01-06-2026","1","0","0","1","0","0","0","0","0.00","0","0.00","0","0","0"
"3350","Chhattisgarh","Other : disaster drowning fall into the river ","01-06-2026","1","0","0","1","0","0","0","0","0.00","0","0.00","0","0","0"
"3351","Chhattisgarh","Other : Disaster drowning fall into the river ","01-06-2026","1","0","0","1","0","0","0","0","0.00","0","0.00","0","0","0"
"3352","Gujarat","Heavy Rain","01-06-2026","1","0","0","0","0","0","1","0","0.00","0","53.00","0","0","0"
"3353","Gujarat","Thunder and Lightening","01-06-2026","2","0","0","0","1","0","2","2","0.00","0","0.00","0","0","0"
"3354","Himachal Pradesh","Air, Road and Rail Accidents","01-06-2026","5","1","1","2","6","0","0","0","0.00","0","0.00","0","0","0"
"3355","Himachal Pradesh","Electrical Disasters and fires","01-06-2026","1","0","0","0","0","0","1","0","0.00","0","0.00","0","0","0"
"3356","Himachal Pradesh","Food Poisoning","01-06-2026","1","0","0","0","0","0","0","1","0.00","0","0.00","0","0","0"
"3357","Himachal Pradesh","Other : SNAKE BITE","01-06-2026","1","0","0","0","0","0","0","1","0.00","0","0.00","0","0","0"
"3358","Jammu and Kashmir","Other : ","01-06-2026","1","0","0","1","1","0","0","0","0.00","0","0.00","0","0","0"
"3359","Kerala","Heavy Rain","01-06-2026","1","0","0","0","0","0","1","0","0.00","0","5.40","0","0","0"
"3360","Kerala","Other : ","01-06-2026","1","0","0","1","0","0","0","0","0.00","0","3.60","0","0","0"
"3361","Kerala","Thunder and Lightening","01-06-2026","2","0","0","0","0","0","2","0","0.00","0","46.80","0","0","0"
"3362","Maharashtra","Other : ","01-06-2026","3","0","0","1","1","0","0","2","0.00","0","2.30","0","0","0"
"3363","Maharashtra","Thunder and Lightening","01-06-2026","1","0","0","0","0","0","0","1","0.00","0","1.00","0","0","0"
"3364","Meghalaya","Village Fire","01-06-2026","1","1","4","0","0","0","1","0","0.00","0","0.60","0","0","0"
"3365","Mizoram","Other : ","01-06-2026","1","1","3","0","1","0","1","0","0.00","0","0.00","3","0","0"
"3366","Puducherry","Heavy Rain","01-06-2026","2","0","0","0","0","0","0","0","0.00","0","22.00","0","0","0"
"3367","Sikkim","Other : 0","01-06-2026","6","1","0","0","0","0","1","0","0.00","1","0.00","0","0","0"
"3368","West Bengal","Other : Drowning on 30.05.2026 at 3 p.m.","01-06-2026","1","1","4","1","0","0","0","0","0.00","0","0.00","0","0","0"
"3369","West Bengal","Thunder and Lightening","01-06-2026","1","2","0","0","0","0","0","0","0.00","0","30.00","0","0","0"
"3370","Assam","Air, Road and Rail Accidents","31-05-2026","1","0","0","8","46","0","0","0","0.00","0","0.00","0","0","0"
"3371","Assam","Floods","31-05-2026","3","0","0","0","0","0","0","0","0.00","0","23.60","0","0","0"
"3372","Assam","Other : 0","31-05-2026","1","2","0","0","0","0","0","0","0.00","0","499.20","0","0","0"
"3373","Assam","Other : Animal attacked","31-05-2026","1","0","0","0","0","0","0","2","0.00","0","0.00","0","0","0"
"3374","Assam","Other : Erosion","31-05-2026","1","1","20","0","0","0","5","0","0.00","0","0.00","0","0","0"
"3375","Assam","Other : Storm","31-05-2026","1","1","1","0","1","0","0","0","0.00","0","0.00","0","0","0"
"3376","Assam","Thunder and Lightening","31-05-2026","1","0","0","0","0","0","0","0","0.00","0","0.00","0","0","0"
"3377","Assam","Village Fire","31-05-2026","2","2","4","0","0","0","1","0","0.00","1","0.00","0","0","0"
"3378","Chhattisgarh","Other : SNAKE BITE ","31-05-2026","1","0","0","1","0","0","0","0","0.00","0","0.00","0","0","0"
"3379","Chhattisgarh","Thunder and Lightening","31-05-2026","1","0","0","1","0","0","0","0","0.00","0","0.00","0","0","0"
"3380","Gujarat","Thunder and Lightening","31-05-2026","5","2","3","2","5","0","18","5","0.00","0","40.90","0","0","0"
"3381","Himachal Pradesh","Air, Road and Rail Accidents","31-05-2026","2","1","8","9","0","0","0","0","0.00","0","0.00","0","0","0"
"3382","Himachal Pradesh","Other : ","31-05-2026","1","0","0","0","0","0","0","0","0.00","0","20.00","0","0","0"
"3383","Himachal Pradesh","Village Fire","31-05-2026","1","1","0","0","0","0","1","0","0.00","0","2.40","0","0","0"
"3384","Jammu and Kashmir","Other : Drowning","31-05-2026","1","0","0","0","0","1","0","0","0.00","0","0.00","0","0","0"
"3385","Kerala","Heavy Rain","31-05-2026","1","0","0","0","0","0","1","0","0.00","0","0.00","0","0","0"
"3386","Meghalaya","Hailstorm","31-05-2026","1","3","0","0","0","0","0","0","50.00","0","9.90","0","0","0"
"3387","Puducherry","Heavy Rain","31-05-2026","4","0","0","0","0","0","0","0","0.00","0","0.00","0","0","0"
"3388","Punjab","Heavy Rain","31-05-2026","18","0","0","0","0","0","0","0","0.00","0","180.24","0","0","0"
"3389","Uttarakhand","Air, Road and Rail Accidents","31-05-2026","1","0","0","0","4","0","0","0","0.00","0","0.00","0","0","0"
"3390","Uttarakhand","Other : during trekking.","31-05-2026","1","0","0","0","0","1","0","0","0.00","0","0.00","0","0","0"
"3391","Uttarakhand","Other : foot sleepage.","31-05-2026","1","0","0","1","0","0","0","0","0.00","0","0.00","0","0","0"
"3392","Uttarakhand","Other : trekking dayara bugyal.","31-05-2026","1","0","0","0","0","1","0","0","0.00","0","0.00","0","0","0"
"3393","West Bengal","Other : Fire Incident ","31-05-2026","1","0","0","0","0","0","0","0","0.00","0","0.00","0","0","0"
"3394","West Bengal","Thunder and Lightening","31-05-2026","2","6","31","0","0","0","7","0","0.00","0","142.00","0","0","0"
"3395","Assam","Floods","30-05-2026","2","0","0","0","0","0","0","0","0.00","0","0.00","0","0","0"
"3396","Assam","Other : General Drowning","30-05-2026","1","1","1","1","0","0","0","0","0.00","0","0.00","0","0","0"
"3397","Chhattisgarh","Other : Disaster Drowning Fall Into The river ","30-05-2026","1","0","0","3","0","0","0","0","0.00","0","0.00","0","0","0"
"3398","Himachal Pradesh","Air, Road and Rail Accidents","30-05-2026","2","0","0","1","3","0","0","0","0.00","0","20.00","0","0","0"
"3399","Himachal Pradesh","Other : Bear Attack","30-05-2026","1","1","1","0","1","0","0","0","0.00","0","10.50","0","0","0"
"3400","Himachal Pradesh","Other : fall from a height","30-05-2026","1","0","0","0","0","0","0","1","0.00","0","0.00","0","0","0"
"3401","Himachal Pradesh","Other : Fire Incident","30-05-2026","1","0","0","0","0","0","0","0","0.00","0","0.60","0","0","0"
"3402","Himachal Pradesh","Other : Wild Bear Attack","30-05-2026","1","0","0","0","0","0","0","80","0.00","0","0.00","0","0","0"
"3403","Himachal Pradesh","Village Fire","30-05-2026","1","0","0","0","0","0","1","0","0.00","0","0.00","0","0","0"
"3404","Kerala","Heavy Rain","30-05-2026","1","0","0","0","0","0","1","0","0.00","0","3.00","0","0","0"
"3405","Kerala","Other : Human wild life conflict","30-05-2026","1","0","0","1","0","0","0","0","0.00","0","3.00","0","0","0"
"3406","Maharashtra","Other : Drowning","30-05-2026","2","0","0","4","0","0","0","0","0.00","0","0.00","0","0","0"
"3407","Maharashtra","Thunder and Lightening","30-05-2026","1","0","0","1","2","0","0","0","0.00","0","0.00","0","0","0"
"3408","Mizoram","Other : ","30-05-2026","1","0","0","0","1","0","0","0","0.00","0","0.00","1","0","0"
"3409","Puducherry","Heavy Rain","30-05-2026","1","0","0","0","0","0","0","0","0.00","0","1.80","0","0","0"
"3410","Tripura","Other : Thunderstorm","30-05-2026","1","0","0","0","0","0","10","0","0.00","0","0.00","0","0","0"
"3411","Uttarakhand","Air, Road and Rail Accidents","30-05-2026","5","0","0","9","12","0","0","0","0.00","0","0.00","0","0","0"
"3412","Uttarakhand","Thunder and Lightening","30-05-2026","1","0","0","2","0","0","0","0","0.00","0","0.00","0","0","0"
"3413","West Bengal","Other : Drowning","30-05-2026","1","0","0","1","0","0","0","0","0.00","0","0.00","0","0","0"
"3414","West Bengal","Other : DROWNING","30-05-2026","1","0","0","1","0","0","0","0","0.00","0","0.00","0","0","0"
"3415","West Bengal","Other : Snakebite and Drowning","30-05-2026","1","0","0","2","0","0","0","0","0.00","0","0.00","0","0","0"
"3416","West Bengal","Thunder and Lightening","30-05-2026","9","56","562","10","0","0","148","0","0.00","0","310.00","0","0","0"
"3417","Assam","Floods","29-05-2026","2","0","0","0","0","0","0","0","0.00","0","0.00","0","0","0"
"3418","Assam","Other : ","29-05-2026","1","2","8","6","2","0","0","0","0.00","0","0.00","2","0","0"
"3419","Chhattisgarh","Other : DISASTER DROWNING FALL INTO THE DAM","29-05-2026","1","0","0","2","0","0","0","0","0.00","0","0.00","0","0","0"
"3420","Chhattisgarh","Other : DISASTER DROWNING FALL INTO THE POND","29-05-2026","1","0","0","1","0","0","0","0","0.00","0","0.00","0","0","0"
"3421","Chhattisgarh","Other : DISATER DROWNING FALL INTO THE POND","29-05-2026","1","0","0","1","0","0","0","0","0.00","0","0.00","0","0","0"
"3422","Chhattisgarh","Thunder and Lightening","29-05-2026","3","0","0","3","1","0","0","0","0.00","0","0.00","0","0","0"
"3423","Haryana","Other : heavy wind and rain","29-05-2026","1","2","0","2","0","0","2","0","0.00","0","5.20","0","0","0"
"3424","Himachal Pradesh","Air, Road and Rail Accidents","29-05-2026","4","0","0","7","17","0","0","0","0.00","0","15.70","0","0","0"
"3425","Himachal Pradesh","Electrical Disasters and fires","29-05-2026","1","0","0","0","0","0","1","0","0.00","0","0.00","0","0","0"
"3426","Himachal Pradesh","Mine fires","29-05-2026","1","0","0","0","0","0","1","0","0.00","0","0.00","0","0","0"
"3427","Himachal Pradesh","Other : 0","29-05-2026","1","0","0","1","0","0","0","0","0.00","0","2.10","0","0","0"
"3428","Himachal Pradesh","Other : Fallen From Hieght ","29-05-2026","1","0","0","1","0","0","0","0","0.00","0","0.00","0","0","0"
"3429","Jammu and Kashmir","Other : ","29-05-2026","1","0","0","1","0","0","0","0","0.00","0","0.00","0","0","0"
"3430","Kerala","Heavy Rain","29-05-2026","2","0","0","0","0","0","2","0","0.00","0","40.80","0","0","0"
"3431","Kerala","Thunder and Lightening","29-05-2026","1","0","0","0","0","0","1","0","0.00","0","23.50","0","0","0"
"3432","Maharashtra","Other : Drowning","29-05-2026","2","0","0","2","0","0","0","0","0.00","0","0.00","0","0","0"
"3433","Maharashtra","Other : Sturctured Collapsed","29-05-2026","1","0","0","1","0","0","0","0","0.00","0","0.00","0","0","0"
"3434","Maharashtra","Thunder and Lightening","29-05-2026","1","0","0","0","0","0","0","2","0.00","0","0.00","0","0","0"
"3435","Meghalaya","Cyclones","29-05-2026","2","6","24","0","0","0","6","0","0.00","0","1395.00","0","0","0"
"3436","Meghalaya","Landslides and Mudflows","29-05-2026","1","1","0","0","0","0","0","0","0.00","0","697.50","0","0","0"
"3437","Puducherry","Heavy Rain","29-05-2026","1","0","0","0","0","0","0","0","0.00","0","0.00","0","0","0"
"3438","Tripura","Other : Drowning","29-05-2026","1","0","0","1","0","0","0","0","0.00","0","0.00","0","0","0"
"3439","West Bengal","Heavy Rain","29-05-2026","1","1","0","0","0","0","1","0","0.00","0","70.00","0","0","0"
"3440","West Bengal","Other : Drowning","29-05-2026","4","0","0","4","0","0","0","0","0.00","0","0.00","0","0","0"
"3441","West Bengal","Thunder and Lightening","29-05-2026","3","0","0","6","0","0","0","0","0.00","0","0.00","0","0","0"
"3442","Arunachal Pradesh","Landslides and Mudflows","28-05-2026","1","1","0","0","0","0","0","0","0.00","3","0.00","0","0","0"
"3443","Assam","Air, Road and Rail Accidents","28-05-2026","1","0","0","0","10","0","0","0","0.00","0","1.27","0","0","0"
"3444","Assam","Floods","28-05-2026","2","0","0","0","0","0","0","0","0.00","0","0.00","0","0","0"
"3445","Assam","Sea Erosion","28-05-2026","1","1","0","0","0","0","0","0","0.00","0","728.40","0","0","0"
"3446","Assam","Village Fire","28-05-2026","2","0","4","0","0","0","3","0","0.00","0","1.27","0","0","0"
"3447","Himachal Pradesh","Air, Road and Rail Accidents","28-05-2026","2","0","0","2","3","0","1","0","0.00","0","0.00","0","0","0"
"3448","Himachal Pradesh","Forest Fires","28-05-2026","1","0","0","0","0","0","2","0","0.00","0","108.00","0","0","0"
"3449","Himachal Pradesh","Other : ","28-05-2026","1","0","0","0","1","0","0","0","0.00","0","0.00","0","0","0"
"3450","Himachal Pradesh","Other : Drowning","28-05-2026","1","0","0","2","0","0","0","0","0.00","0","0.00","0","0","0"
"3451","Himachal Pradesh","Other : Road Accident & Fire Incidents","28-05-2026","1","0","0","0","0","0","0","0","0.00","0","0.00","0","0","0"
"3452","Jammu and Kashmir","Other : drowning","28-05-2026","1","0","0","1","0","0","0","0","0.00","0","0.00","0","0","0"
"3453","Kerala","Heavy Rain","28-05-2026","1","0","0","0","0","0","1","0","0.00","0","7.01","0","0","0"
"3454","Maharashtra","Other : Boat Capsized","28-05-2026","1","0","0","1","1","0","0","0","0.00","0","0.00","0","0","0"
"3455","Maharashtra","Thunder and Lightening","28-05-2026","1","0","0","1","0","0","0","0","0.00","0","0.00","0","0","0"
"3456","Meghalaya","Cyclones","28-05-2026","3","7","39","0","0","0","8","0","0.00","1","2072.70","0","0","0"
"3457","Meghalaya","Landslides and Mudflows","28-05-2026","1","2","0","0","0","0","0","0","0.00","0","690.90","0","0","0"
"3458","Puducherry","Heavy Rain","28-05-2026","4","0","0","0","0","0","0","0","0.00","0","20.40","0","0","0"
"3459","Tripura","Heavy Rain","28-05-2026","1","0","0","0","0","0","40","0","0.00","0","0.00","0","0","0"
"3460","Tripura","Other : Road accident","28-05-2026","1","0","0","0","1","0","0","0","0.00","0","0.00","0","0","0"
"3461","West Bengal","Heavy Rain","28-05-2026","2","13","753","0","0","0","31","0","0.00","4","185.00","0","0","0"
"3462","West Bengal","Other : Drowning","28-05-2026","1","0","0","1","0","0","0","0","0.00","0","0.00","0","0","0"
"3463","West Bengal","Other : Lightning","28-05-2026","1","0","0","1","0","0","0","0","0.00","0","0.00","0","0","0"
"3464","West Bengal","Other : Snake Bite","28-05-2026","1","0","0","1","0","0","0","0","0.00","0","0.00","0","0","0"
"3465","West Bengal","Other : Wall Collapsed","28-05-2026","1","1","1","1","0","0","1","0","0.00","0","45.00","0","0","0"
"3466","Arunachal Pradesh","Landslides and Mudflows","27-05-2026","1","2","0","0","0","0","0","0","0.00","2","0.00","0","0","0"
"3467","Assam","Air, Road and Rail Accidents","27-05-2026","1","0","0","0","7","0","0","0","0.00","0","0.00","0","0","0"
"3468","Assam","Floods","27-05-2026","3","0","0","0","0","0","0","0","0.00","1","1.20","0","0","0"
"3469","Assam","Other : ","27-05-2026","1","3","44","0","0","0","7","0","0.00","0","84.60","0","0","0"
"3470","Assam","Other : Drowning","27-05-2026","1","0","0","0","0","1","0","0","0.00","0","0.00","0","0","0"
"3471","Assam","Other : Storm","27-05-2026","1","6","0","0","0","0","0","0","0.00","7","84.60","0","0","0"
"3472","Assam","Thunder and Lightening","27-05-2026","3","3","0","0","0","0","0","1","0.00","2","84.60","0","0","0"
"3473","Assam","Urban Fires","27-05-2026","1","0","0","0","0","0","0","0","0.00","1","0.00","0","0","0"
"3474","Himachal Pradesh","Air, Road and Rail Accidents","27-05-2026","2","1","1","1","1","0","0","0","0.00","0","0.00","0","0","0"
"3475","Himachal Pradesh","Landslides and Mudflows","27-05-2026","1","0","0","0","1","0","0","0","0.00","0","0.00","0","0","0"
"3476","Himachal Pradesh","Other : 0","27-05-2026","1","0","0","0","0","0","0","0","0.00","0","0.00","0","0","0"
"3477","Himachal Pradesh","Other : Fire","27-05-2026","1","0","0","0","0","0","1","0","0.00","0","0.00","0","0","0"
"3478","Himachal Pradesh","Other : Fire incident ","27-05-2026","1","0","0","0","0","0","0","0","0.00","0","0.00","0","0","0"
"3479","Jammu and Kashmir","Major Building Collapse","27-05-2026","1","0","0","1","12","0","0","0","0.00","1","0.00","0","0","0"
"3480","Karnataka","Heavy Rain","27-05-2026","1","0","0","0","0","0","20","0","0.00","0","24.30","0","0","0"
"3481","Karnataka","Thunder and Lightening","27-05-2026","1","0","0","1","0","0","0","0","0.00","0","29.00","0","0","0"
"3482","Kerala","Other : Human Wildlife Conflict","27-05-2026","1","0","0","0","1","0","0","0","0.00","0","0.20","0","0","0"
"3483","Maharashtra","Air, Road and Rail Accidents","27-05-2026","2","0","0","2","0","0","0","0","0.00","0","0.00","0","0","0"
"3484","Maharashtra","Other : 1 male injured due to tree falling ","27-05-2026","1","0","0","0","1","0","0","0","0.00","0","0.00","0","0","0"
"3485","Maharashtra","Other : Cow calf die due to structure collapse ","27-05-2026","1","0","0","0","0","0","0","1","0.00","0","5.50","0","0","0"
"3486","Maharashtra","Other : Drowning","27-05-2026","2","0","0","5","0","0","0","0","0.00","0","0.00","0","0","0"
"3487","Maharashtra","Other : Drowning ","27-05-2026","1","0","0","1","0","0","0","0","0.00","0","19.00","0","0","0"
"3488","Maharashtra","Other : Thunderstorm ","27-05-2026","1","0","0","0","0","0","71","0","0.00","0","0.00","0","0","0"
"3489","Maharashtra","Thunder and Lightening","27-05-2026","4","0","0","1","0","0","0","7","0.00","0","28.00","0","0","0"
"3490","Meghalaya","Cyclones","27-05-2026","3","31","643","0","0","0","110","0","0.00","19","1303.60","0","0","0"
"3491","Meghalaya","Hailstorm","27-05-2026","1","7","0","0","0","0","12","0","0.00","2","650.80","0","0","0"
"3492","Meghalaya","Landslides and Mudflows","27-05-2026","1","2","16","0","0","0","3","0","0.00","0","650.80","0","0","0"
"3493","Puducherry","Heavy Rain","27-05-2026","1","0","0","0","0","0","0","0","0.00","0","4.00","0","0","0"
"3494","Sikkim","Heavy Rain","27-05-2026","1","1","5","0","0","0","1","0","0.00","0","13.70","0","0","0"
"3495","Tripura","Heavy Rain","27-05-2026","1","0","0","0","0","0","3","0","0.00","0","0.00","0","0","0"
"3496","Tripura","Other : Thunderstorm","27-05-2026","2","0","0","0","0","0","25","0","0.00","0","0.00","0","0","0"
"3497","West Bengal","Heavy Rain","27-05-2026","5","34","807","1","0","0","233","2","0.00","0","370.00","0","0","0"
"3498","West Bengal","Other : Drowning","27-05-2026","1","0","0","3","0","0","0","0","0.00","0","0.00","0","0","0"
"3499","West Bengal","Other : Structure collapsed","27-05-2026","1","0","0","1","0","0","0","0","0.00","0","0.00","0","0","0"
"3500","Assam","0","26-05-2026","1","0","0","0","0","0","0","0","0.00","0","0.00","0","0","0"
"3501","Assam","Air, Road and Rail Accidents","26-05-2026","1","0","0","0","3","0","0","0","0.00","0","1.78","0","0","0"
"3502","Assam","Erosion","26-05-2026","1","2","0","0","0","0","0","0","0.00","0","0.00","0","0","0"
"3503","Assam","Floods","26-05-2026","4","0","0","0","0","0","0","0","0.00","3","83.70","0","0","0"
"3504","Assam","Hailstorm","26-05-2026","1","4","0","0","0","0","0","0","0.00","4","58.20","0","0","0"
"3505","Assam","Other : ","26-05-2026","1","0","0","0","0","0","0","0","0.00","0","493.40","0","0","0"
"3506","Assam","Other : Erosion","26-05-2026","2","0","0","0","0","0","0","0","0.00","0","4.60","0","0","0"
"3507","Assam","Other : S","26-05-2026","1","8","0","0","0","0","0","0","0.00","44","63.80","0","0","0"
"3508","Assam","Other : Storm","26-05-2026","1","6","0","0","0","0","0","0","0.00","8","44.20","0","0","0"
"3509","Assam","Other : Urban Flood Silchar","26-05-2026","1","1","350","0","0","0","0","0","0.00","0","63.80","0","0","0"
"3510","Assam","River Erosion","26-05-2026","1","4","0","0","0","0","0","0","0.00","0","0.00","0","0","0"
"3511","Assam","Thunder and Lightening","26-05-2026","3","11","0","0","0","0","0","0","0.00","11","58.20","0","0","0"
"3512","Himachal Pradesh","Air, Road and Rail Accidents","26-05-2026","2","0","0","2","0","0","0","0","0.00","0","0.00","0","0","0"
"3513","Himachal Pradesh","Electrical Disasters and fires","26-05-2026","1","0","0","0","0","0","0","0","0.00","0","0.00","0","0","0"
"3514","Himachal Pradesh","Other : Due to fire","26-05-2026","1","0","0","0","0","0","2","0","0.00","0","0.00","0","0","0"
"3515","Himachal Pradesh","Thunder and Lightening","26-05-2026","1","1","4","0","0","0","1","0","0.00","0","0.00","0","0","0"
"3516","Karnataka","Thunder and Lightening","26-05-2026","1","0","0","1","0","0","0","0","0.00","0","1.60","0","0","0"
"3517","Kerala","Heavy Rain","26-05-2026","3","0","0","1","0","0","4","0","0.00","0","8.50","0","0","0"
"3518","Kerala","Other : ","26-05-2026","1","0","1","1","1","0","0","0","0.00","0","0.00","0","0","0"
"3519","Maharashtra","Air, Road and Rail Accidents","26-05-2026","1","0","0","8","0","0","0","0","0.00","0","0.00","0","0","0"
"3520","Maharashtra","Other : Drowning","26-05-2026","6","0","0","8","0","0","0","0","0.00","0","0.00","0","0","0"
"3521","Maharashtra","Other : st","26-05-2026","1","0","0","0","3","0","0","0","0.00","0","0.00","0","0","0"
"3522","Maharashtra","Other : Structure collapse","26-05-2026","1","0","0","0","5","0","3","0","0.00","0","0.00","0","0","0"
"3523","Maharashtra","Thunder and Lightening","26-05-2026","1","0","0","1","0","0","0","0","0.00","0","9.50","0","0","0"
"3524","Maharashtra","Urban Fires","26-05-2026","1","0","0","1","0","0","0","0","0.00","0","0.00","0","0","0"
"3525","Meghalaya","Cyclones","26-05-2026","4","29","463","0","0","0","98","0","0.00","0","129.60","0","0","0"
"3526","Meghalaya","Landslides and Mudflows","26-05-2026","1","1","0","0","0","0","0","0","0.00","0","32.40","0","0","0"
"3527","Mizoram","Heavy Rain","26-05-2026","1","14","26","0","0","0","16","0","0.00","0","0.00","4","0","0"
"3528","Sikkim","Electrical Disasters and fires","26-05-2026","1","1","0","0","0","0","1","0","0.00","0","12.30","0","0","0"
"3529","Tripura","Heavy Rain","26-05-2026","1","0","0","0","0","0","4","0","0.00","0","0.00","0","0","0"
"3530","Tripura","Other : THUNDERSTORM","26-05-2026","1","0","0","0","0","0","29","0","0.00","0","0.00","0","0","0"
"3531","Tripura","Thunder and Lightening","26-05-2026","1","0","0","1","0","0","0","0","0.00","0","0.00","0","0","0"
"3532","West Bengal","Other : Drowning","26-05-2026","3","0","0","5","1","1","4","0","0.00","1","0.00","0","0","0"
"3533","West Bengal","Other : Drowning ","26-05-2026","1","0","0","6","0","0","0","0","0.00","0","0.00","0","0","0"
"3534","West Bengal","Other : Snake Bite","26-05-2026","1","0","0","1","0","0","0","0","0.00","0","0.00","0","0","0"
"3535","West Bengal","Thunder and Lightening","26-05-2026","4","14","152","3","0","0","40","0","0.00","0","58.40","0","0","0"
"3536","West Bengal","Thunder and Lithening","26-05-2026","1","1","9","0","0","0","3","0","0.00","0","0.00","0","0","0"
"3537","Arunachal Pradesh","Floods","25-05-2026","1","1","0","0","0","0","0","0","0.00","1","0.00","0","0","0"
"3538","Arunachal Pradesh","Landslides and Mudflows","25-05-2026","1","4","0","0","0","0","0","0","16.70","1","0.00","0","0","0"
"3539","Arunachal Pradesh","Other : Soil Erosion","25-05-2026","1","3","0","0","0","0","0","0","0.00","0","0.00","0","0","0"
"3540","Assam","Air, Road and Rail Accidents","25-05-2026","1","0","0","1","2","0","0","0","0.00","0","8.64","0","0","0"
"3541","Assam","Floods","25-05-2026","4","0","0","0","0","0","0","0","0.00","10","126.10","0","0","0"
"3542","Assam","Hailstorm","25-05-2026","1","2","0","0","0","0","0","0","0.00","4","58.53","0","0","0"
"3543","Assam","Other : Due to Storm on 25-05-2026","25-05-2026","1","8","427","1","0","0","22","0","0.00","15","36.00","0","0","0"
"3544","Assam","Other : Erosion","25-05-2026","1","2","0","0","0","0","0","0","0.00","0","773.00","0","0","0"
"3545","Assam","Other : Storm","25-05-2026","1","4","0","0","0","0","0","0","0.00","8","0.00","0","0","0"
"3546","Assam","Other : Storm report ","25-05-2026","1","1","0","0","0","0","0","0","0.00","1","32.30","0","0","0"
"3547","Assam","Thunder and Lightening","25-05-2026","1","1","0","0","0","0","0","0","0.00","1","22.20","0","0","0"
"3548","Chhattisgarh","Other : Disaster Drowning fall into the river","25-05-2026","1","0","0","1","0","0","0","0","0.00","0","0.00","0","0","0"
"3549","Himachal Pradesh","Air, Road and Rail Accidents","25-05-2026","3","0","0","5","6","0","0","0","0.00","0","0.00","0","0","0"
"3550","Himachal Pradesh","Forest Fires","25-05-2026","1","0","0","0","0","0","0","0","0.00","0","0.00","0","0","0"
"3551","Jammu and Kashmir","Thunder and Lightening","25-05-2026","1","0","0","1","1","0","0","0","0.00","0","0.00","0","0","0"
"3552","Kerala","Heavy Rain","25-05-2026","3","0","0","0","0","0","4","0","0.00","0","56.30","0","0","0"
"3553","Maharashtra","Air, Road and Rail Accidents","25-05-2026","1","0","0","5","26","0","0","0","0.00","0","0.00","0","0","0"
"3554","Maharashtra","Electrical Disasters and fires","25-05-2026","1","0","0","0","1","0","0","0","0.00","0","0.00","0","0","0"
"3555","Maharashtra","Thunder and Lightening","25-05-2026","3","0","0","1","0","0","42","2","0.00","0","0.00","0","0","0"
"3556","Meghalaya","Cyclones","25-05-2026","3","9","83","0","0","0","24","0","0.00","2","129.60","0","0","0"
"3557","Tripura","Heavy Rain","25-05-2026","1","0","0","0","0","0","4","0","0.00","0","0.00","0","0","0"
"3558","Tripura","Thunder and Lightening","25-05-2026","1","0","0","2","5","0","0","0","0.00","0","0.00","0","0","0"
"3559","West Bengal","Heavy Rain","25-05-2026","1","1","9","0","0","0","3","0","0.00","0","75.00","0","0","0"
"3560","West Bengal","Other : Drowning","25-05-2026","4","0","0","3","0","4","0","0","0.00","0","30.00","0","0","0"
"3561","West Bengal","Other : Fall of Tree","25-05-2026","1","0","0","0","1","0","0","0","0.00","0","30.00","0","0","0"
"3562","West Bengal","Thunder and Lightening","25-05-2026","3","0","0","3","2","0","0","0","0.00","0","55.00","0","0","0"
"3563","Assam","Air, Road and Rail Accidents","24-05-2026","1","0","0","0","4","0","0","0","0.00","0","26.67","0","0","0"
"3564","Assam","Floods","24-05-2026","5","0","0","0","0","0","0","0","0.00","2","244.20","0","0","0"
"3565","Assam","Hailstorm","24-05-2026","1","8","0","0","0","0","0","0","0.00","10","64.20","0","0","0"
"3566","Assam","Other : Storm","24-05-2026","1","8","0","0","0","0","0","0","0.00","10","0.00","0","0","0"
"3567","Assam","Other : Storm report ","24-05-2026","1","7","0","0","0","0","0","0","0.00","66","0.00","0","0","0"
"3568","Assam","Thunder and Lightening","24-05-2026","2","42","115","0","0","0","20","2","0.00","3","41.80","0","0","0"
"3569","Himachal Pradesh","Air, Road and Rail Accidents","24-05-2026","3","0","0","3","3","0","0","0","0.00","0","2.60","0","0","0"
"3570","Himachal Pradesh","Other : Drowning ","24-05-2026","1","0","0","1","0","0","0","0","0.00","0","2.60","0","0","0"
"3571","Karnataka","Air, Road and Rail Accidents","24-05-2026","1","0","0","0","0","0","2","1","0.00","0","16.10","0","0","0"
"3572","Karnataka","Heavy Rain","24-05-2026","2","0","0","0","0","0","15","6","0.00","0","42.40","0","0","0"
"3573","Karnataka","Thunder and Lightening","24-05-2026","1","0","0","0","0","0","0","3","0.00","0","15.70","0","0","0"
"3574","Kerala","Heavy Rain","24-05-2026","1","0","0","0","0","0","1","0","0.00","0","21.26","0","0","0"
"3575","Kerala","Thunder and Lightening","24-05-2026","1","0","0","1","0","0","0","0","0.00","0","21.26","0","0","0"
"3576","Maharashtra","Thunder and Lightening","24-05-2026","3","0","0","3","0","0","0","5","0.00","0","5.47","0","0","0"
"3577","Meghalaya","Cyclones","24-05-2026","1","1","6","0","0","0","0","0","0.00","0","583.40","0","0","0"
"3578","Puducherry","Heavy Rain","24-05-2026","4","0","0","0","0","0","0","0","0.00","0","7.80","0","0","0"
"3579","Tripura","Heavy Rain","24-05-2026","1","0","0","0","0","0","7","0","0.00","0","0.00","0","0","0"
"3580","Uttarakhand","Air, Road and Rail Accidents","24-05-2026","1","0","0","0","5","0","0","0","0.00","0","0.00","0","0","0"
"3581","Uttarakhand","Other : Heart attack.","24-05-2026","1","0","0","2","0","0","0","0","0.00","0","0.00","0","0","0"
"3582","Uttarakhand","Village Fire","24-05-2026","1","0","0","0","2","0","0","0","0.00","0","0.00","0","0","0"
"3583","West Bengal","Heavy Rain","24-05-2026","3","12","193","0","0","0","39","0","0.00","0","245.00","0","0","0"
"3584","West Bengal","Other : Downing","24-05-2026","1","0","0","1","0","0","0","0","0.00","0","0.00","0","0","0"
"3585","West Bengal","Other : Drowning","24-05-2026","2","0","0","2","0","0","0","0","0.00","0","0.00","0","0","0"
"3586","West Bengal","Other : snake bite","24-05-2026","1","0","0","1","0","0","0","0","0.00","0","0.00","0","0","0"
"3587","West Bengal","Thunder and Lightening","24-05-2026","1","0","0","0","2","0","0","0","0.00","0","30.00","0","0","0"
"3588","West Bengal","Tornadoes and Cyclone","24-05-2026","1","10","250","1","0","0","50","0","0.00","0","85.00","0","0","0"
"3589","Arunachal Pradesh","Floods","23-05-2026","1","4","367","0","0","0","8","730","6.00","131","0.00","0","0","0"
"3590","Arunachal Pradesh","Heavy Rain","23-05-2026","1","1","5","0","0","0","1","0","0.00","0","0.00","0","0","0"
"3591","Assam","Floods","23-05-2026","4","1","35","0","0","0","0","0","0.00","3","46.10","0","0","0"
"3592","Assam","Hailstorm","23-05-2026","3","5","260","0","0","0","42","0","0.00","1","109.75","0","0","0"
"3593","Assam","Landslides and Mudflows","23-05-2026","1","2","15","0","0","0","2","0","0.00","0","74.00","0","0","0"
"3594","Assam","Other : ","23-05-2026","2","1","0","0","0","0","0","0","0.00","1","74.00","0","0","0"
"3595","Assam","Thunder and Lightening","23-05-2026","4","6","3","3","1","0","0","0","0.00","3","122.71","0","0","0"
"3596","Assam","Village Fire","23-05-2026","1","0","0","0","0","0","0","0","0.00","0","0.00","0","0","0"
"3597","Himachal Pradesh","Air, Road and Rail Accidents","23-05-2026","2","0","0","1","3","0","0","0","0.00","0","0.00","0","0","0"
"3598","Himachal Pradesh","Electrical Disasters and fires","23-05-2026","1","0","0","0","0","0","0","0","0.00","0","0.00","0","0","0"
"3599","Himachal Pradesh","Forest Fires","23-05-2026","1","0","0","0","0","0","0","0","0.00","0","0.00","0","0","0"
"3600","Himachal Pradesh","Other : 0","23-05-2026","1","0","0","0","0","0","0","1","0.00","0","0.00","0","0","0"
"3601","Himachal Pradesh","Village Fire","23-05-2026","1","0","0","0","0","0","1","0","0.00","0","0.50","0","0","0"
"3602","Kerala","Heavy Rain","23-05-2026","1","0","0","0","0","0","2","0","0.00","0","1.20","0","0","0"
"3603","Kerala","Other : ","23-05-2026","1","0","0","0","0","0","1","0","0.00","0","10.30","0","0","0"
"3604","Maharashtra","Other : ","23-05-2026","2","0","0","1","0","0","0","6","0.00","0","0.00","0","0","0"
"3605","Maharashtra","Other : Accidental Drowning","23-05-2026","1","0","0","1","0","0","0","0","0.00","0","0.00","0","0","0"
"3606","Maharashtra","Other :Drowning ","23-05-2026","1","0","0","1","0","0","0","0","0.00","0","0.00","0","0","0"
"3607","Maharashtra","Thunder and Lightening","23-05-2026","3","0","0","3","3","0","0","1","0.00","0","4.60","0","0","0"
"3608","Meghalaya","Cyclones","23-05-2026","2","2","6","0","0","0","0","0","0.00","1","1155.30","0","0","0"
"3609","Meghalaya","Floods","23-05-2026","2","3","0","0","0","0","0","0","0.00","0","1150.80","0","0","0"
"3610","Meghalaya","Landslides and Mudflows","23-05-2026","1","1","11","0","0","0","1","0","0.00","0","583.40","0","0","0"
"3611","Meghalaya","Village Fire","23-05-2026","1","1","0","0","0","0","0","0","0.00","0","571.90","0","0","0"
"3612","Puducherry","Heavy Rain","23-05-2026","1","0","0","0","0","0","0","0","0.00","0","4.00","0","0","0"
"3613","Tripura","Thunder and Lightening","23-05-2026","1","0","0","1","0","0","0","0","0.00","0","0.00","0","0","0"
"3614","Arunachal Pradesh","Heavy Rain","22-05-2026","1","1","1","0","0","0","0","0","1.00","1","0.00","0","0","0"
"3615","Assam","Air, Road and Rail Accidents","22-05-2026","2","0","0","1","3","0","0","0","0.00","0","0.00","0","0","0"
"3616","Assam","Floods","22-05-2026","4","0","0","0","0","0","0","0","0.00","11","83.20","0","0","0"
"3617","Assam","Other : ","22-05-2026","1","2","0","0","0","0","0","0","0.00","0","429.00","0","0","0"
"3618","Assam","Thunder and Lightening","22-05-2026","1","2","0","0","0","0","0","0","0.00","2","0.00","0","0","0"
"3619","Assam","Village Fire","22-05-2026","1","0","0","0","0","0","0","0","0.00","0","0.00","0","0","0"
"3620","Himachal Pradesh","Air, Road and Rail Accidents","22-05-2026","1","0","0","1","0","0","0","0","0.00","0","0.00","0","0","0"
"3621","Himachal Pradesh","Electrical Disasters and fires","22-05-2026","2","0","0","0","0","0","1","3","0.00","0","0.00","0","0","0"
"3622","Himachal Pradesh","Other : Falling from height","22-05-2026","1","0","0","1","0","0","0","0","0.00","0","0.00","0","0","0"
"3623","Himachal Pradesh","Other : Road Accident & Forest Fire","22-05-2026","1","0","0","0","1","0","0","0","0.00","0","0.00","0","0","0"
"3624","Karnataka","Thunder and Lightening","22-05-2026","3","0","0","2","0","0","8","7","0.00","0","24.50","0","0","0"
"3625","Kerala","Heat Wave and Cold Wave","22-05-2026","1","0","0","0","1","0","0","0","0.00","0","12.60","0","0","0"
"3626","Kerala","Heavy Rain","22-05-2026","1","0","0","0","0","0","1","0","0.00","0","0.00","0","0","0"
"3627","Kerala","Other : ","22-05-2026","1","0","0","0","0","0","1","0","0.00","0","10.16","0","0","0"
"3628","Maharashtra","Other : Drowning","22-05-2026","2","0","0","4","2","1","0","0","0.00","0","0.00","0","0","0"
"3629","Meghalaya","Cyclones","22-05-2026","1","1","8","0","0","0","1","0","0.00","0","559.10","0","0","0"
"3630","Meghalaya","Floods","22-05-2026","1","1","0","0","0","0","1","0","0.00","0","559.10","0","0","0"
"3631","Meghalaya","Landslides and Mudflows","22-05-2026","2","8","0","0","0","0","1","0","0.00","0","6150.10","0","0","0"
"3632","Puducherry","Electrical Disasters and fires","22-05-2026","1","0","0","0","0","0","0","31","0.00","0","0.00","0","0","0"
"3633","Puducherry","Heavy Rain","22-05-2026","1","0","0","0","0","0","0","0","0.00","0","42.00","0","0","0"
"3634","Sikkim","Heavy Rain","22-05-2026","1","0","0","0","0","0","0","0","0.00","0","2.60","0","0","0"
"3635","Tripura","Other : Thunderstormm","22-05-2026","1","0","0","0","0","0","4","0","0.00","0","0.00","0","0","0"
"3636","Uttarakhand","Air, Road and Rail Accidents","22-05-2026","1","0","0","1","0","0","0","0","0.00","0","0.00","0","0","0"
"3637","Uttarakhand","Landslides and Mudflows","22-05-2026","1","0","0","1","1","0","0","0","0.00","0","0.00","0","0","0"
"3638","West Bengal","Heavy Rain","22-05-2026","2","19","2740","0","0","0","149","0","0.00","0","150.00","0","0","0"
"3639","West Bengal","Other : Drowning","22-05-2026","1","0","0","0","0","2","0","0","0.00","0","0.00","0","0","0"
"3640","West Bengal","Thunder and Lightening","22-05-2026","1","0","0","2","0","0","0","0","0.00","0","20.00","0","0","0"
"3641","Assam","Air, Road and Rail Accidents","21-05-2026","1","0","0","0","2","0","0","0","0.00","0","0.00","0","0","0"
"3642","Assam","Electrical Disasters and fires","21-05-2026","1","1","1","0","0","0","0","0","0.00","1","0.00","0","0","0"
"3643","Assam","Floods","21-05-2026","5","1","0","0","0","0","0","0","4.42","0","21.90","0","0","0"
"3644","Assam","Hailstorm","21-05-2026","3","54","568","1","0","0","152","0","0.00","1","479.40","0","0","0"
"3645","Assam","Other : ","21-05-2026","2","1","0","0","0","0","0","0","0.00","0","429.00","0","0","0"
"3646","Assam","Sea Erosion","21-05-2026","1","1","15","0","0","0","0","0","0.00","0","474.40","0","0","0"
"3647","Assam","Thunder and Lightening","21-05-2026","2","3","0","0","0","0","0","0","0.00","0","474.40","0","0","0"
"3648","Assam","Village Fire","21-05-2026","1","0","0","0","0","0","0","0","0.00","4","0.00","0","0","0"
"3649","Chhattisgarh","Thunder and Lightening","21-05-2026","1","0","4","1","3","0","0","0","0.00","0","0.00","0","0","0"
"3650","Himachal Pradesh","Other : ","21-05-2026","1","0","0","1","0","0","0","1","0.00","0","0.00","0","0","0"
"3651","Himachal Pradesh","Other : DROWNING","21-05-2026","1","0","0","1","0","0","0","0","0.00","0","0.00","0","0","0"
"3652","Himachal Pradesh","Other : Drowning Incident & Fire Incidents","21-05-2026","1","0","0","1","0","0","0","0","0.00","0","0.00","0","0","0"
"3653","Himachal Pradesh","Other : Government rented building Damged","21-05-2026","1","0","0","0","0","0","0","0","0.00","0","0.00","0","0","0"
"3654","Kerala","Other : wind","21-05-2026","1","0","0","0","0","0","1","0","0.00","0","7.50","0","0","0"
"3655","Maharashtra","Urban Fires","21-05-2026","1","0","0","2","2","0","0","0","0.00","0","0.00","0","0","0"
"3656","Meghalaya","Cyclones","21-05-2026","2","2","13","0","2","0","1","0","0.00","0","1118.20","0","0","0"
"3657","Meghalaya","Floods","21-05-2026","1","1","6","0","0","0","1","0","0.00","2","559.10","0","0","0"
"3658","Tripura","Other : Thunderstorm","21-05-2026","1","0","0","0","0","0","3","0","0.00","0","0.00","0","0","0"
"3659","West Bengal","Heavy Rain","21-05-2026","1","16","403","0","0","0","103","0","0.00","0","65.00","0","0","0"
"3660","West Bengal","Other :  Drowning","21-05-2026","1","0","0","1","0","0","0","0","0.00","0","0.00","0","0","0"
"3661","West Bengal","Other : Drowning","21-05-2026","1","0","0","1","0","0","0","0","0.00","0","0.00","0","0","0"
"3662","West Bengal","Other : Poisonous Animal Bite","21-05-2026","1","0","0","1","0","0","0","0","0.00","0","0.00","0","0","0"
"3663","Assam","Air, Road and Rail Accidents","20-05-2026","1","0","0","0","4","0","0","0","0.00","0","0.00","0","0","0"
"3664","Assam","Floods","20-05-2026","4","0","0","0","0","0","0","0","0.00","0","4.60","0","0","0"
"3665","Assam","Other : ","20-05-2026","1","2","52","0","0","0","0","0","0.00","0","24.92","0","0","0"
"3666","Assam","Other : River Erosion ","20-05-2026","1","1","68","0","0","0","10","0","0.00","0","0.00","0","1","68"
"3667","Himachal Pradesh","Air, Road and Rail Accidents","20-05-2026","3","0","0","3","11","0","0","1","0.00","0","0.00","0","0","0"
"3668","Himachal Pradesh","Other : ","20-05-2026","1","0","0","0","0","0","0","0","0.00","0","0.00","0","0","0"
"3669","Himachal Pradesh","Other : DROWNING ","20-05-2026","1","0","0","1","0","0","0","0","0.00","0","0.00","0","0","0"
"3670","Himachal Pradesh","Other : Fall from Cliff","20-05-2026","1","1","1","1","0","0","0","0","0.00","0","0.00","0","0","0"
"3671","Karnataka","Heavy Rain","20-05-2026","1","0","0","0","0","0","0","0","0.00","80","1.00","0","0","0"
"3672","Kerala","Sea Erosion","20-05-2026","1","0","0","0","0","0","4","0","0.00","0","8.00","0","0","0"
"3673","Maharashtra","Other : Drowning","20-05-2026","1","0","0","3","0","0","0","0","0.00","0","0.00","0","0","0"
"3674","Meghalaya","Cyclones","20-05-2026","2","7","145","0","2","0","27","0","0.00","1","1117.00","0","0","0"
"3675","Meghalaya","Hailstorm","20-05-2026","1","4","0","0","0","0","8","0","0.00","0","557.90","0","0","0"
"3676","Puducherry","Heavy Rain","20-05-2026","4","0","0","0","0","0","0","0","0.00","0","26.00","0","0","0"
"3677","Sikkim","Heavy Rain","20-05-2026","1","0","0","0","0","0","0","0","0.00","0","0.00","0","0","0"
"3678","West Bengal","Heavy Rain","20-05-2026","1","15","550","0","0","0","112","0","0.00","0","60.00","0","0","0"
"3679","Arunachal Pradesh","Cyclones","19-05-2026","1","2","96","0","0","0","17","0","0.00","0","0.00","0","0","0"
"3680","Arunachal Pradesh","Floods","19-05-2026","1","1","500","0","0","0","0","0","0.00","1","0.00","0","0","0"
"3681","Arunachal Pradesh","Hailstorm","19-05-2026","1","1","0","0","0","0","0","0","1.00","0","0.00","0","0","0"
"3682","Arunachal Pradesh","Heavy Rain","19-05-2026","1","2","0","0","0","0","0","0","0.00","23","0.00","0","0","0"
"3683","Arunachal Pradesh","Landslides and Mudflows","19-05-2026","2","2","6014","0","0","0","0","0","0.00","2","0.00","0","0","0"
"3684","Assam","Floods","19-05-2026","6","0","0","0","0","0","0","0","0.00","0","72.60","0","0","0"
"3685","Assam","Hailstorm","19-05-2026","1","8","91","0","0","0","23","0","0.00","8","41.00","0","0","0"
"3686","Assam","Other : Erosion","19-05-2026","1","2","13","0","0","0","2","0","0.00","0","7.00","0","0","0"
"3687","Assam","Thunder and Lightening","19-05-2026","1","1","0","0","0","0","0","0","0.00","2","45.40","0","0","0"
"3688","Himachal Pradesh","Air, Road and Rail Accidents","19-05-2026","2","0","0","3","7","0","0","0","0.00","0","0.00","0","0","0"
"3689","Himachal Pradesh","Other : ","19-05-2026","1","0","0","2","0","0","0","0","0.00","0","0.00","0","0","0"
"3690","Karnataka","Thunder and Lightening","19-05-2026","3","0","0","0","0","0","4","7","100.00","0","8.40","0","0","0"
"3691","Kerala","Heavy Rain","19-05-2026","1","0","0","0","0","0","1","0","0.00","0","22.30","0","0","0"
"3692","Maharashtra","Air, Road and Rail Accidents","19-05-2026","1","0","0","13","14","0","0","0","0.00","0","0.00","0","0","0"
"3693","Maharashtra","Other : Drowning","19-05-2026","2","0","0","4","0","0","0","0","0.00","0","0.00","0","0","0"
"3694","Maharashtra","Other : Structured Collapsed","19-05-2026","1","0","0","0","1","0","0","0","0.00","0","0.00","0","0","0"
"3695","Meghalaya","Cyclones","19-05-2026","2","3","16","0","0","0","3","0","0.00","0","1115.80","0","0","0"
"3696","Meghalaya","Floods","19-05-2026","1","1","0","0","0","0","0","0","0.00","1","557.90","0","0","0"
"3697","Meghalaya","Hailstorm","19-05-2026","1","2","0","0","0","0","0","0","0.00","2","556.60","0","0","0"
"3698","Meghalaya","Landslides and Mudflows","19-05-2026","1","1","0","0","0","0","0","0","0.00","0","0.00","0","0","0"
"3699","Meghalaya","Thunder and Lightening","19-05-2026","1","1","4","0","0","0","1","0","0.00","0","557.90","0","0","0"
"3700","Tripura","Other : Drowning","19-05-2026","1","0","0","1","0","0","0","0","0.00","0","0.00","0","0","0"
"3701","Tripura","Other : Thunderstorm","19-05-2026","1","0","0","0","0","0","2","0","0.00","0","0.00","0","0","0"
"3702","West Bengal","Other : DROWNING IN GANGES","19-05-2026","1","0","0","0","0","3","0","0","0.00","0","0.00","0","0","0"
"3703","West Bengal","Thunder and Lightening","19-05-2026","3","1","0","8","1","0","0","0","0.00","0","20.00","0","0","0"
"3704","Chhattisgarh","Other : Disaster drowning fall in to the dam","18-05-2026","1","0","0","4","0","0","0","0","0.00","0","0.00","0","0","0"
"3705","Chhattisgarh","Other : Disaster drowning fall into the river ","18-05-2026","1","0","0","1","0","0","0","0","0.00","0","0.00","0","0","0"
"3706","Chhattisgarh","Thunder and Lightening","18-05-2026","2","2","0","0","0","0","0","20","0.00","0","0.00","0","0","0"
"3707","Himachal Pradesh","Air, Road and Rail Accidents","18-05-2026","3","0","0","1","11","0","0","0","0.00","0","0.00","0","0","0"
"3708","Himachal Pradesh","Electrical Disasters and fires","18-05-2026","2","1","2","0","5","0","1","3","0.00","1","0.00","0","0","0"
"3709","Himachal Pradesh","Other : Fall from cliff","18-05-2026","1","1","1","1","0","0","0","0","0.00","0","0.00","0","0","0"
"3710","Himachal Pradesh","Other : Road Accident & Fire Incidents","18-05-2026","1","0","0","0","2","0","0","0","0.00","0","0.00","0","0","0"
"3711","Karnataka","Thunder and Lightening","18-05-2026","2","0","0","2","0","0","0","44","0.00","0","3.00","0","0","0"
"3712","Kerala","Heavy Rain","18-05-2026","3","0","0","0","1","0","4","0","0.00","0","56.91","0","0","0"
"3713","Kerala","Thunder and Lightening","18-05-2026","1","0","0","1","0","0","0","0","0.00","0","0.00","0","0","0"
"3714","Maharashtra","Air, Road and Rail Accidents","18-05-2026","1","0","0","3","28","0","0","0","0.00","0","0.00","0","0","0"
"3715","Maharashtra","Other : Drowning","18-05-2026","1","0","0","2","0","0","0","0","0.00","0","0.00","0","0","0"
"3716","Meghalaya","Cyclones","18-05-2026","3","14","192","0","0","0","41","0","0.00","1","1642.40","0","0","0"
"3717","Meghalaya","Hailstorm","18-05-2026","1","1","23","0","0","0","4","0","0.00","0","542.90","0","0","0"
"3718","Meghalaya","Village Fire","18-05-2026","1","1","6","0","0","0","1","0","0.00","0","542.90","0","0","0"
"3719","Puducherry","Heavy Rain","18-05-2026","1","0","0","0","0","0","0","0","0.00","0","37.80","0","0","0"
"3720","Sikkim","Heavy Rain","18-05-2026","3","15","86","0","0","0","29","0","0.50","0","71.00","0","0","0"
"3721","Tripura","Heavy Rain","18-05-2026","1","0","0","0","0","0","2","0","0.00","0","0.00","0","0","0"
"3722","Uttarakhand","Other : Drowning","18-05-2026","1","0","0","1","0","0","0","0","0.00","0","0.00","0","0","0"
"3723","West Bengal","Thunder and Lightening","18-05-2026","2","34","2090","0","0","0","202","0","0.00","0","155.00","0","0","0"
"3724","West Bengal","Village Fire","18-05-2026","1","1","0","0","0","0","1","0","0.00","0","0.00","0","0","0"
"3725","Chhattisgarh","Other : ","17-05-2026","1","0","0","1","0","0","0","0","0.00","0","0.00","0","0","0"
"3726","Chhattisgarh","Other : Disaster drowning fall into the dam ","17-05-2026","1","0","0","1","1","0","0","0","0.00","0","0.00","0","0","0"
"3727","Chhattisgarh","Thunder and Lightening","17-05-2026","1","0","0","1","0","0","0","0","0.00","0","0.00","0","0","0"
"3728","Himachal Pradesh","Air, Road and Rail Accidents","17-05-2026","2","0","0","1","3","0","0","0","0.00","0","0.00","0","0","0"
"3729","Himachal Pradesh","Other : ","17-05-2026","1","0","0","1","0","0","0","0","0.00","0","0.00","0","0","0"
"3730","Karnataka","Thunder and Lightening","17-05-2026","2","0","0","2","0","0","0","0","0.00","0","2.10","0","0","0"
"3731","Kerala","Heavy Rain","17-05-2026","2","0","0","0","0","0","7","0","0.00","0","40.70","0","0","0"
"3732","Maharashtra","Other : Accidental Drowning","17-05-2026","4","0","0","9","0","0","0","0","0.00","0","0.00","0","0","0"
"3733","Meghalaya","Cyclones","17-05-2026","1","4","30","0","0","0","0","0","0.00","0","14.40","0","0","0"
"3734","Meghalaya","Landslides and Mudflows","17-05-2026","1","1","17","0","0","0","1","0","0.00","0","14.40","0","0","0"
"3735","Puducherry","Heavy Rain","17-05-2026","1","0","0","0","0","0","0","0","0.00","0","2.00","0","0","0"
"3736","Punjab","Other : Windstrom","17-05-2026","1","0","0","0","12","0","0","0","0.00","0","0.00","0","0","0"
"3737","Uttarakhand","Air, Road and Rail Accidents","17-05-2026","3","0","0","2","10","0","0","0","0.00","0","0.00","0","0","0"
"3738","Chhattisgarh","Other : Disaster-Drowning fall into the river","16-05-2026","1","0","0","1","0","0","0","0","0.00","0","0.00","0","0","0"
"3739","Himachal Pradesh","Air, Road and Rail Accidents","16-05-2026","2","0","0","4","1","0","0","0","0.00","0","5.00","0","0","0"
"3740","Himachal Pradesh","Other : Fall from cliff","16-05-2026","1","1","1","1","0","0","0","0","0.00","0","0.00","0","0","0"
"3741","Kerala","Heavy Rain","16-05-2026","6","4","140","0","0","0","105","0","0.00","0","41.17","0","0","0"
"3742","Kerala","Other : Drowning Fell into the sea while fishing","16-05-2026","1","0","0","0","0","1","0","0","0.00","0","3.98","0","0","0"
"3743","Meghalaya","Landslides and Mudflows","16-05-2026","1","1","4","0","0","0","0","0","0.00","0","22.40","0","0","0"
"3744","Sikkim","Heavy Rain","16-05-2026","1","10","10000","0","0","0","37","0","0.00","0","58.50","0","0","0"
"3745","Tripura","Other : Drowning","16-05-2026","1","0","0","1","0","0","0","0","0.00","0","0.00","0","0","0"
"3746","Uttarakhand","Air, Road and Rail Accidents","16-05-2026","2","0","0","1","12","0","0","0","0.00","0","0.00","0","0","0"
"3747","Uttarakhand","Other : ","16-05-2026","1","0","0","0","3","0","0","0","0.00","0","0.00","0","0","0"
"3748","Uttarakhand","Other : foot sleepage from hill ","16-05-2026","1","0","0","1","0","0","0","0","0.00","0","0.00","0","0","0"
"3749","Uttarakhand","Other : wild life infict","16-05-2026","1","0","0","1","0","0","0","0","0.00","0","0.00","0","0","0"
"3750","Uttarakhand","Thunder and Lightening","16-05-2026","2","0","0","1","2","0","0","0","0.00","0","0.00","0","0","0"
"3751","Arunachal Pradesh","Hailstorm","15-05-2026","1","2","55","0","0","0","8","0","0.00","0","65.00","0","0","0"
"3752","Arunachal Pradesh","Landslides and Mudflows","15-05-2026","1","1","15","0","0","0","0","0","1.00","0","0.00","0","0","0"
"3753","Arunachal Pradesh","Village Fire","15-05-2026","1","1","5","0","0","0","1","0","0.00","1","0.00","0","0","0"
"3754","Chhattisgarh","Other : disaster drowning fall into the pond ","15-05-2026","1","0","0","1","0","0","0","0","0.00","0","0.00","0","0","0"
"3755","Chhattisgarh","Thunder and Lightening","15-05-2026","1","0","0","1","2","0","0","0","0.00","0","0.00","0","0","0"
"3756","Himachal Pradesh","Air, Road and Rail Accidents","15-05-2026","3","1","2","2","4","0","0","0","0.00","0","0.00","0","0","0"
"3757","Himachal Pradesh","Other : Fall form Height ","15-05-2026","1","0","0","1","0","0","0","0","0.00","0","0.00","0","0","0"
"3758","Himachal Pradesh","Other : Fall from Height ","15-05-2026","1","1","1","1","0","0","0","0","0.00","0","0.00","0","0","0"
"3759","Himachal Pradesh","Other : Road Accident, Fire Incidents & Heavy Rain","15-05-2026","1","0","0","0","3","0","1","0","0.00","0","0.00","0","0","0"
"3760","Karnataka","Heavy Rain","15-05-2026","1","0","0","5","0","0","5","0","0.00","0","4.30","0","0","0"
"3761","Karnataka","Thunder and Lightening","15-05-2026","4","0","0","5","0","0","0","0","0.00","0","45.60","0","0","0"
"3762","Kerala","Heavy Rain","15-05-2026","5","0","0","0","0","0","71","0","0.00","0","12.99","0","0","0"
"3763","Kerala","Other : ","15-05-2026","1","0","0","0","1","0","0","0","0.00","0","3.98","0","0","0"
"3764","Maharashtra","Other : Drowning ","15-05-2026","2","0","0","2","0","0","0","0","0.00","0","0.00","0","0","0"
"3765","Maharashtra","Thunder and Lightening","15-05-2026","2","0","0","0","0","0","0","8","0.00","0","0.00","0","0","0"
"3766","Meghalaya","Cyclones","15-05-2026","1","1","8","0","0","0","1","0","0.00","0","490.40","0","0","0"
"3767","Meghalaya","Hailstorm","15-05-2026","1","1","36","0","0","0","11","0","0.00","0","0.30","0","0","0"
"3768","Meghalaya","Village Fire","15-05-2026","1","1","7","0","0","0","1","0","0.00","0","490.40","0","0","0"
"3769","Puducherry","Heavy Rain","15-05-2026","3","0","0","0","0","0","0","0","0.00","0","34.70","0","0","0"
"3770","Punjab","Heavy Rain","15-05-2026","3","0","0","0","0","0","0","0","0.00","0","4.83","0","0","0"
"3771","Punjab","Thunder and Lightening","15-05-2026","1","1","2","0","0","0","1","0","0.00","0","0.00","0","0","0"
"3772","Uttarakhand","Other : drowning","15-05-2026","1","0","0","1","0","0","0","0","0.00","0","0.00","0","0","0"
"3773","Arunachal Pradesh","Other : Storm","14-05-2026","1","1","0","0","0","0","1","0","0.00","0","0.00","0","0","0"
"3774","Chhattisgarh","Other : ","14-05-2026","1","0","0","1","0","0","0","0","0.00","0","0.00","0","0","0"
"3775","Himachal Pradesh","Air, Road and Rail Accidents","14-05-2026","1","0","0","0","2","0","0","0","0.00","0","0.00","0","0","0"
"3776","Himachal Pradesh","Hailstorm","14-05-2026","1","0","0","0","0","0","1","0","0.00","0","0.00","0","0","0"
"3777","Himachal Pradesh","Heavy Rain","14-05-2026","1","0","0","0","0","0","0","0","0.00","0","3.40","0","0","0"
"3778","Himachal Pradesh","Other : ","14-05-2026","1","0","0","2","0","0","0","0","0.00","0","0.00","0","0","0"
"3779","Himachal Pradesh","Other : 0","14-05-2026","1","0","0","0","1","0","0","0","0.00","0","0.00","0","0","0"
"3780","Himachal Pradesh"," Rail Accidents","14-05-2026","1","0","0","0","2","0","0","0","0.00","0","0.00","0","0","0"
"3781","Himachal Pradesh","Stone fall on the vehicleccidents","14-05-2026","1","0","0","0","2","0","0","0","0.00","0","0.00","0","0","0"
"3782","Himachal Pradesh","Thunder and Lightening","14-05-2026","1","0","0","3","2","0","4","0","0.00","0","0.00","0","0","0"
"3783","Kerala","Heavy Rain","14-05-2026","5","0","0","0","0","0","10","0","0.00","0","6.70","0","0","0"
"3784","Kerala","Other : ","14-05-2026","1","0","1","1","0","0","0","0","0.00","0","0.00","0","0","0"
"3785","Kerala","Thunder and Lightening","14-05-2026","1","0","0","0","0","0","2","0","0.00","0","0.20","0","0","0"
"3786","Maharashtra","Air, Road and Rail Accidents","14-05-2026","1","0","0","0","10","0","0","0","0.00","0","0.00","0","0","0"
"3787","Maharashtra","Other : 0","14-05-2026","2","0","0","5","0","0","0","0","0.00","0","0.00","0","0","0"
"3788","Maharashtra","Other : Drowning","14-05-2026","1","0","0","0","1","0","0","0","0.00","0","0.00","0","0","0"
"3789","Maharashtra","Other : Thunderstorm","14-05-2026","1","0","0","1","0","0","0","0","0.00","0","0.00","0","0","0"
"3790","Maharashtra","Thunder and Lightening","14-05-2026","5","0","0","5","8","0","0","51","0.00","0","0.00","0","0","0"
"3791","Meghalaya","Cyclones","14-05-2026","2","5","7","0","0","0","2","0","0.00","1","958.00","0","0","0"
"3792","Meghalaya","Floods","14-05-2026","1","2","0","0","0","0","0","0","0.00","0","479.00","0","0","0"
"3793","Meghalaya","Hailstorm","14-05-2026","1","1","8","0","0","0","0","0","0.00","0","479.00","0","0","0"
"3794","Meghalaya","Landslides and Mudflows","14-05-2026","1","1","0","0","0","0","0","0","0.00","0","479.00","0","0","0"
"3795","Meghalaya","Village Fire","14-05-2026","1","1","5","0","0","0","0","0","0.00","0","479.00","0","0","0"
"3796","Puducherry","Heavy Rain","14-05-2026","1","0","0","0","0","0","0","0","0.00","0","3.80","0","0","0"
"3797","Tripura","Other : Thunderstorm","14-05-2026","1","0","0","0","0","0","6","0","0.00","0","0.00","0","0","0"
"3798","Uttarakhand","Air, Road and Rail Accidents","14-05-2026","4","0","0","3","14","0","0","0","0.00","0","0.00","0","0","0"
"3799","Uttarakhand","Other : Electric shock ","14-05-2026","1","0","0","1","0","0","0","0","0.00","0","0.00","0","0","0"
"3800","Uttarakhand","Other : foot sleepage","14-05-2026","1","0","0","0","1","0","0","0","0.00","0","0.00","0","0","0"
"3801","Uttarakhand","Other : short circuit ","14-05-2026","1","0","0","1","0","0","0","0","0.00","0","0.00","0","0","0"
"3802","Arunachal Pradesh","Cyclones","13-05-2026","1","2","30","0","0","0","0","0","0.00","0","0.00","0","0","0"
"3803","Arunachal Pradesh","Heavy Rain","13-05-2026","1","1","50","0","0","0","0","0","5.00","6","0.00","0","0","0"
"3804","Arunachal Pradesh","Landslides and Mudflows","13-05-2026","1","1","40","0","0","0","0","0","9.70","0","0.00","0","0","0"
"3805","Himachal Pradesh","Air, Road and Rail Accidents","13-05-2026","3","0","0","3","5","0","0","0","0.00","0","0.00","0","0","0"
"3806","Himachal Pradesh","Other : ","13-05-2026","1","0","0","0","0","0","3","0","0.00","0","0.00","0","0","0"
"3807","Himachal Pradesh","Other : Fall from height","13-05-2026","1","1","1","1","0","0","0","0","0.00","0","0.00","0","0","0"
"3808","Himachal Pradesh","Other : Fall from Height","13-05-2026","1","0","0","1","0","0","0","0","0.00","0","0.00","0","0","0"
"3809","Himachal Pradesh","Other : Fire Incident","13-05-2026","1","0","0","0","0","0","0","0","0.00","0","0.00","0","0","0"
"3810","Himachal Pradesh","Thunder and Lightening","13-05-2026","1","0","0","0","0","0","20","0","0.00","0","0.00","0","0","0"
"3811","Kerala","Heavy Rain","13-05-2026","4","16","7","1","0","0","53","0","0.00","0","44.56","0","0","0"
"3812","Kerala","Pest Attacks","13-05-2026","1","0","0","1","0","0","0","0","0.00","0","0.00","0","0","0"
"3813","Kerala","Thunder and Lightening","13-05-2026","1","0","0","4","3","0","4","0","0.00","0","8.49","0","0","0"
"3814","Maharashtra","Other : Drowning male - daeth 1  ","13-05-2026","1","0","0","2","0","0","0","1","0.00","0","0.00","0","0","0"
"3815","Maharashtra","Other thunderstrom","13-05-2026","1","0","0","12","33","0","0","0","0.00","0","0.00","0","0","0"
"3816","Maharashtra","Thunder and Lightening","13-05-2026","1","0","0","12","13","0","0","0","0.00","0","0.00","0","0","0"
"3817","Puducherry","Heavy Rain","13-05-2026","1","0","0","0","0","0","0","0","0.00","0","5.60","0","0","0"
"3818","Sikkim","Heavy Rain","13-05-2026","1","1","15","0","0","0","5","0","0.00","0","92.70","0","0","0"
"3819","Uttarakhand","Air, Road and Rail Accidents","13-05-2026","6","0","0","1","17","0","0","0","0.00","0","0.00","0","0","0"
"3820","Uttarakhand","Other : due to foot slippage from hill side.","13-05-2026","1","0","0","1","0","0","0","0","0.00","0","0.00","0","0","0"
"3821","Uttarakhand","Other : foot sleepage.","13-05-2026","1","0","0","1","0","0","0","0","0.00","0","0.00","0","0","0"
"3822","Uttarakhand","Thunder and Lightening","13-05-2026","1","0","0","1","0","0","0","0","0.00","0","0.00","0","0","0"
"3823","Chhattisgarh","Electrical Disasters and fires","12-05-2026","1","0","4","4","0","0","1","0","0.00","0","0.00","0","0","0"
"3824","Himachal Pradesh","Air, Road and Rail Accidents","12-05-2026","2","0","0","2","2","0","0","0","0.00","0","0.00","0","0","0"
"3825","Himachal Pradesh","Other : ","12-05-2026","2","2","0","2","2","0","3","86","0.00","0","20.20","0","0","0"
"3826","Himachal Pradesh","Other : 01 person die due to hit by Buffalo","12-05-2026","1","0","0","1","0","0","1","0","0.00","1","0.00","0","0","0"
"3827","Himachal Pradesh","Thunder and Lightening","12-05-2026","1","0","0","0","0","0","76","3","113.70","0","0.00","0","0","0"
"3828","Himachal Pradesh","Village Fire","12-05-2026","1","0","0","0","0","0","3","0","0.00","0","0.00","0","0","0"
"3829","Jammu and Kashmir","Electrical Disasters and fires","12-05-2026","1","0","0","1","0","0","0","0","0.00","0","0.00","0","0","0"
"3830","Jammu and Kashmir","Thunder and Lightening","12-05-2026","1","0","0","0","0","0","1","0","0.00","0","0.00","0","0","0"
"3831","Kerala","Heavy Rain","12-05-2026","5","0","6","0","0","0","11","0","0.00","0","36.05","0","0","0"
"3832","Maharashtra","Other : Tree Fall","12-05-2026","1","0","0","0","1","0","0","0","0.00","0","0.00","0","0","0"
"3833","Meghalaya","Cyclones","12-05-2026","2","2","38","0","0","0","11","0","0.00","0","17.00","0","0","0"
"3834","Meghalaya","Hailstorm","12-05-2026","1","5","96","0","0","0","0","0","0.00","0","8.50","0","0","0"
"3835","Puducherry","Heavy Rain","12-05-2026","4","0","0","0","0","0","0","0","0.00","0","27.80","0","0","0"
"3836","Punjab","Other : ","12-05-2026","1","0","0","0","0","0","0","0","0.00","0","1.40","0","0","0"
"3837","Punjab","Other : 0","12-05-2026","6","2","0","0","0","0","0","0","0.00","0","26.98","0","0","0"
"3838","Sikkim","Heavy Rain","12-05-2026","1","1","6","0","0","0","1","0","0.00","0","1.00","6","0","0"
"3839","Tripura","Other : Drowning","12-05-2026","2","0","0","2","0","0","0","0","0.00","0","0.00","0","0","0"
"3840","Tripura","Other : Thunderstorm","12-05-2026","1","0","0","0","0","0","10","0","0.00","0","0.00","0","0","0"
"3841","Himachal Pradesh","Air, Road and Rail Accidents","11-05-2026","3","1","2","2","2","0","0","0","0.00","0","4.00","0","0","0"
"3842","Himachal Pradesh","Other : ","11-05-2026","1","0","0","0","2","0","0","0","0.00","1","0.00","0","0","0"
"3843","Himachal Pradesh","Other : Faliing from Height","11-05-2026","1","0","0","0","0","0","0","1","0.00","0","0.00","0","0","0"
"3844","Himachal Pradesh","Other : Fall from height","11-05-2026","1","1","1","1","1","1","0","0","0.00","0","0.00","0","0","0"
"3845","Himachal Pradesh","Other : Fire Incident due to Gas Leakage","11-05-2026","1","0","0","1","0","0","0","0","0.00","0","4.00","0","0","0"
"3846","Himachal Pradesh","Other : Lightening ","11-05-2026","1","0","0","1","2","0","0","0","0.00","0","1.80","0","0","0"
"3847","Himachal Pradesh","Other : Thunderstrom with wind blow","11-05-2026","1","0","0","0","0","0","0","0","302.44","0","6.60","0","0","0"
"3848","Himachal Pradesh","Thunder and Lightening","11-05-2026","1","1","5","0","0","0","1","0","0.00","0","0.00","0","0","0"
"3849","Jammu and Kashmir","Thunder and Lightening","11-05-2026","1","0","0","0","0","0","0","80","0.00","0","0.00","0","0","0"
"3850","Kerala","Heavy Rain","11-05-2026","2","0","0","0","0","0","2","0","0.00","0","4.10","0","0","0"
"3851","Maharashtra","Other : Accident","11-05-2026","1","0","0","3","0","0","0","0","0.00","0","0.00","0","0","0"
"3852","Maharashtra","Other : Drowning","11-05-2026","1","0","0","4","0","0","0","0","0.00","0","0.00","0","0","0"
"3853","Maharashtra","Other : Thunderstorm","11-05-2026","2","0","0","0","2","0","100","0","0.00","2","0.00","0","0","0"
"3854","Maharashtra","Other : Tree Fall","11-05-2026","1","0","0","0","2","0","0","0","0.00","0","0.00","0","0","0"
"3855","Maharashtra","Thunder and Lightening","11-05-2026","1","0","0","0","0","0","0","3","0.00","0","0.00","0","0","0"
"3856","Meghalaya","Cyclones","11-05-2026","1","1","8","0","0","0","2","0","0.00","0","434.90","0","0","0"
"3857","Meghalaya","Village Fire","11-05-2026","1","1","3","0","0","0","1","0","0.00","0","0.60","0","0","0"
"3858","Punjab","Heavy Rain","11-05-2026","1","1","2","0","0","0","2","0","0.00","0","11.00","0","0","0"
"3859","Uttarakhand","Air, Road and Rail Accidents","11-05-2026","1","0","0","0","2","0","0","0","0.00","0","0.00","0","0","0"
"3860","Chhattisgarh","","10-05-2026","1","0","0","0","0","0","0","0","0.00","0","0.00","0","0","0"
"3861","Chhattisgarh","Other : DROWING IN A POND ","10-05-2026","1","0","0","2","0","0","0","0","0.00","0","0.00","0","0","0"
"3862","Chhattisgarh","Other : SNAKE BITE ","10-05-2026","1","0","0","2","0","0","0","0","0.00","0","0.00","0","0","0"
"3863","Chhattisgarh","Thunder and Lightening","10-05-2026","1","1","3","2","1","0","0","1","0.00","0","0.00","3","0","0"
"3864","Himachal Pradesh","Air, Road and Rail Accidents","10-05-2026","3","0","1","3","0","0","0","0","0.00","0","0.00","0","0","0"
"3865","Himachal Pradesh","Other : ","10-05-2026","1","0","0","0","0","0","0","13","0.00","0","0.00","0","0","0"
"3866","Himachal Pradesh","Other : Fire","10-05-2026","1","1","6","0","0","0","1","0","0.00","0","0.00","0","0","0"
"3867","Kerala","Heavy Rain","10-05-2026","1","0","0","0","0","0","1","0","0.00","0","9.00","0","0","0"
"3868","Maharashtra","Other : Fire","10-05-2026","1","0","0","0","1","0","0","2","0.00","0","0.00","0","0","0"
"3869","Maharashtra","Thunder and Lightening","10-05-2026","1","0","0","1","0","0","0","0","0.00","0","0.00","0","0","0"
"3870","Uttarakhand","Air, Road and Rail Accidents","10-05-2026","3","0","0","1","7","0","0","0","0.00","0","0.00","0","0","0"
"3871","Himachal Pradesh","Air, Road and Rail Accidents","09-05-2026","1","0","0","0","5","0","0","0","0.00","0","0.00","0","0","0"
"3872","Himachal Pradesh","Electrical Disasters and fires","09-05-2026","1","0","0","0","0","0","1","0","0.00","0","5.70","0","0","0"
"3873","Himachal Pradesh","Forest Fires","09-05-2026","1","0","0","0","0","0","0","0","0.00","0","0.00","0","0","0"
"3874","Himachal Pradesh","Other : Falling from height","09-05-2026","1","0","0","1","0","0","0","0","0.00","0","0.00","0","0","0"
"3875","Karnataka","Thunder and Lightening","09-05-2026","1","0","0","0","0","0","0","36","0.00","0","0.50","0","0","0"
"3876","Kerala","Heavy Rain","09-05-2026","4","5","0","0","0","0","11","0","0.00","0","46.06","0","0","0"
"3877","Kerala","Thunder and Lightening","09-05-2026","2","0","0","0","0","0","2","0","0.00","0","37.63","0","0","0"
"3878","Maharashtra","Air, Road and Rail Accidents","09-05-2026","1","0","0","1","20","0","0","0","0.00","0","0.00","0","0","0"
"3879","Maharashtra","Other : Drowning ","09-05-2026","1","0","0","1","0","0","0","0","0.00","0","0.00","0","0","0"
"3880","Maharashtra","Thunder and Lightening","09-05-2026","1","0","0","1","0","0","0","0","0.00","0","0.00","0","0","0"
"3881","Meghalaya","Thunder and Lightening","09-05-2026","1","1","0","0","0","0","0","2","0.00","0","431.30","0","0","0"
"3882","Puducherry","Heavy Rain","09-05-2026","3","0","0","0","0","0","0","0","0.00","0","28.80","0","0","0"
"3883","Uttarakhand","Air, Road and Rail Accidents","09-05-2026","2","0","0","1","7","0","0","0","0.00","0","0.00","0","0","0"
"3884","Arunachal Pradesh","Earthquakes","08-05-2026","1","1","1","0","0","0","0","0","0.00","0","0.00","0","0","0"
"3885","Arunachal Pradesh","Landslides and Mudflows","08-05-2026","1","1","300","0","0","0","0","0","0.00","1","2.40","0","0","0"
"3886","Gujarat","Thunder and Lightening","08-05-2026","3","45","548","0","0","0","588","0","0.00","0","0.00","0","0","0"
"3887","Himachal Pradesh","Air, Road and Rail Accidents","08-05-2026","2","0","0","1","1","0","0","0","0.00","0","3.10","0","0","0"
"3888","Himachal Pradesh","Electrical Disasters and fires","08-05-2026","1","0","2","0","0","0","0","3","0.00","0","0.00","0","0","0"
"3889","Himachal Pradesh","Heavy Rain","08-05-2026","1","0","0","0","0","0","0","0","0.00","1","0.00","0","0","0"
"3890","Himachal Pradesh","Other : ","08-05-2026","2","0","0","1","0","0","0","1","0.00","0","0.00","0","0","0"
"3891","Jammu and Kashmir","Other : Drowning","08-05-2026","1","0","0","3","0","0","0","0","0.00","0","0.00","0","0","0"
"3892","Kerala","Heavy Rain","08-05-2026","3","0","0","0","0","0","5","0","0.00","0","19.80","0","0","0"
"3893","Kerala","Thunder and Lightening","08-05-2026","1","0","0","0","0","0","1","0","0.00","0","8.30","0","0","0"
"3894","Maharashtra","Other : Tree Branch Fall","08-05-2026","1","0","0","1","0","0","0","0","0.00","0","8.25","0","0","0"
"3895","Maharashtra","Thunder and Lightening","08-05-2026","1","1","0","1","0","0","0","0","0.00","0","39.75","0","0","0"
"3896","Meghalaya","Cyclones","08-05-2026","3","7","37","0","0","0","7","0","0.00","1","1720.00","0","0","0"
"3897","Meghalaya","Hailstorm","08-05-2026","1","1","10","0","0","0","2","0","0.00","0","430.00","0","0","0"
"3898","Puducherry","Heavy Rain","08-05-2026","3","0","0","0","0","0","1","0","0.00","0","3.30","0","0","0"
"3899","Sikkim","Heavy Rain","08-05-2026","1","1","10","0","0","0","3","0","0.00","0","4.40","0","0","0"
"3900","Tripura","Other : Thunder storm","08-05-2026","1","0","0","0","0","0","8","0","0.00","0","0.00","0","0","0"
"3901","Arunachal Pradesh","Earthquakes","07-05-2026","1","1","0","0","0","0","0","0","0.00","0","0.00","0","0","0"
"3902","Arunachal Pradesh","Landslides and Mudflows","07-05-2026","1","1","0","0","0","0","0","0","0.00","1","0.00","0","0","0"
"3903","Gujarat","Thunder and Lightening","07-05-2026","1","0","0","0","0","0","1","0","0.00","0","0.00","0","0","0"
"3904","Himachal Pradesh","Air, Road and Rail Accidents","07-05-2026","3","0","0","4","4","0","0","0","0.00","0","2.60","0","0","0"
"3905","Himachal Pradesh","Hailstorm","07-05-2026","1","0","0","0","0","0","0","0","0.50","0","0.00","0","0","0"
"3906","Himachal Pradesh","Heavy Rain","07-05-2026","1","0","0","0","0","0","0","0","101.00","0","0.00","0","0","0"
"3907","Himachal Pradesh","Other : Drowning","07-05-2026","1","0","0","2","0","0","0","0","1184.00","0","0.00","0","0","0"
"3908","Himachal Pradesh","Other : Fall from Height","07-05-2026","1","1","1","1","0","0","0","0","0.00","0","0.00","0","0","0"
"3909","Kerala","Heavy Rain","07-05-2026","2","0","0","0","0","0","3","0","0.00","0","0.00","0","0","0"
"3910","Puducherry","Heavy Rain","07-05-2026","1","0","0","0","0","0","0","0","0.00","0","63.80","0","0","0"
"3911","Sikkim","Heavy Rain","07-05-2026","2","6","0","0","0","0","1","0","0.00","0","9.70","0","0","0"
"3912","Uttarakhand","Air, Road and Rail Accidents","07-05-2026","1","0","0","3","0","0","0","0","0.00","0","0.00","0","0","0"
"3913","Arunachal Pradesh","Heavy Rain","06-05-2026","1","1","5","0","0","0","1","0","0.00","1","0.00","0","0","0"
"3914","Arunachal Pradesh","Landslides and Mudflows","06-05-2026","2","8","305","0","0","0","0","0","0.00","8","0.00","0","0","0"
"3915","Chandigarh","Other : ","06-05-2026","1","0","0","0","0","0","0","0","0.00","0","19.70","0","0","0"
"3916","Gujarat","Thunder and Lightening","06-05-2026","1","0","0","0","0","0","10","0","0.00","0","0.00","0","0","0"
"3917","Himachal Pradesh","Air, Road and Rail Accidents","06-05-2026","4","1","2","7","4","0","2","0","0.00","0","31.00","0","0","0"
"3918","Himachal Pradesh","Other : Fire","06-05-2026","1","0","0","2","0","0","0","0","0.00","0","0.00","0","0","0"
"3919","Kerala","Heavy Rain","06-05-2026","2","0","0","0","0","0","6","0","0.00","0","18.34","0","0","0"
"3920","Kerala","Other : Snake bite","06-05-2026","1","0","0","1","0","0","0","0","0.00","0","52.00","0","0","0"
"3921","Maharashtra","Air, Road and Rail Accidents","06-05-2026","1","0","0","4","4","0","0","0","0.00","0","0.00","0","0","0"
"3922","Maharashtra","Other : Drowning","06-05-2026","1","0","0","1","0","0","0","0","0.00","0","0.00","0","0","0"
"3923","Maharashtra","Other : structure Collapsed ","06-05-2026","1","0","0","1","0","0","0","0","0.00","0","0.00","0","0","0"
"3924","Maharashtra","Other : Tree fall ","06-05-2026","1","0","0","0","1","0","0","0","0.00","0","0.00","0","0","0"
"3925","Maharashtra","Other : Tree fall :- 01 male injured","06-05-2026","1","0","0","0","1","0","0","0","0.00","0","0.00","0","0","0"
"3926","Meghalaya","Cyclones","06-05-2026","2","2","6","0","0","0","2","0","0.00","0","8.80","0","0","0"
"3927","Puducherry","Heavy Rain","06-05-2026","2","0","0","0","0","0","0","0","0.00","0","7.40","0","0","0"
"3928","Punjab","Thunder and Lightening","06-05-2026","1","0","0","1","1","0","1","0","89.31","0","0.00","0","0","0"
"3929","Sikkim","Heavy Rain","06-05-2026","2","1","0","0","0","0","0","0","0.00","0","158.00","0","0","0"
"3930","Tripura","Heavy Rain","06-05-2026","3","0","0","0","0","0","2581","0","0.00","0","0.00","0","1","7"
"3931","Tripura","Other : Drowning","06-05-2026","2","0","0","2","0","0","0","0","0.00","0","0.00","0","0","0"
"3932","Tripura","Other : Falling of tree","06-05-2026","1","0","0","0","2","0","0","0","0.00","0","0.00","0","0","0"
"3933","Tripura","Other : Heavy storm","06-05-2026","4","0","0","0","0","0","1877","0","0.00","0","0.00","0","5","155"
"3934","Tripura","Other : Mud wall collapse","06-05-2026","1","0","0","1","0","0","0","0","0.00","0","0.00","0","0","0"
"3935","Tripura","Other : Thunder storm","06-05-2026","1","0","0","0","0","0","1815","0","0.00","0","0.00","0","3","1186"
"3936","Tripura","Thunder and Lightening","06-05-2026","1","0","0","1","0","0","0","0","0.00","0","0.00","0","0","0"
"3937","Uttarakhand","Air, Road and Rail Accidents","06-05-2026","4","0","0","3","8","0","0","0","0.00","0","0.00","0","0","0"
"3938","Uttarakhand","Thunder and Lightening","06-05-2026","1","0","30","0","1","0","0","413","0.00","0","0.00","0","0","0"
"3939","Arunachal Pradesh","Cyclones","05-05-2026","1","1","30","0","0","0","30","0","0.00","0","0.00","0","0","0"
"3940","Arunachal Pradesh","Heavy Rain","05-05-2026","1","1","0","0","0","0","0","0","0.00","1","0.00","0","0","0"
"3941","Himachal Pradesh","","05-05-2026","1","0","0","0","0","0","0","0","0.00","0","0.00","0","0","0"
"3942","Himachal Pradesh","Air, Road and Rail Accidents","05-05-2026","3","0","0","0","13","0","0","0","0.00","0","0.00","0","0","0"
"3943","Himachal Pradesh","Cowshed damage due to fire","05-05-2026","1","0","0","0","0","0","0","0","0.00","0","0.00","0","0","0"
"3944","Himachal Pradesh","Fire","05-05-2026","1","0","0","0","0","0","0","0","0.00","0","0.00","0","0","0"
"3945","Himachal Pradesh","Hailstorm","05-05-2026","1","0","0","0","0","0","1","0","0.00","0","0.00","0","0","0"
"3946","Himachal Pradesh","Heavy Rain","05-05-2026","2","0","0","0","0","0","0","0","0.00","15","22.80","0","0","0"
"3947","Himachal Pradesh","Landslides and Mudflows","05-05-2026","1","0","0","0","0","0","0","0","0.00","0","0.00","0","0","0"
"3948","Himachal Pradesh","Other : Fall from Cliff","05-05-2026","1","1","1","1","0","0","0","0","0.00","0","0.00","0","0","0"
"3949","Himachal Pradesh","Thunder and Lightening","05-05-2026","1","0","0","0","0","0","0","2","0.00","0","0.00","0","0","0"
"3950","Himachal Pradesh","Village Fire","05-05-2026","2","0","0","0","0","0","1","0","0.00","0","11.40","0","0","0"
"3951","Kerala","Heat Wave and Cold Wave","05-05-2026","1","0","0","0","3","0","0","0","0.00","0","13.80","0","0","0"
"3952","Kerala","Heavy Rain","05-05-2026","3","0","0","0","0","0","16","0","0.00","0","44.50","0","0","0"
"3953","Maharashtra","Air, Road and Rail Accidents","05-05-2026","1","0","0","1","1","0","0","0","0.00","0","0.00","0","0","0"
"3954","Maharashtra","Other : Accident ","05-05-2026","1","0","0","2","0","0","0","0","0.00","0","0.00","0","0","0"
"3955","Mizoram","Landslides and Mudflows","05-05-2026","1","3","0","0","0","0","0","0","0.00","0","0.00","0","0","0"
"3956","Puducherry","Heavy Rain","05-05-2026","4","0","0","0","0","0","0","0","0.00","0","75.20","0","0","0"
"3957","Sikkim","Heavy Rain","05-05-2026","2","0","0","0","0","0","1","0","0.00","0","15.00","0","0","0"
"3958","Arunachal Pradesh","Floods","04-05-2026","1","1","35","0","0","0","0","0","6.00","1","0.00","0","0","0"
"3959","Himachal Pradesh","Air, Road and Rail Accidents","04-05-2026","5","0","4","6","13","0","1","0","0.00","0","46.00","0","0","0"
"3960","Himachal Pradesh","Other : ","04-05-2026","1","0","0","1","1","0","3","0","0.00","0","9.10","0","0","0"
"3961","Himachal Pradesh","Other : Fall from Cliff","04-05-2026","1","1","1","1","0","0","0","0","0.00","0","0.00","0","0","0"
"3962","Himachal Pradesh","Other : Power (HPSEBL)","04-05-2026","1","0","0","0","0","0","0","0","0.00","0","0.00","0","0","0"
"3963","Kerala","Heat Wave and Cold Wave","04-05-2026","1","0","0","0","17","0","0","0","0.00","0","0.00","0","0","0"
"3964","Kerala","Heavy Rain","04-05-2026","2","0","0","0","0","0","11","0","0.00","0","11.40","0","0","0"
"3965","Maharashtra","Electrical Disasters and fires","04-05-2026","2","0","0","0","2","0","0","0","0.00","0","0.00","0","0","0"
"3966","Maharashtra","Forest Fires","04-05-2026","1","0","0","0","0","0","0","6","0.00","0","0.00","0","0","0"
"3967","Maharashtra","Other : Drowning","04-05-2026","2","0","0","4","0","0","0","0","0.00","0","0.00","0","0","0"
"3968","Meghalaya","Cyclones","04-05-2026","2","2","6","0","0","0","2","0","0.00","0","7.20","0","0","0"
"3969","Meghalaya","Droughts","04-05-2026","1","2","0","0","0","0","0","0","0.00","1","3.60","0","0","0"
"3970","Mizoram","Cyclones","04-05-2026","1","1","0","0","0","0","0","0","0.00","0","0.00","0","0","0"
"3971","Puducherry","Heavy Rain","04-05-2026","4","0","0","0","0","0","0","0","0.00","0","13.20","0","0","0"
"3972","Punjab","Heavy Rain","04-05-2026","11","0","0","0","0","0","0","0","0.00","0","38.67","0","0","0"
"3973","Sikkim","Heavy Rain","04-05-2026","1","22","253","0","0","0","66","0","0.00","0","85.80","0","0","0"
"3974","Arunachal Pradesh","Earthquakes","03-05-2026","1","0","0","0","0","0","0","0","0.00","0","0.00","0","0","0"
"3975","Arunachal Pradesh","Landslides and Mudflows","03-05-2026","2","2","580","0","0","0","1","0","0.00","1","0.00","0","0","0"
"3976","Himachal Pradesh","Air, Road and Rail Accidents","03-05-2026","5","0","0","5","34","0","0","0","0.00","0","4.10","0","0","0"
"3977","Himachal Pradesh","Heavy Rain","03-05-2026","1","0","0","0","0","0","1","0","0.00","0","5.00","0","0","0"
"3978","Himachal Pradesh","Thunder and Lightening","03-05-2026","1","0","0","0","0","0","2","11","0.00","0","0.00","0","0","0"
"3979","Himachal Pradesh","Thunderstorm","03-05-2026","1","0","0","0","0","0","3","0","101.00","78","0.00","0","0","0"
"3980","Kerala","Heavy Rain","03-05-2026","4","0","0","0","0","0","29","0","0.00","0","20.31","0","0","0"
"3981","Kerala","Thunder and Lightening","03-05-2026","1","0","0","0","4","0","1","0","0.00","0","0.20","0","0","0"
"3982","Maharashtra","Other : ","03-05-2026","2","0","0","1","0","0","0","5","0.00","0","0.00","0","0","0"
"3983","Uttarakhand","Other : cowshed fire.","03-05-2026","1","0","0","0","0","0","0","3","0.00","0","0.00","0","0","0"
"3984","Uttarakhand","Other : Foot sleepage from hill side","03-05-2026","1","0","0","1","0","0","0","0","0.00","0","0.00","0","0","0"
"3985","Himachal Pradesh","Air, Road and Rail Accidents","02-05-2026","2","2","5","0","6","0","0","0","0.00","0","0.00","0","0","0"
"3986","Himachal Pradesh","Electrical Disasters and fires","02-05-2026","1","0","0","0","0","0","0","1","0.00","0","0.00","0","0","0"
"3987","Himachal Pradesh","Hailstorm","02-05-2026","1","0","0","0","0","0","0","0","5333.00","0","35.00","0","0","0"
"3988","Himachal Pradesh","Other : Animal Attack","02-05-2026","1","1","1","0","0","0","0","2","0.00","0","0.00","0","0","0"
"3989","Himachal Pradesh","Other : Electric Shock","02-05-2026","1","0","0","1","0","0","0","0","0.00","0","0.00","0","0","0"
"3990","Jammu and Kashmir","Major Building Collapse","02-05-2026","1","0","0","3","1","0","0","0","0.00","0","0.00","0","0","0"
"3991","Karnataka","Thunder and Lightening","02-05-2026","1","0","0","0","0","0","0","3","0.00","0","2.20","0","0","0"
"3992","Kerala","Heat Wave and Cold Wave","02-05-2026","1","0","0","0","6","0","0","0","0.00","0","0.00","0","0","0"
"3993","Kerala","Other : ","02-05-2026","1","0","0","0","0","0","1","0","0.00","0","0.00","0","0","0"
"3994","Kerala","Thunder and Lightening","02-05-2026","2","1","9","0","9","0","1","0","0.00","0","6.24","0","0","0"
"3995","Maharashtra","Other : Accidental Drowning","02-05-2026","3","0","0","7","0","0","0","0","0.00","0","0.00","0","0","0"
"3996","Maharashtra","Other : Tree branch fall","02-05-2026","1","0","0","0","1","0","0","0","0.00","0","0.00","0","0","0"
"3997","Mizoram","Landslides and Mudflows","02-05-2026","1","1","8","0","0","0","1","0","1.00","0","0.00","0","0","0"
"3998","Puducherry","Heavy Rain","02-05-2026","4","0","0","0","0","0","0","0","0.00","0","0.00","0","0","0"
"3999","Sikkim","Heavy Rain","02-05-2026","2","6","43","0","0","0","2","0","0.00","1","50.30","0","0","0"
"4000","Sikkim","Other : N/A","02-05-2026","1","0","0","0","0","0","0","0","0.00","0","0.00","0","0","0"
"4001","Sikkim","Other : NA","02-05-2026","1","0","0","0","0","0","0","0","0.00","0","0.00","0","0","0"
"4002","Uttarakhand","Other : Animal Attack","02-05-2026","1","0","0","1","0","0","0","0","0.00","0","0.00","0","0","0"
"4003","Arunachal Pradesh","Earthquakes","01-05-2026","1","0","0","0","0","0","0","0","0.00","0","0.00","0","0","0"
"4004","Arunachal Pradesh","Landslides and Mudflows","01-05-2026","1","1","1864","0","0","0","0","0","0.00","1","0.00","0","0","0"
"4005","Arunachal Pradesh","Other : Storm","01-05-2026","1","1","0","0","0","0","0","0","0.00","1","0.00","0","0","0"
"4006","Himachal Pradesh","Air, Road and Rail Accidents","01-05-2026","4","1","1","4","7","0","0","0","0.00","0","0.00","0","0","0"
"4007","Jammu and Kashmir","Other : Drowning","01-05-2026","1","0","1","1","0","0","0","0","0.00","0","0.00","0","0","0"
"4008","Karnataka","Thunder and Lightening","01-05-2026","1","0","0","0","0","0","0","2","0.00","0","6.20","0","0","0"
"4009","Kerala","Heat Wave and Cold Wave","01-05-2026","2","0","0","1","15","0","1","0","0.00","0","5.36","0","0","0"
"4010","Kerala","Heavy Rain","01-05-2026","3","4","2","0","0","0","7","0","0.00","0","48.87","0","0","0"
"4011","Kerala","Other : ","01-05-2026","1","0","0","0","0","0","1","0","0.00","0","0.00","0","0","0"
"4012","Maharashtra","Other : Accidental Drowning","01-05-2026","2","0","0","2","0","0","0","0","0.00","0","0.00","0","0","0"
"4013","Meghalaya","Cyclones","01-05-2026","1","1","8","0","0","0","1","0","0.00","0","389.10","0","0","0"
"4014","Meghalaya","Village Fire","01-05-2026","1","1","4","0","0","0","1","0","0.00","0","389.10","0","0","0"
"4015","Arunachal Pradesh","Floods","30-04-2026","1","1","41","0","0","0","7","0","6.50","0","0.00","0","0","0"
"4016","Arunachal Pradesh","Landslides and Mudflows","30-04-2026","1","2","10500","0","0","0","0","0","0.00","1","0.00","0","0","0"
"4017","Arunachal Pradesh","Other : Storm","30-04-2026","1","2","0","0","0","0","16","0","0.00","0","0.00","0","0","0"
"4018","Arunachal Pradesh","Other : STORM","30-04-2026","2","2","186","0","0","0","4","0","0.00","1","0.00","0","0","0"
"4019","Himachal Pradesh","Air, Road and Rail Accidents","30-04-2026","2","0","0","5","0","0","0","0","0.00","0","0.00","0","0","0"
"4020","Himachal Pradesh","Other : ","30-04-2026","1","0","0","0","1","0","0","0","0.00","0","0.00","0","0","0"
"4021","Himachal Pradesh","Other : 01 Person died due to falling from height.","30-04-2026","1","0","0","1","0","0","0","0","0.00","0","0.00","0","0","0"
"4022","Karnataka","Heavy Rain","30-04-2026","1","0","0","7","7","0","0","0","0.00","0","13.60","0","0","0"
"4023","Kerala","Heat Wave and Cold Wave","30-04-2026","1","0","0","0","10","0","0","0","0.00","0","0.00","0","0","0"
"4024","Kerala","Heavy Rain","30-04-2026","2","3","4","0","0","0","5","0","0.00","0","3.60","0","0","0"
"4025","Kerala","Other : Rain and wind","30-04-2026","1","0","0","0","16","0","7","0","0.00","0","23.60","0","0","0"
"4026","Kerala","Other : Strong Wind & Rain (Treefall)","30-04-2026","1","0","0","0","0","0","2","0","0.00","0","4.20","0","0","0"
"4027","Maharashtra","Chemical and industrial Disasters","30-04-2026","1","0","0","0","24","0","0","0","0.00","0","0.00","0","0","0"
"4028","Meghalaya","Cyclones","30-04-2026","2","5","25","0","0","0","6","0","0.00","2","42.40","0","0","0"
"4029","Meghalaya","Thunder and Lightening","30-04-2026","1","1","3","1","2","0","0","0","0.00","0","21.20","0","0","0"
"4030","Mizoram","Strong wind","30-04-2026","1","1","1","0","0","0","1","0","0.00","0","0.00","0","0","0"
"4031","Mizoram","Strongwind","30-04-2026","1","1","4","0","0","0","4","0","0.00","0","0.00","0","0","0"
"4032","Puducherry","Electrical Disasters and fires","30-04-2026","1","0","0","0","0","0","1","0","0.00","0","0.00","0","0","0"
"4033","Puducherry","Heavy Rain","30-04-2026","3","0","0","0","0","0","0","0","0.00","0","3.10","0","0","0"
"4034","Punjab","Other : LIGHT RAIN ","30-04-2026","1","0","0","0","0","0","0","0","0.00","0","0.50","0","0","0"
"4035","Sikkim","Heavy Rain","30-04-2026","2","4","48","0","0","0","14","0","0.00","1","56.20","0","0","0"
"4036","Sikkim","Other : Nil","30-04-2026","4","0","0","0","0","0","0","0","0.00","0","56.10","0","0","0"
"4037","Uttarakhand","Air, Road and Rail Accidents","30-04-2026","1","0","0","0","6","0","0","0","0.00","0","0.00","0","0","0"
"4038","Uttarakhand","Other : Animal Attack","30-04-2026","1","0","0","2","0","0","0","0","0.00","0","0.00","0","0","0"
"4039","Arunachal Pradesh","Thunder and Lightening","29-04-2026","1","4","3","0","0","0","3","0","0.00","0","0.00","0","0","0"
"4040","Himachal Pradesh","Air, Road and Rail Accidents","29-04-2026","5","1","1","1","13","0","0","0","0.00","0","0.00","0","0","0"
"4041","Himachal Pradesh","Other : 0","29-04-2026","1","0","0","0","0","0","0","0","0.00","0","0.00","0","0","0"
"4042","Himachal Pradesh","Other : Fire","29-04-2026","1","0","0","0","0","0","0","0","0.00","0","0.00","0","0","0"
"4043","Kerala","Heat Wave and Cold Wave","29-04-2026","1","0","0","0","5","0","0","0","0.00","0","0.00","0","0","0"
"4044","Kerala","Heavy Rain","29-04-2026","2","0","0","1","2","0","2","0","0.00","0","8.40","0","0","0"
"4045","Kerala","Thunder and Lightening","29-04-2026","2","1","4","1","4","0","0","0","0.00","0","7.60","0","0","0"
"4046","Maharashtra","Air, Road and Rail Accidents","29-04-2026","1","0","0","0","2","0","0","0","0.00","0","0.00","0","0","0"
"4047","Maharashtra","Forest Fires","29-04-2026","1","0","0","1","0","0","0","0","0.00","0","0.00","0","0","0"
"4048","Mizoram","Heavy Rain","29-04-2026","3","18","0","0","0","0","28","0","0.00","4","0.00","0","0","0"
"4049","Mizoram","Landslides and Mudflows","29-04-2026","1","1","0","0","0","0","1","0","0.00","0","0.00","0","0","0"
"4050","Arunachal Pradesh","Cyclones","28-04-2026","3","4","150","0","0","0","1","0","0.00","4","0.00","0","0","0"
"4051","Himachal Pradesh","Air, Road and Rail Accidents","28-04-2026","3","0","0","1","3","0","0","0","0.00","0","0.00","0","0","0"
"4052","Himachal Pradesh","Other : ","28-04-2026","2","0","0","0","0","0","1","0","0.00","0","0.00","0","0","0"
"4053","Karnataka","Thunder and Lightening","28-04-2026","1","0","0","0","0","0","0","132","200.00","0","1.20","0","0","0"
"4054","Kerala","Heat Wave and Cold Wave","28-04-2026","2","0","6","1","6","0","0","0","0.00","0","0.96","0","0","0"
"4055","Kerala","Heavy Rain","28-04-2026","2","0","0","0","0","0","2","0","0.00","0","0.94","0","0","0"
"4056","Kerala","Other : ","28-04-2026","1","0","1","1","0","0","0","0","0.00","0","0.00","0","0","0"
"4057","Maharashtra","Air, Road and Rail Accidents","28-04-2026","1","0","0","0","13","0","0","0","0.00","0","0.00","0","0","0"
"4058","Mizoram","Heavy Rain","28-04-2026","5","25","0","0","0","0","116","0","0.00","27","0.00","0","0","0"
"4059","Puducherry","Heavy Rain","28-04-2026","4","0","0","0","0","0","0","0","0.00","0","7.40","0","0","0"
"4060","Arunachal Pradesh","Forest Fires","27-04-2026","1","1","17245","0","0","0","0","0","0.00","0","0.00","0","0","0"
"4061","Arunachal Pradesh","Heavy Rain","27-04-2026","2","3","0","0","0","0","20","0","0.00","2","0.00","0","0","0"
"4062","Arunachal Pradesh","Other : ","27-04-2026","1","2","0","0","0","0","1","0","0.00","7","0.00","0","0","0"
"4063","Arunachal Pradesh","Other : Storm","27-04-2026","5","10","17774","1","2","0","125","0","34.00","19","0.00","0","0","0"
"4064","Arunachal Pradesh","Tornadoes and Cyclone","27-04-2026","1","2","40","0","0","0","7","0","46.00","0","0.00","0","0","0"
"4065","Himachal Pradesh","Air, Road and Rail Accidents","27-04-2026","4","0","0","5","9","0","0","0","0.00","0","0.00","0","0","0"
"4066","Himachal Pradesh","Other : Accidental Drowing","27-04-2026","1","1","1","1","0","0","0","0","0.00","0","0.00","1","0","0"
"4067","Himachal Pradesh","Other : Fell down from hill","27-04-2026","1","0","0","0","0","0","0","1","0.00","0","0.00","0","0","0"
"4068","Kerala","Heat Wave and Cold Wave","27-04-2026","1","0","0","0","1","0","0","0","0.00","0","0.00","0","0","0"
"4069","Kerala","Other : ","27-04-2026","1","0","0","0","2","0","0","0","0.00","0","0.00","0","0","0"
"4070","Mizoram","Heavy Rain","27-04-2026","5","16","26","0","0","0","20","0","0.00","0","0.00","2","0","0"
"4071","Punjab","Heavy Rain","27-04-2026","1","0","0","0","0","0","0","0","0.00","0","1.06","0","0","0"
"4072","Sikkim","Heavy Rain","27-04-2026","1","1","4","0","0","0","1","0","0.00","0","0.60","0","0","0"
"4073","Tripura","Hailstorm","27-04-2026","1","0","0","0","0","0","150","0","0.00","0","0.00","0","0","0"
"4074","Tripura","Heavy Rain","27-04-2026","5","0","0","0","0","0","115","0","0.00","0","0.00","0","0","0"
"4075","Tripura","Other : Heavy storm","27-04-2026","1","0","0","0","0","0","81","0","0.00","0","0.00","0","0","0"
"4076","Tripura","Other : Strong wind","27-04-2026","1","0","0","0","0","0","33","0","0.00","0","0.00","0","0","0"
"4077","Tripura","Other : Strong Wind","27-04-2026","1","0","0","0","0","0","152","0","0.00","0","0.00","0","0","0"
"4078","Himachal Pradesh","Air, Road and Rail Accidents","26-04-2026","1","0","0","0","2","0","0","0","0.00","0","0.00","0","0","0"
"4079","Himachal Pradesh","Other : ","26-04-2026","1","0","0","1","0","0","0","0","0.00","0","0.00","0","0","0"
"4080","Karnataka","Heavy Rain and thunderstorm","26-04-2026","1","0","0","1","0","0","0","2","0.00","0","0.00","0","0","0"
"4081","Karnataka","Thunderstorm and lightning","26-04-2026","1","0","0","0","0","0","0","0","0.00","0","0.00","0","0","0"
"4082","Kerala","Heat Wave and Cold Wave","26-04-2026","2","0","0","0","3","0","0","0","0.00","0","0.00","0","0","0"
"4083","Maharashtra","Air, Road and Rail Accidents","26-04-2026","1","0","0","1","1","0","0","0","0.00","0","0.00","0","0","0"
"4084","Maharashtra","Other : Accidental Drowning","26-04-2026","1","0","1","1","0","0","0","0","0.00","0","0.00","0","0","0"
"4085","Sikkim","Other : ","26-04-2026","1","0","0","0","0","0","0","0","0.00","0","7.00","0","0","0"
"4086","Sikkim","Other : 0","26-04-2026","5","0","0","0","0","0","0","0","0.00","0","13.20","0","0","0"
"4087","Uttarakhand","Air, Road and Rail Accidents","26-04-2026","1","0","0","0","4","0","0","0","0.00","0","0.00","0","0","0"
"4088","Uttarakhand","Cattle Epidemics","26-04-2026","1","0","0","1","0","0","0","0","0.00","0","0.00","0","0","0"
"4089","Uttarakhand","Village Fire","26-04-2026","1","1","12","0","0","0","10","3","0.00","0","0.00","0","0","0"
"4090","Arunachal Pradesh","Air, Road and Rail Accidents","25-04-2026","1","1","0","1","1","0","0","0","0.00","1","0.00","0","0","0"
"4091","Arunachal Pradesh","Other : Storm","25-04-2026","1","1","40","0","0","0","14","0","11.00","17","0.00","0","0","0"
"4092","Himachal Pradesh","Air, Road and Rail Accidents","25-04-2026","2","0","0","1","23","0","0","0","0.00","0","0.00","0","0","0"
"4093","Himachal Pradesh","Other : ","25-04-2026","1","0","0","1","0","0","0","0","0.00","0","0.00","0","0","0"
"4094","Karnataka","Thunderstorm and Lightning","25-04-2026","1","0","0","0","0","0","0","3","0.00","0","0.00","0","0","0"
"4095","Kerala","Heat Wave and Cold Wave","25-04-2026","3","0","0","0","31","0","0","0","0.00","0","0.00","0","0","0"
"4096","Kerala","Other : Heavy Wind","25-04-2026","1","0","0","0","0","0","9","0","0.00","0","0.00","0","0","0"
"4097","Kerala","Other : House Damage (Partially due to wind)","25-04-2026","1","0","0","0","0","0","1","0","0.00","0","0.00","0","0","0"
"4098","Kerala","Other : Rain & strong wind ","25-04-2026","1","0","0","0","0","0","1","0","0.00","0","0.00","0","0","0"
"4099","Maharashtra","Thunder and Lightening","25-04-2026","1","0","0","1","0","0","0","0","0.00","0","56.75","0","0","0"
"4100","Puducherry","Heavy Rain","25-04-2026","1","0","0","0","0","0","0","0","0.00","0","1.00","0","0","0"
"4101","Tripura","Other : heavy storm","25-04-2026","1","0","0","0","0","0","2125","0","0.00","0","0.00","0","0","0"
"4102","Uttarakhand","Other : 0","25-04-2026","1","0","0","1","0","0","0","0","0.00","0","0.00","0","0","0"
"4103","Himachal Pradesh","Air, Road and Rail Accidents","24-04-2026","2","0","0","2","2","0","0","0","0.00","0","0.00","0","0","0"
"4104","Jammu and Kashmir","Other : Drowning","24-04-2026","1","0","0","0","0","1","0","0","0.00","0","0.00","0","0","0"
"4105","Karnataka","Lightning","24-04-2026","1","0","0","0","0","0","0","6","0.00","0","0.00","0","0","0"
"4106","Karnataka","Thunderstorm and lightning","24-04-2026","4","0","0","3","0","0","0","22","0.00","0","0.00","0","0","0"
"4107","Kerala","Heat Wave and Cold Wave","24-04-2026","2","0","0","1","2","0","0","0","0.00","0","0.00","0","0","0"
"4108","Maharashtra","Air, Road and Rail Accidents","24-04-2026","1","0","0","2","0","0","0","0","0.00","0","0.00","0","0","0"
"4109","Maharashtra","Electrical Disasters and fires","24-04-2026","1","0","0","0","0","0","0","7","0.00","0","0.00","0","0","0"
"4110","Maharashtra","Other : Accident","24-04-2026","1","0","0","2","10","0","0","0","0.00","0","0.00","0","0","0"
"4111","Maharashtra","Other : Accidental Drowning","24-04-2026","1","0","0","0","1","0","0","0","0.00","0","0.00","0","0","0"
"4112","Maharashtra","Other : House Wall Collapsed","24-04-2026","1","1","0","0","3","0","1","0","0.00","0","186.00","0","0","0"
"4113","Maharashtra","Other : Structured Collapsed","24-04-2026","1","1","0","0","0","0","0","1","0.00","0","77.75","0","0","0"
"4114","Mizoram","Heavy Rain","24-04-2026","1","1","2","0","0","0","2","0","0.00","0","0.00","0","0","0"
"4115","Sikkim","Other : ","24-04-2026","1","0","0","0","0","0","0","0","0.00","0","0.00","0","0","0"
"4116","Sikkim","Other : 0","24-04-2026","5","0","0","0","0","0","0","0","0.00","0","0.00","0","0","0"
"4117","Arunachal Pradesh","Hailstorm","23-04-2026","1","1","2500","0","0","0","35","0","0.00","2","65.00","0","0","0"
"4118","Arunachal Pradesh","Thunder and Lightening","23-04-2026","1","1","40","0","0","0","7","0","0.00","0","0.00","0","0","0"
"4119","Himachal Pradesh","Air, Road and Rail Accidents","23-04-2026","3","0","0","3","6","0","0","0","0.00","0","0.00","0","0","0"
"4120","Himachal Pradesh","Other : Fire Incidents","23-04-2026","1","0","0","0","0","0","0","0","0.00","0","0.00","0","0","0"
"4121","Himachal Pradesh","Other : Industrial Incident ","23-04-2026","1","0","0","1","1","0","0","0","0.00","0","0.00","0","0","0"
"4122","Karnataka","Thunder and Lightening","23-04-2026","1","0","0","1","0","0","0","0","0.00","0","0.10","0","0","0"
"4123","Karnataka","Thunder and Lightning	","23-04-2026","1","0","0","2","0","0","0","0","0.00","0","0.00","0","0","0"
"4124","Kerala","Heavy Rain","23-04-2026","1","0","0","0","0","0","1","0","0.00","0","0.00","0","0","0"
"4125","Maharashtra","Other : Structure Collapsed (ZP school Wall)","23-04-2026","1","2","0","2","0","0","0","0","0.00","2","58.75","0","0","0"
"4126","Maharashtra","Thunder and Lightening","23-04-2026","1","1","0","1","0","0","0","0","0.00","0","0.00","0","0","0"
"4127","Mizoram","Cyclones","23-04-2026","2","2","4","0","0","0","3","0","0.00","0","0.00","0","0","0"
"4128","Mizoram","Thunder and Lightening","23-04-2026","1","2","2","0","0","0","2","0","0.00","0","0.00","0","0","0"
"4129","Punjab","Hailstorm","23-04-2026","1","25","0","0","0","0","0","0","81.92","0","0.00","0","0","0"
"4130","Sikkim","Hailstorm","23-04-2026","1","8","500","0","0","0","49","1","0.00","0","0.00","0","0","0"
"4131","Sikkim","Other : ","23-04-2026","1","0","0","0","0","0","0","0","0.00","0","0.00","0","0","0"
"4132","Sikkim","Other : 0","23-04-2026","5","0","0","0","0","0","0","0","0.00","0","73.80","0","0","0"
"4133","Tripura","Other : Strong wind","23-04-2026","1","0","0","0","8","0","0","0","0.00","0","0.00","0","0","0"
"4134","Himachal Pradesh","Air, Road and Rail Accidents","22-04-2026","2","0","0","2","2","0","0","0","0.00","0","0.00","0","0","0"
"4135","Himachal Pradesh","Electrical Disasters and fires","22-04-2026","1","0","0","0","0","0","1","0","0.00","0","0.00","0","0","0"
"4136","Himachal Pradesh","Other : Drowning","22-04-2026","1","0","0","1","0","0","0","0","0.00","0","0.00","0","0","0"
"4137","Karnataka","Thunder and Lightening","22-04-2026","1","0","0","2","0","0","0","20","0.00","0","6.90","0","0","0"
"4138","Kerala","Heavy Rain","22-04-2026","2","0","0","0","0","0","39","0","0.00","0","9.50","0","0","0"
"4139","Kerala","Other : ","22-04-2026","1","0","1","1","0","0","0","0","0.00","0","7.36","0","0","0"
"4140","Maharashtra","Chemical and industrial Disasters","22-04-2026","1","0","0","1","5","0","0","0","0.00","0","0.00","0","0","0"
"4141","Maharashtra","Other : ","22-04-2026","1","0","0","0","4","0","0","0","0.00","1","0.00","0","0","0"
"4142","Sikkim","Hailstorm","22-04-2026","1","6","55","0","0","0","12","0","0.00","2","26.10","0","0","0"
"4143","Sikkim","Other : 0","22-04-2026","5","0","0","0","0","0","0","0","0.00","0","7.80","0","0","0"
"4144","Uttarakhand","Air, Road and Rail Accidents","22-04-2026","1","0","0","0","2","0","0","0","0.00","0","0.00","0","0","0"
"4145","Uttarakhand","Other : ","22-04-2026","1","0","0","1","0","0","0","0","0.00","0","0.00","0","0","0"
"4146","Himachal Pradesh","Air, Road and Rail Accidents","21-04-2026","3","0","0","4","2","0","0","0","0.00","0","0.00","0","0","0"
"4147","Himachal Pradesh","Other : Fall from cliff","21-04-2026","1","2","2","1","0","0","0","1","0.00","0","0.00","0","0","0"
"4148","Himachal Pradesh","Other : Fire Incidents","21-04-2026","1","0","0","0","0","0","0","0","0.00","0","0.00","0","0","0"
"4149","Karnataka","Thunder and Lightening","21-04-2026","5","0","0","7","8","0","10","93","378.80","0","2.80","0","0","0"
"4150","Nagaland","Electrical Disasters and fires","21-04-2026","1","1","25","0","0","0","13","0","0.00","0","0.00","0","0","0"
"4151","Sikkim","Landslides and Mudflows","21-04-2026","1","2","13","0","0","0","2","0","0.00","0","3.20","0","0","0"
"4152","Sikkim","Other : 0","21-04-2026","5","0","0","0","0","0","0","0","0.00","0","10.90","0","0","0"
"4153","Uttarakhand","Air, Road and Rail Accidents","21-04-2026","2","0","0","1","5","0","0","0","0.00","0","0.00","0","0","0"
"4154","Gujarat","Thunder and Lightening","20-04-2026","1","0","0","1","0","0","0","0","0.00","0","0.00","0","0","0"
"4155","Kerala","Heat Wave and Cold Wave","20-04-2026","1","0","0","0","4","0","0","0","0.00","0","0.30","0","0","0"
"4156","Kerala","Heavy Rain","20-04-2026","2","0","0","0","0","0","41","0","0.00","0","18.10","0","0","0"
"4157","Maharashtra","Air, Road and Rail Accidents","20-04-2026","2","0","0","0","0","0","0","0","0.00","0","0.00","0","0","0"
"4158","Maharashtra","Other : ","20-04-2026","2","0","0","2","0","0","0","0","0.00","0","13.25","0","0","0"
"4159","Maharashtra","Thunder and Lightening","20-04-2026","3","0","0","0","0","0","0","2","0.00","0","156.25","0","0","0"
"4160","Meghalaya","Cyclones","20-04-2026","1","5","0","0","0","0","0","0","0.00","1","246.30","0","0","0"
"4161","Sikkim","Landslides and Mudflows","20-04-2026","1","3","25","0","0","0","4","0","0.00","0","0.60","0","0","0"
"4162","Sikkim","Other : ","20-04-2026","4","0","0","0","0","0","0","0","0.00","0","4.30","0","0","0"
"4163","Sikkim","Other : 0","20-04-2026","2","0","0","0","0","0","0","0","0.00","0","13.00","0","0","0"
"4164","Uttarakhand","Air, Road and Rail Accidents","20-04-2026","1","0","0","0","3","0","0","0","0.00","0","0.00","0","0","0"
"4165","Uttarakhand","Electrical Disasters and fires","20-04-2026","1","0","0","1","0","0","0","0","0.00","0","0.00","0","0","0"
"4166","Himachal Pradesh","Air, Road and Rail Accidents","19-04-2026","4","0","0","0","6","0","0","0","0.00","0","0.00","0","0","0"
"4167","Himachal Pradesh","Electrical Disasters and fires","19-04-2026","1","0","0","0","0","0","1","2","2.00","1","0.00","1","1","1"
"4168","Himachal Pradesh","Landslides and Mudflows","19-04-2026","1","0","0","0","0","0","0","0","0.00","0","0.00","0","0","0"
"4169","Himachal Pradesh","Other : ","19-04-2026","1","0","0","0","0","0","0","1","0.00","0","0.00","0","0","0"
"4170","Himachal Pradesh","Thunder and Lightening","19-04-2026","1","1","6","0","1","0","1","0","0.00","0","0.00","0","0","0"
"4171","Karnataka","Heavy rainf and gusty winds","19-04-2026","1","0","0","1","0","0","0","0","0.00","0","0.00","0","0","0"
"4172","Maharashtra","Other : ","19-04-2026","1","0","0","1","0","0","0","0","0.00","0","0.00","0","0","0"
"4173","Meghalaya","Cyclones","19-04-2026","1","1","4","0","0","0","1","0","0.00","0","234.90","0","0","0"
"4174","Meghalaya","Village Fire","19-04-2026","1","1","0","0","0","0","0","0","0.00","0","0.00","0","0","0"
"4175","Himachal Pradesh","Air, Road and Rail Accidents","18-04-2026","3","0","0","1","3","0","0","0","0.00","0","0.40","0","0","0"
"4176","Himachal Pradesh","Heavy Rain","18-04-2026","1","0","0","0","0","0","0","0","0.00","0","0.00","0","0","0"
"4177","Himachal Pradesh","Other : Fire Incident","18-04-2026","1","0","0","0","0","0","0","0","0.00","0","0.00","0","0","0"
"4178","Himachal Pradesh","Other : Shop damaged","18-04-2026","1","0","0","0","0","0","0","0","0.00","0","0.00","0","0","0"
"4179","Himachal Pradesh","Village Fire","18-04-2026","1","0","0","0","0","0","1","0","0.00","0","0.00","0","0","0"
"4180","Karnataka","Heavy Rain","18-04-2026","8","0","0","0","0","0","0","0","1942.00","0","0.20","0","0","0"
"4181","Karnataka","No event","18-04-2026","1","0","0","0","0","0","0","0","0.00","0","0.00","0","0","0"
"4182","Karnataka","Thunder and Lightening","18-04-2026","6","0","0","9","0","0","14","28","591.00","0","3.40","0","0","0"
"4183","Maharashtra","Other : Drowning - 1 Male Dead","18-04-2026","1","1","0","1","0","0","0","0","0.00","0","0.00","0","0","0"
"4184","Maharashtra","Thunder and Lightening","18-04-2026","1","4","0","2","0","0","0","3","0.00","0","0.00","0","0","0"
"4185","Sikkim","Heavy Rain","18-04-2026","1","1","35","0","0","0","0","0","0.00","0","2.00","0","0","0"
"4186","Tripura","Other : Heavy Storm","18-04-2026","1","0","0","0","0","0","43","0","0.00","0","0.00","0","0","0"
"4187","Himachal Pradesh","Air, Road and Rail Accidents","17-04-2026","2","0","0","0","2","0","0","0","0.00","0","0.00","0","0","0"
"4188","Himachal Pradesh","Other : Paraglider crashed","17-04-2026","1","0","0","0","2","0","0","0","0.00","0","0.00","0","0","0"
"4189","Himachal Pradesh","Village Fire","17-04-2026","1","0","0","0","0","0","1","0","0.00","0","2.30","0","0","0"
"4190","Karnataka","Thunder and Lightening","17-04-2026","1","0","0","2","0","0","0","11","68.00","0","1.70","0","0","0"
"4191","Maharashtra","Other","17-04-2026","2","0","0","5","0","0","0","0","0.00","0","0.00","0","0","0"
"4192","Maharashtra","Other : Drawning ","17-04-2026","1","0","0","10","0","0","0","0","0.00","0","0.00","0","0","0"
"4193","Meghalaya","Cyclones","17-04-2026","1","16","90","0","0","0","46","0","0.00","3","1.80","0","0","0"
"4194","Punjab","Hailstorm","17-04-2026","1","7","0","0","0","0","0","0","3632.05","0","0.00","0","0","0"
"4195","Tripura","Electrical Disasters and fires","17-04-2026","1","0","0","0","1","0","0","0","0.00","0","0.00","0","0","0"
"4196","Tripura","Heavy Rain","17-04-2026","1","0","0","0","0","0","1","0","0.00","0","0.00","0","0","0"
"4197","Arunachal Pradesh","Other","16-04-2026","1","1","0","0","0","0","0","0","0.00","1","30.80","0","0","0"
"4198","Himachal Pradesh","Air, Road and Rail Accidents","16-04-2026","1","0","0","0","2","0","0","0","0.00","0","0.00","0","0","0"
"4199","Himachal Pradesh","Other : Fire Incidents","16-04-2026","1","0","0","0","0","0","0","0","0.00","0","0.00","0","0","0"
"4200","Puducherry","Heavy Rain","16-04-2026","4","0","0","0","0","0","0","0","0.00","0","0.00","0","0","0"
"4201","Tripura","Heavy Rain","16-04-2026","1","0","0","0","0","0","10","0","0.00","0","0.00","0","0","0"
"4202","Uttarakhand","Air, Road and Rail Accidents","16-04-2026","2","0","0","1","4","0","0","0","0.00","0","0.00","0","0","0"
"4203","Arunachal Pradesh","Earthquakes","15-04-2026","1","0","0","0","0","0","0","0","0.00","0","0.00","0","0","0"
"4204","Himachal Pradesh","Air, Road and Rail Accidents","15-04-2026","3","0","0","8","16","0","0","0","0.00","0","0.00","0","0","0"
"4205","Himachal Pradesh","Other","15-04-2026","1","0","0","0","0","0","0","1","0.00","0","0.00","0","0","0"
"4206","Himachal Pradesh","Other : Fire ","15-04-2026","1","0","0","0","0","0","2","5","0.00","0","0.00","0","0","0"
"4207","Kerala","Heavy Rain","15-04-2026","1","0","0","0","0","0","1","0","0.00","0","0.00","0","0","0"
"4208","Maharashtra","Air, Road and Rail Accidents","15-04-2026","1","0","0","4","0","0","0","0","0.00","0","0.00","0","0","0"
"4209","Sikkim","Heavy Rain","15-04-2026","1","2","18","0","0","0","4","0","0.00","0","6.10","0","0","0"
"4210","Himachal Pradesh","Air, Road and Rail Accidents","14-04-2026","3","0","0","3","5","0","0","0","0.00","0","0.00","0","0","25000"
"4211","Maharashtra","Air, Road and Rail Accidents","14-04-2026","1","0","0","11","0","0","0","0","0.00","0","0.00","0","0","0"
"4212","Maharashtra","Other : drowning ","14-04-2026","1","0","0","1","0","0","0","0","0.00","0","0.00","0","0","0"
"4213","Tripura","Other : Fire","14-04-2026","1","0","0","0","0","0","1","0","0.00","0","0.00","0","0","0"
"4214","Uttarakhand","Air, Road and Rail Accidents","14-04-2026","1","0","0","1","1","0","0","0","0.00","0","0.00","0","0","0"
"4215","Himachal Pradesh","Air, Road and Rail Accidents","13-04-2026","2","0","0","2","8","0","0","0","0.00","0","0.00","0","0","0"
"4216","Himachal Pradesh","Other : FIRE ","13-04-2026","1","0","0","0","0","0","1","0","0.00","0","0.00","0","0","0"
"4217","Jammu and Kashmir","Other : Drowning","13-04-2026","1","0","0","2","0","0","0","0","0.00","0","0.00","0","0","0"
"4218","Maharashtra","Other","13-04-2026","4","0","0","8","0","0","0","0","0.00","0","0.00","0","0","0"
"4219","Maharashtra","Other : Drowning","13-04-2026","1","0","0","0","0","0","0","22","0.00","0","0.00","0","0","0"
"4220","Himachal Pradesh","Air, Road and Rail Accidents","12-04-2026","3","0","0","2","1","0","0","0","0.00","0","0.00","0","0","0"
"4221","Puducherry","Heavy Rain","12-04-2026","4","0","0","0","0","0","0","0","0.00","0","0.00","0","0","0"
"4222","Uttarakhand","Air, Road and Rail Accidents","12-04-2026","1","0","0","1","1","0","0","1","0.00","0","0.00","0","0","0"
"4223","Himachal Pradesh","Air, Road and Rail Accidents","11-04-2026","2","0","0","0","6","0","0","0","0.00","0","0.00","0","0","0"
"4224","Kerala","Heavy Rain","11-04-2026","2","0","0","1","0","0","12","0","0.00","0","11.78","0","0","0"
"4225","Kerala","Thunder and Lightening","11-04-2026","1","0","0","1","0","0","0","0","0.00","0","4.70","0","0","0"
"4226","Puducherry","Heavy Rain","11-04-2026","4","0","0","0","0","0","0","0","0.00","0","0.00","0","0","0"
"4227","Sikkim","Heavy Rain","11-04-2026","1","1","1327","0","0","0","0","0","0.00","0","0.80","0","0","0"
"4228","Uttarakhand","Air, Road and Rail Accidents","11-04-2026","1","0","0","0","3","0","0","0","0.00","0","0.00","0","0","0"
"4229","Arunachal Pradesh","Electrical Disasters and fires","10-04-2026","1","15","15","0","0","0","8","0","0.00","8","0.00","0","0","0"
"4230","Himachal Pradesh","Air, Road and Rail Accidents","10-04-2026","2","2","2","3","1","0","0","0","0.00","0","0.00","0","0","0"
"4231","Himachal Pradesh","Landslides and Mudflows","10-04-2026","1","0","0","0","1","0","0","0","30.03","0","0.00","0","0","0"
"4232","Kerala","Heat Wave and Cold Wave","10-04-2026","1","0","0","0","1","0","0","0","0.00","0","0.00","0","0","0"
"4233","Sikkim","Heavy Rain","10-04-2026","2","2","302","0","0","0","0","0","0.00","0","13.40","0","0","0"
"4234","Uttarakhand","Air, Road and Rail Accidents","10-04-2026","1","0","0","0","3","0","0","0","0.00","0","0.00","0","0","0"
"4235","Arunachal Pradesh","Other : Storm","09-04-2026","2","4","0","0","0","0","9","0","0.00","8","0.00","0","0","0"
"4236","Gujarat","Cyclones","09-04-2026","1","0","0","0","0","0","16","0","0.00","0","0.00","0","0","0"
"4237","Gujarat","Electrical Disasters and fires","09-04-2026","1","0","0","0","0","0","0","2","0.00","0","0.00","0","0","0"
"4238","Gujarat","Other","09-04-2026","1","0","1","1","0","0","0","0","0.00","0","0.00","0","0","0"
"4239","Gujarat","Thunder and Lightening","09-04-2026","2","1","0","0","0","0","2","1","0.00","1","1.00","0","0","0"
"4240","Himachal Pradesh","Air, Road and Rail Accidents","09-04-2026","4","0","0","3","5","0","1","0","0.00","0","141.40","0","0","0"
"4241","Maharashtra","Food Poisoning","09-04-2026","1","0","122","0","0","0","0","0","0.00","0","0.00","0","0","0"
"4242","Maharashtra","Other","09-04-2026","11","0","0","38","0","0","0","0","0.00","0","3.00","0","0","0"
"4243","Maharashtra","Other : Accidental drowning","09-04-2026","5","0","0","18","0","0","0","0","0.00","0","0.00","0","0","0"
"4244","Puducherry","Heavy Rain","09-04-2026","4","0","0","0","0","0","0","0","0.00","0","0.00","0","0","0"
"4245","Punjab","Other : light rain","09-04-2026","5","0","0","0","0","0","0","0","0.00","0","7.46","0","0","0"
"4246","Punjab","Other : light rain ","09-04-2026","8","0","0","0","0","0","0","0","0.00","0","32.68","0","0","0"
"4247","Tripura","Other : Drowning","09-04-2026","1","0","0","1","0","0","0","0","0.00","0","0.00","0","0","0"
"4248","Tripura","Other : Heavy storm","09-04-2026","1","0","0","0","0","0","38","0","0.00","0","0.00","0","0","0"
"4249","Tripura","Other : Strom","09-04-2026","1","0","0","0","0","0","15","0","0.00","0","0.00","0","0","0"
"4250","Tripura","Other : Strong wind","09-04-2026","1","0","0","0","0","0","239","0","0.00","0","0.00","0","0","0"
"4251","Gujarat","Cyclones","08-04-2026","3","2","1","0","1","0","17","5","0.00","0","27.00","0","0","0"
"4252","Gujarat","Heavy Rain","08-04-2026","2","0","0","2","0","0","19","2","0.00","0","22.00","0","0","0"
"4253","Gujarat","Thunder and Lightening","08-04-2026","1","0","0","1","8","0","8","6","0.00","0","41.00","0","0","0"
"4254","Himachal Pradesh","Air, Road and Rail Accidents","08-04-2026","3","0","0","5","22","0","0","0","0.00","0","36.90","0","0","0"
"4255","Himachal Pradesh","Landslides and Mudflows","08-04-2026","1","0","0","0","0","0","0","0","0.00","0","0.00","0","0","0"
"4256","Himachal Pradesh","Other : LIVESTOCK ","08-04-2026","1","0","0","0","0","0","0","31","0.00","0","0.00","0","0","0"
"4257","Himachal Pradesh","Village Fire","08-04-2026","1","1","0","0","0","0","1","0","0.00","0","5.50","0","0","0"
"4258","Puducherry","Heavy Rain","08-04-2026","4","0","0","0","0","0","0","0","0.00","0","0.00","0","0","0"
"4259","Punjab","Heavy Rain","08-04-2026","3","8","0","0","0","0","0","0","194.00","0","97.20","0","0","0"
"4260","Sikkim","Forest Fires","08-04-2026","1","1","4","0","0","0","1","0","0.00","0","0.00","0","0","0"
"4261","Sikkim","Hailstorm","08-04-2026","2","3","28","0","0","0","6","0","8.00","0","18.80","0","0","0"
"4262","Sikkim","Landslides and Mudflows","08-04-2026","1","10","1300","0","0","0","0","0","0.00","0","76.40","0","0","0"
"4263","Tripura","Other : Strong wind","08-04-2026","1","0","0","0","0","0","3","0","0.00","0","0.00","0","0","0"
"4264","Uttarakhand","Air, Road and Rail Accidents","08-04-2026","2","0","0","0","11","0","0","0","0.00","0","0.00","0","0","0"
"4265","Arunachal Pradesh","Earthquakes","07-04-2026","1","0","0","0","0","0","0","0","0.00","0","0.00","0","0","0"
"4266","Gujarat","Thunder and Lightening","07-04-2026","2","0","0","0","0","0","1","0","0.00","0","2.10","0","0","0"
"4267","Himachal Pradesh","Air, Road and Rail Accidents","07-04-2026","4","0","0","2","5","0","1","0","0.00","0","9.00","0","0","0"
"4268","Himachal Pradesh","Landslides and Mudflows","07-04-2026","1","1","0","0","0","0","0","0","0.00","0","0.00","0","0","0"
"4269","Himachal Pradesh","Urban Fires","07-04-2026","1","0","0","0","0","0","1","0","0.00","0","0.00","0","0","0"
"4270","Kerala","Heat Wave and Cold Wave","07-04-2026","1","0","0","0","1","0","0","0","0.00","0","0.00","0","0","0"
"4271","Kerala","Other : Human Wildlife Conflict","07-04-2026","1","0","0","0","1","0","0","0","0.00","0","0.00","0","0","0"
"4272","Ladakh","Air, Road and Rail Accidents","07-04-2026","1","0","0","0","0","0","0","0","0.00","0","0.00","0","0","0"
"4273","Ladakh","Biological Disasters and Epidemics ","07-04-2026","1","0","0","0","0","0","0","0","0.00","0","0.00","0","0","0"
"4274","Ladakh","Cattle Epidemics","07-04-2026","1","0","0","0","0","0","0","0","0.00","0","0.00","0","0","0"
"4275","Ladakh","Floods","07-04-2026","1","0","0","0","0","0","0","0","0.00","0","0.00","0","0","0"
"4276","Maharashtra","Thunder and Lightening","07-04-2026","1","1","1","1","0","0","0","0","0.00","0","0.00","0","0","0"
"4277","Puducherry","Heavy Rain","07-04-2026","2","0","0","0","0","0","0","0","0.00","0","10.90","0","0","0"
"4278","Sikkim","Landslides and Mudflows","07-04-2026","1","6","6042","0","0","0","0","0","0.00","1","17.10","0","0","0"
"4279","Telangana","Air, Road and Rail Accidents","07-04-2026","3","0","0","0","0","0","0","0","0.00","0","0.00","0","0","0"
"4280","Tripura","Other : Drowning","07-04-2026","1","0","0","1","0","0","0","0","0.00","0","0.00","0","0","0"
"4281","Arunachal Pradesh","Heavy Rain","06-04-2026","1","1","3","0","0","0","0","0","0.00","7","20.00","0","0","0"
"4282","Himachal Pradesh","Other","06-04-2026","2","0","0","3","6","0","0","0","0.00","0","14.80","0","0","0"
"4283","Karnataka","Hailstorm","06-04-2026","5","0","0","1","4","0","4","50","4263.62","0","123.90","0","0","0"
"4284","Karnataka","Heavy Rain","06-04-2026","7","0","0","0","0","0","24","21","4123.90","0","257.70","0","0","0"
"4285","Karnataka","Thunder and Lightening","06-04-2026","4","0","0","7","1","0","2","46","364.00","0","22.60","0","0","0"
"4286","Maharashtra","Thunder and Lightening","06-04-2026","1","1","1","0","1","0","0","0","0.00","0","0.00","0","0","0"
"4287","Mizoram","Cyclones","06-04-2026","1","1","1","0","0","0","8","0","0.00","0","3.00","0","0","0"
"4288","Puducherry","Heavy Rain","06-04-2026","4","0","0","0","0","0","0","0","0.00","0","1.20","0","0","0"
"4289","Punjab","Other : Light rain","06-04-2026","1","0","0","0","0","0","0","0","0.00","0","3.50","0","0","0"
"4290","Punjab","Thunder and Lightening","06-04-2026","1","1","0","1","2","0","0","0","0.00","0","0.00","0","0","0"
"4291","Sikkim","Landslides and Mudflows","06-04-2026","1","1","1500","0","0","0","0","0","0.00","0","25.80","0","0","0"
"4292","Tripura","Other : Animal Attack","06-04-2026","1","10","0","1","0","0","0","0","0.00","0","0.00","0","0","0"
"4293","Tripura","Other : Drowning","06-04-2026","1","0","0","1","0","0","0","0","0.00","0","0.00","0","0","0"
"4294","Tripura","Other : Storm","06-04-2026","1","0","0","0","0","0","12","0","0.00","0","0.00","0","0","0"
"4295","Gujarat","Thunder and Lightening","05-04-2026","1","0","0","0","0","0","6","0","0.00","3","0.00","0","0","0"
"4296","Himachal Pradesh","Heavy Rain","05-04-2026","1","1","6","0","0","0","0","3","0.00","1","0.00","0","0","0"
"4297","Himachal Pradesh","Other","05-04-2026","1","0","0","0","0","0","0","0","0.00","0","0.00","30","0","0"
"4298","Himachal Pradesh","Other : Falling from a tree","05-04-2026","1","1","1","1","0","0","0","0","0.00","0","0.00","0","0","0"
"4299","Himachal Pradesh","Thunder and Lightening","05-04-2026","1","0","0","1","0","0","0","0","0.00","0","0.00","0","0","0"
"4300","Kerala","Chemical and industrial Disasters","05-04-2026","1","0","0","2","3","0","0","0","0.00","0","0.00","0","0","0"
"4301","Kerala","Heavy Rain","05-04-2026","1","0","0","0","0","0","1","0","0.00","0","0.00","0","0","0"
"4302","Kerala","Pest Attacks","05-04-2026","1","0","0","0","1","0","0","0","0.00","0","7.22","0","0","0"
"4303","Maharashtra","Thunder and Lightening","05-04-2026","2","5","0","0","0","0","0","6","0.00","0","0.00","0","0","0"
"4304","Uttarakhand","Air, Road and Rail Accidents","05-04-2026","1","0","0","1","0","0","0","0","0.00","0","0.00","0","0","0"
"4305","Uttarakhand","Other : Drwoning","05-04-2026","1","0","0","3","0","0","0","0","0.00","0","0.00","0","0","0"
"4306","Gujarat","Other : શોર્ટ સર્કિટ ના કારણે આગ","04-04-2026","1","0","0","0","0","0","0","0","0.00","0","0.00","0","0","0"
"4307","Gujarat","Thunder and Lightening","04-04-2026","4","0","0","2","3","0","0","4","0.00","0","3.50","0","0","0"
"4308","Himachal Pradesh","Air, Road and Rail Accidents","04-04-2026","2","2","3","4","3","0","0","1","0.00","0","47.50","0","0","0"
"4309","Himachal Pradesh","Electrical Disasters and fires","04-04-2026","1","0","0","0","1","0","0","0","0.00","0","0.00","0","0","0"
"4310","Himachal Pradesh","Other : Drowning ","04-04-2026","1","0","0","1","0","0","0","0","0.00","0","0.00","0","0","0"
"4311","Himachal Pradesh","Thunder and Lightening","04-04-2026","1","0","0","0","0","0","0","1","0.00","0","0.00","0","0","0"
"4312","Jammu and Kashmir","Heavy Rain","04-04-2026","1","0","0","0","0","0","2","0","0.00","0","0.00","0","0","0"
"4313","Jammu and Kashmir","Thunder and Lightening","04-04-2026","1","0","0","1","1","0","1","16","0.00","0","0.00","0","0","0"
"4314","Kerala","Heat Wave and Cold Wave","04-04-2026","1","0","0","0","5","0","0","0","0.00","0","2.40","0","0","0"
"4315","Kerala","Heavy Rain","04-04-2026","1","0","0","1","0","0","13","0","0.00","0","0.66","0","0","0"
"4316","Kerala","Other : Wind","04-04-2026","1","0","0","0","0","0","3","0","0.00","0","9.26","0","0","0"
"4317","Kerala","Pest Attacks","04-04-2026","1","0","0","1","0","0","0","0","0.00","0","9.60","0","0","0"
"4318","Kerala","Thunder and Lightening","04-04-2026","1","0","0","3","6","0","3","0","0.00","0","9.60","0","0","0"
"4319","Maharashtra","Other : Structure Collapse / Tree Branch Fall","04-04-2026","1","1","1","1","0","0","0","0","0.00","0","206.25","0","0","0"
"4320","Maharashtra","Thunder and Lightening","04-04-2026","5","7","1","2","1","0","2","10","0.00","0","192.50","0","0","0"
"4321","Puducherry","Heavy Rain","04-04-2026","4","0","0","0","0","0","0","0","0.00","0","4.60","0","0","0"
"4322","Sikkim","Heavy Rain","04-04-2026","1","2","60","0","0","0","13","0","0.00","0","5.60","0","0","0"
"4323","Arunachal Pradesh","Landslides and Mudflows","03-04-2026","1","0","0","0","0","0","0","0","0.00","1","0.00","0","0","0"
"4324","Gujarat","Thunder and Lightening","03-04-2026","1","0","0","0","0","0","0","1","0.00","0","0.00","0","0","0"
"4325","Himachal Pradesh","Air, Road and Rail Accidents","03-04-2026","2","0","0","1","1","0","0","0","0.00","0","0.00","0","0","0"
"4326","Himachal Pradesh","Other","03-04-2026","1","0","0","0","1","0","0","0","0.00","0","0.00","0","0","0"
"4327","Maharashtra","Thunder and Lightening","03-04-2026","7","20","0","1","0","0","26","25","0.00","0","1940.95","0","0","0"
"4328","Punjab","Hailstorm","03-04-2026","1","6","0","0","0","0","0","0","92.00","0","12.00","0","0","0"
"4329","Punjab","Other : Light Rain","03-04-2026","5","0","0","0","0","0","0","0","0.00","0","16.03","0","0","0"
"4330","Himachal Pradesh","Air, Road and Rail Accidents","02-04-2026","2","0","0","1","1","0","0","0","0.00","0","0.00","0","0","0"
"4331","Himachal Pradesh","Other","02-04-2026","1","0","0","1","0","0","1","0","0.00","0","0.00","0","0","0"
"4332","Kerala","Other : Strong wind and Tree fall","02-04-2026","1","0","0","0","0","0","1","0","0.00","0","0.00","0","0","0"
"4333","Maharashtra","Snow Avalanches","02-04-2026","1","1","0","0","0","0","0","1","0.00","0","5.10","0","0","0"
"4334","Maharashtra","Thunder and Lightening","02-04-2026","2","2","0","0","7","0","0","1","0.00","0","15.50","0","0","0"
"4335","Tripura","Hailstorm","02-04-2026","2","0","0","0","0","0","228","0","0.00","0","0.00","0","0","0"
"4336","Tripura","Landslides and Mudflows","02-04-2026","1","0","0","1","0","0","0","0","0.00","0","0.00","0","0","0"
"4337","Tripura","Other : storm","02-04-2026","3","0","0","0","0","0","246","0","0.00","0","0.00","0","0","0"
"4338","Himachal Pradesh","Air, Road and Rail Accidents","01-04-2026","2","0","0","2","0","0","0","0","0.00","0","0.00","0","0","0"
"4339","Himachal Pradesh","Other : Fall from height","01-04-2026","1","0","0","2","0","0","0","0","0.00","0","0.00","0","0","0"
"4340","Himachal Pradesh","Other : Slippage ","01-04-2026","1","0","0","1","0","0","0","0","0.00","0","0.00","0","0","0"
"4341","Maharashtra","Hailstorm","01-04-2026","1","2","0","0","0","0","0","5","0.00","0","19.25","0","0","0"
"4342","Punjab","Heavy Rain","01-04-2026","14","0","0","0","0","0","0","0","0.00","0","115.89","0","0","0"
"4343","Himachal Pradesh","Air, Road and Rail Accidents","31-03-2026","1","0","0","1","11","0","0","0","0.00","0","0.00","0","0","0"
"4344","Himachal Pradesh","Food Poisoning","31-03-2026","1","0","0","0","0","0","0","30","0.00","0","0.00","0","0","0"
"4345","Jammu and Kashmir","Other : Drowning","31-03-2026","1","0","0","1","0","0","0","0","0.00","0","0.00","0","0","0"
"4346","Kerala","Heavy Rain","31-03-2026","2","1","8","0","0","0","12","0","0.00","0","33.72","0","0","0"
"4347","Maharashtra","Thunder and Lightening","31-03-2026","7","22","2","7","4","0","50","95","0.00","0","319.30","0","0","0"
"4348","Himachal Pradesh","Air, Road and Rail Accidents","30-03-2026","1","0","0","0","3","0","0","0","0.00","0","2.20","0","0","0"
"4349","Jammu and Kashmir","Other : Drowning","30-03-2026","1","0","0","2","0","1","0","0","0.00","0","0.00","0","0","0"
"4350","Kerala","Heavy Rain","30-03-2026","5","0","0","0","0","0","16","0","0.00","0","18.63","0","0","0"
"4351","Maharashtra","Other : AC Blast ","30-03-2026","1","0","0","3","0","0","1","0","0.00","0","0.00","0","0","0"
"4352","Maharashtra","Thunder and Lightening","30-03-2026","1","0","0","0","0","0","0","1","0.00","0","22.50","0","0","0"
"4353","Mizoram","Other : Strongwind","30-03-2026","1","1","0","0","0","0","1","0","0.00","0","3.00","0","0","0"
"4354","Himachal Pradesh","Village Fire","29-03-2026","1","0","0","0","0","0","1","0","0.00","0","3.40","0","0","0"
"4355","Kerala","Heavy Rain","29-03-2026","3","0","0","0","0","0","11","0","0.00","0","0.00","0","0","0"
"4356","Kerala","Other","29-03-2026","2","0","0","0","0","0","33","0","0.00","0","0.00","0","0","0"
"4357","Kerala","Other : Human wild life conflict","29-03-2026","1","0","0","0","1","0","0","0","0.00","0","0.00","0","0","0"
"4358","Kerala","Thunder and Lightening","29-03-2026","1","0","0","1","0","0","31","0","0.00","0","0.00","0","0","0"
"4359","Maharashtra","Chemical and industrial Disasters","29-03-2026","1","0","0","0","10","0","0","0","0.00","0","0.00","0","0","0"
"4360","Punjab","Heavy Rain","29-03-2026","18","0","0","0","0","0","0","0","0.00","0","46.64","0","0","0"
"4361","Uttarakhand","Air, Road and Rail Accidents","29-03-2026","1","0","0","2","2","0","0","0","0.00","0","0.00","0","0","0"
"4362","Himachal Pradesh","Air, Road and Rail Accidents","28-03-2026","1","0","0","0","1","0","0","0","0.00","0","0.00","0","0","0"
"4363","Himachal Pradesh","Heavy Rain","28-03-2026","1","0","0","0","0","0","3","0","0.00","0","0.00","0","0","0"
"4364","Himachal Pradesh","Other","28-03-2026","1","0","0","0","0","0","0","0","0.00","0","0.00","0","0","0"
"4365","Himachal Pradesh","Other : Fall from height","28-03-2026","1","1","6","1","0","0","0","0","0.00","0","0.00","0","0","0"
"4366","Jammu and Kashmir","Snow Avalanches","28-03-2026","1","0","0","7","6","0","0","0","0.00","0","0.00","0","0","0"
"4367","Kerala","Heat Wave and Cold Wave","28-03-2026","1","0","0","0","4","0","0","0","0.00","0","0.00","0","0","0"
"4368","Maharashtra","Thunder and Lightening","28-03-2026","1","1","0","0","0","0","0","1","0.00","0","0.00","0","0","0"
"4369","Puducherry","Heavy Rain","28-03-2026","1","0","0","0","0","0","0","0","0.00","0","40.80","0","0","0"
"4370","Arunachal Pradesh","Hailstorm","27-03-2026","1","0","0","0","0","0","25","0","0.00","0","0.00","0","0","0"
"4371","Himachal Pradesh","Air, Road and Rail Accidents","27-03-2026","2","0","0","1","27","0","0","0","0.00","0","0.00","0","0","0"
"4372","Himachal Pradesh","Other","27-03-2026","1","0","0","0","0","0","1","0","0.00","0","0.00","0","0","0"
"4373","Kerala","Heat Wave and Cold Wave","27-03-2026","1","0","0","0","1","0","0","0","0.00","0","0.00","0","0","0"
"4374","Maharashtra","Thunder and Lightening","27-03-2026","1","1","0","0","0","0","0","1","0.00","0","0.00","0","0","0"
"4375","Puducherry","Heavy Rain","27-03-2026","4","0","0","0","0","0","0","0","0.00","0","0.00","0","0","0"
"4376","Himachal Pradesh","Heavy Rain","26-03-2026","1","1","6","0","0","0","1","0","0.00","0","0.00","0","0","0"
"4377","Gujarat","Other : તળાવમાં ડૂબી જવાથી","25-03-2026","1","0","0","1","0","0","0","0","0.00","0","0.00","0","0","0"
"4378","Himachal Pradesh","Air, Road and Rail Accidents","25-03-2026","2","0","0","1","1","0","0","0","0.00","0","0.00","0","0","0"
"4379","Himachal Pradesh","Other","25-03-2026","1","0","0","1","0","0","0","0","0.00","0","5.10","0","0","0"
"4380","Nagaland","Other","25-03-2026","1","1","2","2","0","0","0","0","0.00","0","40604.95","0","0","0"
"4381","Uttarakhand","Air, Road and Rail Accidents","25-03-2026","2","0","0","2","0","0","0","0","0.00","0","0.00","0","0","0"
"4382","Gujarat","Electrical Disasters and fires","24-03-2026","1","0","0","0","0","0","0","0","0.00","0","0.00","0","0","0"
"4383","Himachal Pradesh","Air, Road and Rail Accidents","24-03-2026","2","0","0","1","1","0","0","0","0.00","0","0.00","0","0","0"
"4384","Himachal Pradesh","Heavy Rain","24-03-2026","2","1","4","0","0","0","2","0","0.00","0","0.00","0","0","0"
"4385","Himachal Pradesh","Landslides and Mudflows","24-03-2026","1","0","0","0","0","0","0","0","0.00","0","0.00","0","0","0"
"4386","Himachal Pradesh","Other : Fire Incident","24-03-2026","1","0","0","0","0","0","0","0","0.00","0","0.00","0","0","0"
"4387","Kerala","Heat Wave and Cold Wave","24-03-2026","1","0","0","0","4","0","0","0","0.00","0","0.00","0","0","0"
"4388","Maharashtra","Chemical and industrial Disasters","24-03-2026","1","0","22","0","22","0","0","0","0.00","0","0.00","0","0","0"
"4389","Puducherry","Heavy Rain","24-03-2026","4","0","0","0","0","0","0","0","0.00","0","0.00","0","0","0"
"4390","Sikkim","Other : earthquake and wind storm","24-03-2026","1","1","30","0","0","0","9","0","0.00","0","10.10","0","0","0"
"4391","Sikkim","Other : wind storm","24-03-2026","1","2","14","0","0","0","2","0","0.00","0","0.00","0","0","0"
"4392","Tripura","Other : Storm","24-03-2026","1","0","0","0","0","0","52","0","0.00","0","0.00","0","0","0"
"4393","Uttarakhand","Air, Road and Rail Accidents","24-03-2026","1","0","0","0","3","0","0","0","0.00","0","0.00","0","0","0"
"4394","Uttarakhand","Thunder and Lightening","24-03-2026","1","0","0","0","0","0","0","16","0.00","0","0.00","0","0","0"
"4395","Uttarakhand","Village Fire","24-03-2026","1","0","0","0","0","0","12","3","0.00","0","0.00","0","0","0"
"4396","Arunachal Pradesh","Landslides and Mudflows","23-03-2026","1","1","0","0","0","0","1","0","0.00","1","0.00","0","0","0"
"4397","Bihar","Floods","23-03-2026","1","0","0","0","0","0","0","0","0.00","0","0.00","0","0","0"
"4398","Himachal Pradesh","Air, Road and Rail Accidents","23-03-2026","1","0","0","1","0","0","0","0","0.00","0","0.00","0","0","0"
"4399","Himachal Pradesh","Heavy Rain","23-03-2026","1","2","10","0","0","0","1","0","0.00","1","0.00","0","0","0"
"4400","Himachal Pradesh","Other","23-03-2026","1","0","0","1","0","0","0","0","0.00","0","0.00","0","0","0"
"4401","Maharashtra","Electrical Disasters and fires","23-03-2026","1","0","1","1","0","0","0","0","0.00","1","0.00","0","0","0"
"4402","Sikkim","Heavy Rain","23-03-2026","1","6","30","0","0","0","6","0","0.00","0","0.00","0","0","0"
"4403","Sikkim","Other : windstorm","23-03-2026","1","2","60","0","0","0","14","2","0.00","0","15.20","0","0","0"
"4404","Tripura","Other : Storm","23-03-2026","2","0","0","0","0","0","299","0","0.00","0","0.00","0","0","0"
"4405","Gujarat","Thunder and Lightening","22-03-2026","2","0","0","0","0","0","3","0","0.00","0","0.00","0","0","0"
"4406","Himachal Pradesh","Electrical Disasters and fires","22-03-2026","1","0","0","0","0","0","1","0","0.00","0","0.00","0","0","0"
"4407","Himachal Pradesh","Heavy Rain","22-03-2026","1","0","0","0","0","0","1","0","0.00","0","0.00","0","0","0"
"4408","Himachal Pradesh","Other : Fall Down","22-03-2026","1","0","0","1","0","0","0","0","0.00","0","0.90","0","0","0"
"4409","Jammu and Kashmir","Hailstorm","22-03-2026","1","3","0","0","0","0","1","25","0.00","1","0.00","0","0","0"
"4410","Puducherry","Heavy Rain","22-03-2026","4","0","0","0","0","0","0","0","0.00","0","0.00","0","0","0"
"4411","Punjab","Heavy Rain","22-03-2026","1","0","0","0","0","0","0","0","0.00","0","0.66","0","0","0"
"4412","Tripura","Hailstorm","22-03-2026","1","0","0","0","0","0","63","0","0.00","0","0.00","0","0","0"
"4413","Tripura","Heavy Rain","22-03-2026","1","0","0","0","0","0","14","0","0.00","0","0.00","0","0","0"
"4414","Uttarakhand","Other : fallen fom the tree","22-03-2026","1","0","0","1","0","0","0","0","0.00","0","0.00","0","0","0"
"4415","Andhra Pradesh","Food Poisoning","21-03-2026","1","2","315","16","10","0","0","0","0.00","0","0.00","0","0","0"
"4416","Andhra Pradesh","Other : Drowning","21-03-2026","1","1","5","5","0","0","0","0","0.00","0","0.00","0","0","0"
"4417","Arunachal Pradesh","Landslides and Mudflows","21-03-2026","2","0","0","0","0","0","0","0","0.00","3","0.00","0","0","0"
"4418","Gujarat","Heavy Rain","21-03-2026","1","0","0","0","3","0","1","4","0.00","0","12.83","0","0","0"
"4419","Gujarat","Other : Heavy wind","21-03-2026","1","0","0","0","0","0","1","0","0.00","0","0.00","0","0","0"
"4420","Gujarat","Thunder and Lightening","21-03-2026","4","9","0","0","1","0","15","1","0.00","0","126.00","0","0","0"
"4421","Gujarat","Village Fire","21-03-2026","1","1","0","0","0","0","1","0","0.00","0","0.00","0","0","0"
"4422","Himachal Pradesh","Air, Road and Rail Accidents","21-03-2026","1","0","0","0","8","0","0","0","0.00","0","33.00","8","0","0"
"4423","Himachal Pradesh","Landslides and Mudflows","21-03-2026","1","0","0","0","0","0","0","0","0.00","0","0.00","0","0","0"
"4424","Himachal Pradesh","Snow Avalanches","21-03-2026","1","0","0","0","0","0","0","0","0.00","0","0.00","0","0","0"
"4425","Kerala","Heat Wave and Cold Wave","21-03-2026","1","0","0","0","1","0","0","0","0.00","0","0.00","0","0","0"
"4426","Maharashtra","Thunder and Lightening","21-03-2026","2","6","0","0","0","0","0","6","0.00","0","0.00","0","0","0"
"4427","Uttarakhand","Air, Road and Rail Accidents","21-03-2026","2","0","0","3","2","0","0","0","0.00","0","0.00","0","0","0"
"4428","Arunachal Pradesh","Other : heavy wind","20-03-2026","1","2","0","0","0","0","2","0","0.00","3","0.00","0","0","0"
"4429","Gujarat","Cyclones","20-03-2026","1","0","0","0","0","0","7","1","0.00","0","0.00","0","0","0"
"4430","Gujarat","Forest Fires","20-03-2026","1","2","0","0","0","0","0","0","0.00","0","1.00","0","0","0"
"4431","Gujarat","Other : STORM ","20-03-2026","1","7","9","0","0","0","9","0","0.00","0","0.00","0","0","0"
"4432","Gujarat","Thunder and Lightening","20-03-2026","12","70","301","4","6","0","204","14","2.00","2","58.28","0","0","0"
"4433","Himachal Pradesh","Air, Road and Rail Accidents","20-03-2026","2","1","3","1","3","0","0","0","0.00","0","0.00","0","0","0"
"4434","Himachal Pradesh","Heavy Rain","20-03-2026","1","0","0","0","0","0","0","0","0.00","0","0.00","0","0","0"
"4435","Kerala","Other : Strong Wind","20-03-2026","1","0","0","0","0","0","1","0","0.00","0","0.00","0","0","0"
"4436","Maharashtra","Thunder and Lightening","20-03-2026","4","1","1","1","0","0","0","10","0.00","0","17.35","0","0","0"
"4437","Puducherry","Heavy Rain","20-03-2026","4","0","0","0","0","0","0","0","0.00","0","8.70","0","0","0"
"4438","Punjab","Heavy Rain","20-03-2026","16","0","0","0","0","0","0","0","0.00","0","97.72","0","0","0"
"4439","Sikkim","Earthquakes","20-03-2026","1","1","5","0","0","0","1","0","0.00","1","2.10","0","0","0"
"4440","Sikkim","Thunder and Lightening","20-03-2026","3","9","85","0","0","0","24","0","0.00","2","41.10","0","0","0"
"4441","Tripura","Hailstorm","20-03-2026","1","0","0","0","0","0","56","0","0.00","0","0.00","0","0","0"
"4442","Tripura","Heavy Rain","20-03-2026","1","0","0","0","0","0","9","0","0.00","0","0.00","0","0","0"
"4443","Tripura","Other : Storm","20-03-2026","1","0","0","0","0","0","166","0","0.00","0","0.00","0","0","0"
"4444","Arunachal Pradesh","Landslides and Mudflows","19-03-2026","1","0","0","0","0","0","0","0","0.00","1","0.00","0","0","0"
"4445","Gujarat","Cyclones","19-03-2026","1","1","4","0","0","0","1","0","0.00","1","0.00","0","0","0"
"4446","Gujarat","Other : Heavy wind","19-03-2026","1","1","2","1","1","0","1","0","0.00","0","0.00","0","0","0"
"4447","Haryana","Other","19-03-2026","1","0","0","0","0","0","0","0","0.00","0","10.00","0","0","0"
"4448","Himachal Pradesh","Air, Road and Rail Accidents","19-03-2026","3","1","2","2","2","0","0","0","0.00","0","36.40","0","0","0"
"4449","Himachal Pradesh","Other","19-03-2026","1","0","0","0","0","0","1","0","0.00","0","0.00","0","0","0"
"4450","Himachal Pradesh","Snow Avalanches","19-03-2026","1","0","0","0","0","0","0","0","0.00","0","0.00","0","0","0"
"4451","Kerala","Other","19-03-2026","1","0","0","0","0","0","1","0","0.00","0","0.40","0","0","0"
"4452","Kerala","Other : Rain & Wind","19-03-2026","1","0","0","0","0","0","1","0","0.00","0","3.43","0","0","0"
"4453","Maharashtra","Thunder and Lightening","19-03-2026","2","8","0","0","0","0","0","11","0.00","0","0.30","0","0","0"
"4454","Puducherry","Heavy Rain","19-03-2026","4","0","0","0","0","0","0","0","0.00","0","57.90","0","0","0"
"4455","Punjab","Heavy Rain","19-03-2026","14","0","0","0","0","0","0","0","0.00","0","51.75","0","0","0"
"4456","Sikkim","Thunder and Lightening","19-03-2026","4","13","244","0","0","0","48","0","0.00","2","63.70","0","0","0"
"4457","Tripura","Other : Due to storm","19-03-2026","1","0","0","0","0","0","524","0","0.00","0","0.00","0","0","0"
"4458","Tripura","Other : Due to storm/Rain","19-03-2026","3","0","0","0","0","0","1832","0","0.00","0","0.00","0","13","808"
"4459","Tripura","Other : Due to ThunderStorm/Rain","19-03-2026","1","0","0","0","0","0","11","0","0.00","0","0.00","0","0","0"
"4460","Uttarakhand","Air, Road and Rail Accidents","19-03-2026","1","0","0","0","2","0","0","0","0.00","0","0.00","0","0","0"
"4461","Uttarakhand","Landslides and Mudflows","19-03-2026","1","0","7","0","0","0","2","0","0.00","0","0.00","0","0","0"
"4462","Arunachal Pradesh","Thunder and Lightening","18-03-2026","1","1","0","1","2","0","0","0","0.00","0","0.00","0","0","0"
"4463","Delhi","Other","18-03-2026","1","0","0","0","0","0","0","0","0.00","0","0.00","0","0","0"
"4464","Himachal Pradesh","Air, Road and Rail Accidents","18-03-2026","4","0","0","3","12","0","0","0","0.00","0","2.40","0","0","0"
"4465","Karnataka","Other : Rain hailstrom induced house collapse","18-03-2026","1","0","0","1","0","0","0","43","0.00","0","3.30","0","0","0"
"4466","Karnataka","Thunder and Lightening","18-03-2026","1","0","0","1","0","0","0","112","0.00","0","3.80","0","0","0"
"4467","Kerala","Heavy Rain","18-03-2026","1","0","0","0","0","0","1","0","0.00","0","3.00","0","0","0"
"4468","Kerala","Other : Wind","18-03-2026","1","0","0","0","0","0","1","0","0.00","0","0.00","0","0","0"
"4469","Maharashtra","Thunder and Lightening","18-03-2026","1","4","0","1","0","0","0","13","0.00","0","9.00","0","0","0"
"4470","Puducherry","Heavy Rain","18-03-2026","1","0","0","0","0","0","0","0","0.00","0","44.00","0","0","0"
"4471","Sikkim","Thunder and Lightening","18-03-2026","2","5","216","1","0","0","64","0","0.00","1","0.50","0","0","0"
"4472","Tripura","Other : Storm/ Strong wind","18-03-2026","1","0","0","0","0","0","72","0","0.00","0","0.00","0","0","0"
"4473","Uttarakhand","Air, Road and Rail Accidents","18-03-2026","2","0","0","1","1","0","0","0","0.00","0","0.00","0","0","0"
"4474","Uttarakhand","Other : Drwning","18-03-2026","1","0","0","1","0","0","0","0","0.00","0","0.00","0","0","0"
"4475","Uttarakhand","Other : Foot slipage","18-03-2026","1","0","0","1","0","0","0","0","0.00","0","0.00","0","0","0"
"4476","Arunachal Pradesh","Forest Fires","17-03-2026","1","3","0","0","0","0","0","0","0.00","0","0.00","0","0","0"
"4477","Arunachal Pradesh","Landslides and Mudflows","17-03-2026","1","1","7","4","3","0","0","0","0.00","1","0.00","0","0","0"
"4478","Himachal Pradesh","Air, Road and Rail Accidents","17-03-2026","4","0","0","4","3","0","0","0","0.00","0","32.00","0","0","0"
"4479","Himachal Pradesh","Other : Fire Incident","17-03-2026","1","0","0","1","0","0","0","0","0.00","0","0.00","0","0","0"
"4480","Kerala","Thunder and Lightening","17-03-2026","1","0","0","1","0","0","0","0","0.00","0","0.00","0","0","0"
"4481","Maharashtra","Oil Spill","17-03-2026","1","0","0","0","1","0","0","0","0.00","0","0.00","0","0","0"
"4482","Mizoram","Hailstorm","17-03-2026","1","19","0","0","0","0","485","0","0.00","0","0.00","0","0","0"
"4483","Nagaland","Other : Windstorm","17-03-2026","2","14","103","0","0","0","57","0","0.00","2","0.00","0","0","0"
"4484","Puducherry","Heavy Rain","17-03-2026","1","0","0","0","0","0","0","0","0.00","0","5.20","0","0","0"
"4485","Punjab","Heavy Rain","17-03-2026","5","0","0","0","0","0","0","0","0.00","0","15.03","0","0","0"
"4486","Tripura","Other : Strong Wind","17-03-2026","1","0","0","0","0","0","148","0","0.00","0","0.00","0","0","0"
"4487","Himachal Pradesh","Air, Road and Rail Accidents","16-03-2026","1","0","0","1","0","0","0","0","0.00","0","0.00","0","0","0"
"4488","Himachal Pradesh","Other","16-03-2026","1","0","0","0","0","0","1","0","0.00","1","0.00","0","0","0"
"4489","Jammu and Kashmir","Landslides and Mudflows","16-03-2026","1","0","0","1","2","1","0","0","0.00","0","0.00","0","0","0"
"4490","Kerala","Heat Wave and Cold Wave","16-03-2026","1","0","0","0","4","0","0","0","0.00","0","0.30","0","0","0"
"4491","Mizoram","Hailstorm","16-03-2026","3","14","475","0","0","0","486","0","0.00","0","8.00","50","0","0"
"4492","Punjab","Heavy Rain","16-03-2026","19","0","0","0","0","0","0","0","0.00","0","96.79","0","0","0"
"4493","Uttarakhand","Air, Road and Rail Accidents","16-03-2026","2","0","0","0","8","0","0","0","0.00","0","0.00","0","0","0"
"4494","Himachal Pradesh","Air, Road and Rail Accidents","15-03-2026","3","0","0","3","6","0","0","0","0.00","0","0.00","0","0","0"
"4495","Himachal Pradesh","Other : Due To Hit by Train","15-03-2026","1","0","0","0","0","0","0","0","0.00","0","0.00","0","0","0"
"4496","Puducherry","Heavy Rain","15-03-2026","4","0","0","0","0","0","0","0","0.00","0","16.00","0","0","0"
"4497","Uttarakhand","Air, Road and Rail Accidents","15-03-2026","1","0","0","5","3","0","0","0","0.00","0","0.00","0","0","0"
"4498","Himachal Pradesh","Air, Road and Rail Accidents","14-03-2026","1","0","0","0","2","0","0","0","0.00","0","0.00","0","0","0"
"4499","Himachal Pradesh","Other : Due to fire","14-03-2026","1","0","0","0","0","0","0","6","0.00","0","0.00","0","0","0"
"4500","Himachal Pradesh","Other : Storm ","14-03-2026","1","0","0","0","0","0","0","3","0.00","0","0.00","0","0","0"
"4501","Tripura","Other","14-03-2026","2","0","0","1","0","0","1","0","0.00","0","0.00","0","0","0"
"4502","Tripura","Other : Storm/Strong Wind","14-03-2026","1","0","0","0","0","0","1","0","0.00","0","0.00","0","0","0"
"4503","Uttarakhand","Air, Road and Rail Accidents","14-03-2026","3","0","0","3","6","0","0","0","0.00","0","0.00","0","0","0"
"4504","Andhra Pradesh","Food Poisoning","13-03-2026","1","2","315","15","10","0","0","0","0.00","0","0.00","0","0","0"
"4505","Arunachal Pradesh","Landslides and Mudflows","13-03-2026","1","1","0","0","0","0","0","0","0.00","1","0.00","0","0","0"
"4506","Himachal Pradesh","Electrical Disasters and fires","13-03-2026","1","0","0","0","0","0","0","0","0.00","0","0.00","0","0","0"
"4507","Madhya Pradesh","Other :  ","13-03-2026","1","0","0","0","0","0","0","0","0.00","0","0.00","0","0","0"
"4508","Sikkim","Earthquakes","13-03-2026","1","2","10","0","0","0","2","0","0.00","0","0.00","0","0","0"
"4509","Sikkim","Forest Fires","13-03-2026","1","1","9","0","0","0","2","0","0.00","0","0.00","0","0","0"
"4510","Arunachal Pradesh","Forest Fires","12-03-2026","2","2","0","0","0","0","0","0","0.00","0","0.00","0","0","0"
"4511","Haryana","Cloud Burst","12-03-2026","1","0","0","0","0","0","0","0","0.00","0","2.00","0","0","0"
"4512","Himachal Pradesh","Air, Road and Rail Accidents","12-03-2026","2","0","0","3","8","0","1","0","0.00","1","0.00","0","0","0"
"4513","Himachal Pradesh","Other","12-03-2026","1","0","0","0","0","0","1","0","0.00","0","0.00","0","0","0"
"4514","Himachal Pradesh","Other : Fire Incident ","12-03-2026","1","0","0","0","0","0","0","0","0.00","0","0.00","0","0","0"
"4515","Himachal Pradesh","Village Fire","12-03-2026","1","0","0","0","0","0","1","0","0.00","1","0.00","0","0","0"
"4516","Kerala","Other : Human Animal Conflict ","12-03-2026","1","0","1","1","0","0","0","0","0.00","0","0.00","0","0","0"
"4517","Kerala","Other : Strong wind ","12-03-2026","1","0","0","0","0","0","14","0","0.00","0","0.00","0","0","0"
"4518","Sikkim","Earthquakes","12-03-2026","1","0","0","0","0","0","1","0","0.00","0","0.00","0","0","0"
"4519","Uttarakhand","Air, Road and Rail Accidents","12-03-2026","1","0","0","1","1","0","0","0","0.00","0","0.00","0","0","0"
"4520","Uttarakhand","Other","12-03-2026","2","0","0","0","2","0","0","0","0.00","0","0.00","0","0","0"
"4521","Andhra Pradesh","Food Poisoning","11-03-2026","1","2","315","14","10","0","0","0","0.00","0","0.00","0","0","0"
"4522","Arunachal Pradesh","Forest Fires","11-03-2026","1","0","0","0","0","0","0","0","0.00","0","0.00","0","0","0"
"4523","Gujarat","Air, Road and Rail Accidents","11-03-2026","1","0","0","0","0","0","0","0","0.00","0","0.00","0","0","0"
"4524","Himachal Pradesh","Accidental Drowning ","11-03-2026","1","0","0","1","0","0","0","0","0.00","0","0.00","0","0","0"
"4525","Himachal Pradesh","Air, Road and Rail Accidents","11-03-2026","1","0","0","1","0","0","0","0","0.00","1","0.00","0","0","0"
"4526","Himachal Pradesh","Livestock","11-03-2026","1","0","0","0","0","0","0","13","0.00","0","0.00","0","0","0"
"4527","Puducherry","Heavy Rain","11-03-2026","4","0","0","0","0","0","0","0","0.00","0","18.30","0","0","0"
"4528","Sikkim","Forest Fires","11-03-2026","2","2","9","0","0","0","2","0","0.00","0","0.00","0","0","0"
"4529","Uttarakhand","Air, Road and Rail Accidents","11-03-2026","1","0","0","0","4","0","0","0","0.00","0","0.00","0","0","0"
"4530","Arunachal Pradesh","Cattle Epidemics","10-03-2026","1","0","0","0","0","0","0","0","0.00","0","0.00","0","0","0"
"4531","Arunachal Pradesh","Earthquakes","10-03-2026","1","0","0","0","0","0","0","0","0.00","0","0.00","0","0","0"
"4532","Arunachal Pradesh","Forest Fires","10-03-2026","2","0","0","0","0","0","0","0","0.00","0","0.00","0","0","0"
"4533","Arunachal Pradesh","Heavy Rain","10-03-2026","1","0","0","0","0","0","0","0","0.00","0","0.00","0","0","0"
"4534","Himachal Pradesh","Air, Road and Rail Accidents","10-03-2026","2","0","0","2","2","0","0","0","0.00","0","0.00","0","0","0"
"4535","Himachal Pradesh","Road Accident & Fire","10-03-2026","1","0","0","1","0","0","0","0","0.00","0","0.00","0","0","0"
"4536","Puducherry","Heavy Rain","10-03-2026","4","0","0","0","0","0","0","0","0.00","0","0.00","0","0","0"
"4537","Sikkim","Forest Fires","10-03-2026","1","0","0","0","0","0","0","0","0.00","0","0.00","0","0","0"
"4538","Uttarakhand","Drowing","10-03-2026","1","0","0","1","0","0","0","0","0.00","0","0.00","0","0","0"
"4539","Arunachal Pradesh","Forest Fires","09-03-2026","1","1","0","0","0","0","0","0","0.00","0","0.00","0","0","0"
"4540","Himachal Pradesh","Air, Road and Rail Accidents","09-03-2026","4","0","0","2","12","0","0","0","0.00","0","0.00","0","0","0"
"4541","Himachal Pradesh","Landslides and Mudflows","09-03-2026","1","0","0","0","0","0","0","0","0.00","0","0.00","0","0","0"
"4542","Uttarakhand","Air, Road and Rail Accidents","09-03-2026","2","0","0","2","15","0","0","0","0.00","0","0.00","0","0","0"
"4543","Himachal Pradesh","Air, Road and Rail Accidents","08-03-2026","1","0","0","0","1","0","0","0","0.00","0","0.00","0","0","0"
"4544","Himachal Pradesh","Other","08-03-2026","2","1","7","0","0","0","1","0","0.00","0","0.00","0","0","0"
"4545","Uttarakhand","Air, Road and Rail Accidents","08-03-2026","1","0","0","0","4","0","0","0","0.00","0","0.00","0","0","0"
"4546","Uttarakhand","Other","08-03-2026","1","0","0","0","0","0","1","0","0.00","0","0.00","0","0","0"
"4547","Andhra Pradesh","Food Poisoning","07-03-2026","1","4","630","22","20","0","0","0","0.00","0","0.00","0","0","0"
"4548","Himachal Pradesh","Air, Road and Rail Accidents","07-03-2026","2","1","6","0","1","0","1","0","0.00","0","0.00","0","0","0"
"4549","Himachal Pradesh","Fall from tree or steep rock","07-03-2026","1","0","0","0","0","0","0","1","0.00","0","0.00","0","0","0"
"4550","Himachal Pradesh","Other","07-03-2026","1","0","0","3","1","0","0","0","0.00","0","0.00","0","0","0"
"4551","Himachal Pradesh","Village Fire","07-03-2026","1","0","0","0","0","0","2","0","0.00","0","0.00","0","0","0"
"4552","Maharashtra","Chemical and industrial Disasters","07-03-2026","1","0","0","0","11","0","0","0","0.00","0","0.00","0","0","0"
"4553","Arunachal Pradesh","Air, Road and Rail Accidents","06-03-2026","1","2","22","123","68","34","165","38","90.00","6","56.00","5","56","77"
"4554","Arunachal Pradesh","Earthquakes","06-03-2026","1","22","1000","140","20","10","600","60","4.00","90","0.00","156","68","46"
"4555","Himachal Pradesh","Air, Road and Rail Accidents","06-03-2026","4","0","0","5","2","0","0","0","0.00","0","4.20","0","0","0"
"4556","Himachal Pradesh","Electrical Disasters and fires","06-03-2026","1","1","13","0","0","0","1","2","0.00","0","0.00","0","0","0"
"4557","Himachal Pradesh","Falling from height","06-03-2026","1","0","0","1","0","0","0","0","0.00","0","0.00","0","0","0"
"4558","Himachal Pradesh","Fire ","06-03-2026","1","0","0","0","0","0","2","0","0.00","3","0.00","0","0","0"
"4559","Himachal Pradesh","Forest Fire and House Fire","06-03-2026","1","0","0","0","0","0","0","0","0.00","0","0.00","0","0","0"
"4560","Himachal Pradesh","Mine fires","06-03-2026","1","0","0","0","0","0","0","0","0.00","0","0.00","0","0","0"
"4561","Maharashtra","Major Building Collapse","06-03-2026","1","0","12","1","11","0","0","0","0.00","1","0.00","12","0","0"
"4562","Meghalaya","Cloud Burst","06-03-2026","1","1","0","0","0","0","0","0","0.00","0","1.00","0","0","0"
"4563","Andhra Pradesh","MILK  ADULTERATION","05-03-2026","1","2","315","8","12","0","0","0","0.00","0","0.00","0","0","0"
"4564","Himachal Pradesh","Air, Road and Rail Accidents","05-03-2026","3","1","3","2","7","0","0","0","0.00","0","0.00","0","0","0"
"4565","Himachal Pradesh","Death due to fall","05-03-2026","1","0","0","1","0","0","0","0","0.00","0","0.00","0","0","0"
"4566","Himachal Pradesh","Falling from height","05-03-2026","1","0","0","0","0","0","0","1","0.00","0","0.00","0","0","0"
"4567","Himachal Pradesh","Road Accident & Fire Incidents","05-03-2026","1","0","0","0","12","0","0","0","0.00","0","0.00","0","0","0"
"4568","Arunachal Pradesh","Forest Fires","04-03-2026","2","0","0","0","0","0","0","0","0.00","0","0.00","0","0","0"
"4569","Himachal Pradesh","Air, Road and Rail Accidents","04-03-2026","2","0","0","2","20","0","0","0","0.00","0","0.00","0","0","0"
"4570","Maharashtra","Chemical and industrial Disasters","04-03-2026","1","0","5","0","5","0","0","0","0.00","0","0.00","0","0","0"
"4571","Uttarakhand","Air, Road and Rail Accidents","04-03-2026","1","0","0","1","2","0","0","0","0.00","0","0.00","0","0","0"
"4572","Himachal Pradesh","Air, Road and Rail Accidents","03-03-2026","2","0","0","3","1","0","0","0","0.00","0","0.00","0","0","0"
"4573","Himachal Pradesh","Other","03-03-2026","1","0","0","0","0","0","0","0","0.00","1","0.00","0","0","0"
"4574","Himachal Pradesh","Road Accidents & Fire Incidents","03-03-2026","1","0","0","2","0","0","0","0","0.00","0","0.00","0","0","0"
"4575","Maharashtra","Chemical and industrial Disasters","03-03-2026","1","0","0","0","0","0","0","0","0.00","0","0.00","0","0","0"
"4576","Arunachal Pradesh","Forest Fires","02-03-2026","1","0","0","0","0","0","0","0","0.00","0","0.00","0","0","0"
"4577","Himachal Pradesh","Air, Road and Rail Accidents","02-03-2026","2","0","0","2","0","0","0","0","0.00","0","0.00","0","0","0"
"4578","Himachal Pradesh","Fire Incidents","02-03-2026","1","0","0","0","0","0","0","0","0.00","0","0.00","0","0","0"
"4579","Maharashtra","Chemical and industrial Disasters","02-03-2026","1","1","41","17","24","0","0","0","0.00","1","0.00","0","0","0"
"4580","Sikkim","Earthquakes","02-03-2026","1","6","30","0","0","0","3","0","0.00","2","4.50","0","0","0"
"4581","Uttarakhand","Other","02-03-2026","1","0","0","1","0","0","0","0","0.00","0","0.00","0","0","0"
"4582","Arunachal Pradesh","Forest Fires","01-03-2026","1","1","0","0","0","0","0","0","0.00","0","0.00","0","0","0"
"4583","Himachal Pradesh","Air, Road and Rail Accidents","01-03-2026","2","0","0","2","4","0","0","0","0.00","0","0.00","0","0","0"
"4584","Himachal Pradesh","Other","01-03-2026","1","0","0","2","0","0","0","0","0.00","0","0.00","0","0","0"
"4585","Himachal Pradesh","Air, Road and Rail Accidents","28-02-2026","3","0","0","7","3","0","0","0","0.00","0","0.00","0","0","0"
"4586","Sikkim","Village Fire","28-02-2026","1","0","3","0","0","0","1","0","0.00","0","0.90","0","0","0"
"4587","Himachal Pradesh","Air, Road and Rail Accidents","27-02-2026","2","0","0","2","2","0","1","0","0.00","0","0.00","0","0","0"
"4588","Himachal Pradesh","Fire","27-02-2026","1","0","0","0","0","0","0","0","0.00","1","0.00","0","0","0"
"4589","Himachal Pradesh","Air, Road and Rail Accidents","26-02-2026","2","0","0","2","2","0","0","0","0.00","0","3.60","0","0","0"
"4590","Himachal Pradesh","Electrical Disasters and fires","26-02-2026","1","0","0","0","0","0","0","0","0.00","0","0.00","0","0","0"
"4591","Himachal Pradesh","Fall From height ","26-02-2026","1","0","0","1","0","0","0","0","0.00","0","0.00","0","0","0"
"4592","Himachal Pradesh","Fall From Tree ","26-02-2026","1","0","0","1","0","0","0","0","0.00","0","0.00","0","0","0"
"4593","Puducherry","Heavy Rain","26-02-2026","1","0","0","0","0","0","0","0","0.00","0","6.60","0","0","0"
"4594","Uttarakhand","Animal Attack","26-02-2026","1","0","0","1","0","0","0","0","0.00","0","0.00","0","0","0"
"4595","Himachal Pradesh","Other","25-02-2026","2","0","0","0","0","0","0","0","0.00","0","0.00","0","0","0"
"4596","Himachal Pradesh","Village Fire","25-02-2026","2","1","0","0","0","0","2","0","0.00","0","0.00","0","0","0"
"4597","Puducherry","Heavy Rain","25-02-2026","4","0","0","0","0","0","0","0","0.00","0","0.00","0","0","0"
"4598","Sikkim","Forest Fires","25-02-2026","1","0","0","0","0","0","0","0","0.00","0","0.00","0","0","0"
"4599","Uttarakhand","Air, Road and Rail Accidents","25-02-2026","2","0","0","3","0","0","0","0","0.00","0","0.00","0","0","0"
"4600","Himachal Pradesh","Electrical Disasters and fires","24-02-2026","1","0","0","1","0","0","0","0","0.00","0","0.00","0","0","0"
"4601","Himachal Pradesh","Fall From Height & Road Accident","24-02-2026","1","0","0","3","0","0","0","0","0.00","0","0.00","0","0","0"
"4602","Himachal Pradesh","Other","24-02-2026","1","0","0","0","0","0","0","0","0.00","0","0.00","0","0","0"
"4603","Maharashtra","Thunder and Lightening","24-02-2026","3","6","0","2","10","0","0","0","0.00","0","17.65","0","0","0"
"4604","Puducherry","Heavy Rain","24-02-2026","1","0","0","0","0","0","0","0","0.00","0","0.20","0","0","0"
"4605","Tripura","Fire Incident","24-02-2026","1","0","0","0","0","0","12","0","0.00","0","0.00","0","0","0"
"4606","Himachal Pradesh","Air, Road and Rail Accidents","23-02-2026","5","0","0","4","9","0","0","0","0.00","0","0.00","0","0","0"
"4607","Himachal Pradesh","Food Poisoning","23-02-2026","1","0","0","0","0","0","0","1","0.00","0","0.00","0","0","0"
"4608","Himachal Pradesh","Other","23-02-2026","1","0","0","0","0","0","1","0","0.00","0","0.00","0","0","0"
"4609","Himachal Pradesh","Rabies","23-02-2026","1","0","0","0","0","0","0","1","0.00","0","0.00","0","0","0"
"4610","Himachal Pradesh","Road Accident & Fire","23-02-2026","1","0","0","1","0","0","0","0","0.00","0","0.00","0","0","0"
"4611","Himachal Pradesh","Step Rock ","23-02-2026","1","0","0","0","1","0","0","0","0.00","0","0.00","0","0","0"
"4612","Uttarakhand","Air, Road and Rail Accidents","23-02-2026","1","0","0","2","0","0","0","0","0.00","0","0.00","0","0","0"
"4613","Uttarakhand","Landslides and Mudflows","23-02-2026","1","0","0","1","0","0","0","0","0.00","0","0.00","0","0","0"
"4614","Himachal Pradesh","Air, Road and Rail Accidents","22-02-2026","1","0","0","2","1","0","0","0","0.00","0","0.00","0","0","0"
"4615","Himachal Pradesh","Falling from height","22-02-2026","1","0","0","0","0","0","0","1","0.00","0","0.00","0","0","0"
"4616","Sikkim","Forest Fires","22-02-2026","1","0","0","0","0","0","0","0","0.00","0","0.00","0","0","0"
"4617","Himachal Pradesh","Air, Road and Rail Accidents","21-02-2026","1","0","0","1","1","0","0","0","0.00","0","0.00","0","0","0"
"4618","Himachal Pradesh","Fall from height ","21-02-2026","1","0","0","1","0","0","0","0","0.00","0","0.00","0","0","0"
"4619","Himachal Pradesh","Other","21-02-2026","1","1","1","1","0","0","0","0","0.00","0","0.00","0","0","0"
"4620","Sikkim","Forest Fires","21-02-2026","2","2","0","0","0","0","0","0","0.00","0","0.00","0","0","0"
"4621","Sikkim","House fire","21-02-2026","1","1","3","0","0","0","1","0","0.00","0","0.00","0","0","0"
"4622","Uttarakhand","Air, Road and Rail Accidents","21-02-2026","1","0","0","0","1","0","0","0","0.00","0","0.00","0","0","0"
"4623","Himachal Pradesh","Air, Road and Rail Accidents","20-02-2026","5","0","0","2","3","0","0","0","0.00","0","0.00","0","0","0"
"4624","Himachal Pradesh","Electrical Disasters and fires","20-02-2026","1","1","6","0","0","0","1","0","0.00","0","0.00","0","0","0"
"4625","Himachal Pradesh","Landslides and Mudflows","20-02-2026","1","0","0","1","0","0","0","0","0.00","0","0.00","0","0","0"
"4626","Puducherry","Drowning","20-02-2026","1","0","0","2","4","0","0","0","0.00","0","0.00","8","0","0"
"4627","Sikkim","Forest Fires","20-02-2026","2","0","0","0","0","0","0","0","0.00","0","0.00","0","0","0"
"4628","Uttarakhand","Air, Road and Rail Accidents","20-02-2026","2","0","0","0","7","0","0","0","0.00","0","0.00","0","0","0"
"4629","Himachal Pradesh","Air, Road and Rail Accidents","19-02-2026","3","1","2","2","5","0","0","0","0.00","0","0.00","0","0","0"
"4630","Himachal Pradesh","Electrical Disasters and fires","19-02-2026","1","0","0","1","0","0","0","0","0.00","0","0.00","0","0","0"
"4631","Mizoram","Major Building Collapse","19-02-2026","1","1","7","0","7","0","2","0","0.00","0","0.00","7","0","0"
"4632","Puducherry","Heavy Rain","19-02-2026","4","0","0","0","0","0","0","0","0.00","0","0.00","0","0","0"
"4633","Himachal Pradesh","Air, Road and Rail Accidents","18-02-2026","1","0","0","0","1","0","0","0","0.00","0","0.00","0","0","0"
"4634","Himachal Pradesh","Cowshed Collapsed","18-02-2026","1","1","2","0","0","0","0","1","0.00","1","0.00","0","0","0"
"4635","Himachal Pradesh","Fall From height ","18-02-2026","1","0","0","1","0","0","0","0","0.00","0","0.00","0","0","0"
"4636","Himachal Pradesh","Mine fires","18-02-2026","1","0","0","0","0","0","1","0","0.00","0","0.00","0","0","0"
"4637","Himachal Pradesh","Other","18-02-2026","1","0","0","2","1","0","0","0","0.00","0","0.00","0","0","0"
"4638","Himachal Pradesh","Thunderstorm","18-02-2026","1","0","0","0","0","0","1","0","0.00","0","0.00","0","0","0"
"4639","Puducherry","Heavy Rain","18-02-2026","4","0","0","0","0","0","0","0","0.00","0","0.00","0","0","0"
"4640","Himachal Pradesh","Air, Road and Rail Accidents","17-02-2026","1","0","0","2","1","0","0","0","0.00","0","0.00","0","0","0"
"4641","Himachal Pradesh","Electrical Disasters and fires","17-02-2026","1","1","3","0","3","0","0","0","0.00","1","0.00","0","0","5000"
"4642","Himachal Pradesh","Fire","17-02-2026","1","2","7","0","2","0","1","0","0.00","2","0.00","0","0","0"
"4643","Himachal Pradesh","Village Fire","17-02-2026","1","1","5","0","2","0","1","0","0.00","2","0.00","0","0","0"
"4644","Puducherry","Heavy Rain","17-02-2026","4","0","0","0","0","0","0","0","0.00","0","0.00","0","0","0"
"4645","Himachal Pradesh","Air, Road and Rail Accidents","16-02-2026","2","0","0","1","6","0","0","0","0.00","0","0.00","0","0","0"
"4646","Himachal Pradesh","Electrical Disasters and fires","16-02-2026","1","1","2","0","2","0","0","0","0.00","1","0.00","0","0","0"
"4647","Puducherry","Heavy Rain","16-02-2026","4","0","0","0","0","0","0","0","0.00","0","0.00","0","0","0"
"4648","Sikkim","Electrical Disasters and fires","16-02-2026","1","4","25","0","0","0","5","0","0.00","0","0.50","0","0","0"
"4649","Bihar","Floods","15-02-2026","1","0","0","0","0","0","0","0","0.00","0","0.00","0","0","0"
"4650","Himachal Pradesh","Air, Road and Rail Accidents","15-02-2026","2","0","0","4","3","0","0","0","0.00","0","0.00","0","0","0"
"4651","Himachal Pradesh","Landslides and Mudflows","15-02-2026","1","0","0","0","0","0","0","0","0.00","0","0.00","0","0","0"
"4652","Puducherry","Heavy Rain","15-02-2026","4","0","0","0","0","0","0","0","0.00","0","0.00","0","0","0"
"4653","Sikkim","Forest Fires","15-02-2026","1","0","0","0","0","0","0","0","40.00","0","0.00","0","0","0"
"4654","Himachal Pradesh","Air, Road and Rail Accidents","14-02-2026","1","0","0","2","0","0","0","0","0.00","0","0.00","0","0","0"
"4655","Himachal Pradesh","Electrical Disasters and fires","14-02-2026","1","1","0","0","0","0","2","0","0.00","0","3.10","0","0","0"
"4656","Himachal Pradesh","Road Accident","14-02-2026","1","0","0","4","1","0","0","0","0.00","0","0.00","0","0","0"
"4657","Puducherry","Heavy Rain","14-02-2026","4","0","0","0","0","0","0","0","0.00","0","0.00","0","0","0"
"4658","Tripura","Drowning","14-02-2026","1","0","0","1","0","0","0","0","0.00","0","0.00","0","0","0"
"4659","Himachal Pradesh","Air, Road and Rail Accidents","13-02-2026","3","0","0","2","4","0","0","0","0.00","0","0.00","0","0","0"
"4660","Himachal Pradesh","Fall from Cliff","13-02-2026","1","1","1","1","1","0","0","0","0.00","0","0.00","0","0","0"
"4661","Himachal Pradesh","Fall From tree /Slip down/Height/Roof/Stairs","13-02-2026","1","0","0","1","0","0","0","0","0.00","0","0.00","0","0","25000"
"4662","Himachal Pradesh","Other","13-02-2026","1","1","0","0","0","0","1","0","0.00","0","0.00","0","0","0"
"4663","Puducherry","Heavy Rain","13-02-2026","4","0","0","0","0","0","0","0","0.00","0","0.00","0","0","0"
"4664","Sikkim","Electrical Disasters and fires","13-02-2026","1","3","18","0","0","0","4","0","0.00","0","0.00","0","0","0"
"4665","Sikkim","Forest Fires","13-02-2026","1","0","0","0","0","0","1","0","0.00","0","10.00","0","0","0"
"4666","Uttarakhand","Air, Road and Rail Accidents","13-02-2026","1","0","0","0","0","2","0","0","0.00","0","0.00","0","0","0"
"4667","Uttarakhand","animal attack","13-02-2026","1","0","0","1","0","0","0","0","0.00","0","0.00","0","0","0"
"4668","Himachal Pradesh","Air, Road and Rail Accidents","12-02-2026","4","0","0","3","2","0","0","0","0.00","0","0.00","0","0","0"
"4669","Puducherry","Heavy Rain","12-02-2026","4","0","0","0","0","0","0","0","0.00","0","0.00","0","0","0"
"4670","Sikkim","Earthquakes","12-02-2026","6","1","5","0","0","0","82","1","0.00","0","0.00","0","0","0"
"4671","Sikkim","Forest Fires","12-02-2026","1","0","0","0","0","0","1","0","25.00","0","0.00","0","0","0"
"4672","Himachal Pradesh","Air, Road and Rail Accidents","11-02-2026","1","0","0","1","0","0","0","0","0.00","0","0.00","0","0","0"
"4673","Himachal Pradesh","Electrical Disasters and fires","11-02-2026","1","2","11","0","0","0","1","0","0.00","0","0.00","0","0","0"
"4674","Himachal Pradesh","Fall from Tree","11-02-2026","1","1","1","1","0","0","0","0","0.00","0","0.00","0","0","0"
"4675","Himachal Pradesh","Forest Fires","11-02-2026","1","0","0","0","1","0","0","0","0.00","0","0.00","0","0","0"
"4676","Himachal Pradesh","Poisonous grass","11-02-2026","1","0","0","0","0","0","0","7","0.00","0","0.00","0","0","0"
"4677","Puducherry","Heavy Rain","11-02-2026","4","0","0","0","0","0","0","0","0.00","0","0.00","0","0","0"
"4678","Sikkim","Earthquakes","11-02-2026","3","2","14","0","0","0","15","0","0.00","0","0.00","0","0","0"
"4679","Uttarakhand","Air, Road and Rail Accidents","11-02-2026","1","0","0","0","2","0","0","0","0.00","0","0.00","0","0","0"
"4680","Uttarakhand","Other","11-02-2026","1","0","0","0","1","0","0","0","0.00","0","0.00","0","0","0"
"4681","Himachal Pradesh","Air, Road and Rail Accidents","10-02-2026","2","0","0","1","0","0","0","0","0.00","0","0.00","0","0","0"
"4682","Himachal Pradesh","Electrical Disasters and fires","10-02-2026","1","1","6","0","0","0","1","0","0.00","0","0.00","0","0","0"
"4683","Himachal Pradesh","While working on wool processing machine","10-02-2026","1","1","7","1","0","0","0","0","0.00","0","0.00","0","0","0"
"4684","Puducherry","Heavy Rain","10-02-2026","4","0","0","0","0","0","0","0","0.00","0","0.00","0","0","0"
"4685","Sikkim","Earthquakes","10-02-2026","2","8","228","0","0","0","25","0","0.00","0","0.00","0","0","0"
"4686","Uttarakhand","Air, Road and Rail Accidents","10-02-2026","4","0","0","6","17","0","0","0","0.00","0","0.00","0","0","0"
"4687","Uttarakhand","Pithoragarh","10-02-2026","1","0","0","1","0","0","0","0","0.00","0","0.00","0","0","0"
"4688","Uttarakhand","Rudraprayag","10-02-2026","1","0","0","1","0","0","0","0","0.00","0","0.00","0","0","0"
"4689","Himachal Pradesh","Air, Road and Rail Accidents","09-02-2026","2","0","0","2","0","0","0","0","0.00","0","0.00","0","0","0"
"4690","Himachal Pradesh","Other","09-02-2026","2","0","0","1","0","0","1","0","0.00","0","0.00","0","0","0"
"4691","Puducherry","Heavy Rain","09-02-2026","4","0","0","0","0","0","0","0","0.00","0","0.00","0","0","0"
"4692","Sikkim","Earthquakes","09-02-2026","2","19","90","0","0","0","10","0","0.00","0","0.00","0","0","0"
"4693","Himachal Pradesh","Fire, Fall & vehicle accident","08-02-2026","1","0","0","3","0","0","0","0","0.00","0","0.00","0","0","0"
"4694","Himachal Pradesh","Stone Fall form Height","08-02-2026","1","0","0","1","0","0","0","0","0.00","0","0.00","0","0","0"
"4695","Puducherry","Heavy Rain","08-02-2026","4","0","0","0","0","0","0","0","0.00","0","0.00","0","0","0"
"4696","Himachal Pradesh","Electrical Disasters and fires","07-02-2026","1","1","0","0","0","0","0","0","0.00","1","0.00","0","0","0"
"4697","Himachal Pradesh","Fell From Height ","07-02-2026","1","0","0","1","0","0","0","0","0.00","0","0.00","0","0","0"
"4698","Himachal Pradesh","Other","07-02-2026","1","0","0","1","0","0","0","0","0.00","0","0.00","0","0","0"
"4699","Puducherry","Heavy Rain","07-02-2026","4","0","0","0","0","0","0","0","0.00","0","0.00","0","0","0"
"4700","Sikkim","Earthquakes","07-02-2026","1","5","74","0","0","0","17","0","0.00","0","0.00","0","0","0"
"4701","Himachal Pradesh","Air, Road and Rail Accidents","06-02-2026","3","0","3","5","5","0","0","0","0.00","0","0.00","0","0","0"
"4702","Himachal Pradesh","Electrical Disasters and fires","06-02-2026","1","2","8","0","1","0","2","0","0.00","0","0.00","0","0","0"
"4703","Himachal Pradesh","Fall from Path & Road Accident","06-02-2026","1","0","0","2","0","0","0","0","0.00","0","0.00","0","0","0"
"4704","Himachal Pradesh","Fire Incident","06-02-2026","1","0","0","0","0","0","0","8","0.00","0","0.00","0","0","0"
"4705","Puducherry","Heavy Rain","06-02-2026","4","0","0","0","0","0","0","0","0.00","0","11.30","0","0","0"
"4706","Sikkim","Earthquakes","06-02-2026","5","26","182","0","0","0","54","0","0.00","0","0.00","0","0","0"
"4707","Sikkim","Electrical Disasters and fires","06-02-2026","1","1","10","0","0","0","1","0","0.00","0","0.00","0","0","0"
"4708","Himachal Pradesh","Fall from Cliff","05-02-2026","1","1","3","0","0","0","0","1","0.00","0","0.00","0","0","0"
"4709","Himachal Pradesh","Heavy Rain","05-02-2026","1","1","3","0","0","0","1","0","0.00","0","0.00","0","0","0"
"4710","Puducherry","Heavy Rain","05-02-2026","4","0","0","0","0","0","0","0","0.00","0","1.20","0","0","0"
"4711","Sikkim","Electrical Disasters and fires","05-02-2026","1","4","35","0","0","0","4","0","2.00","1","0.00","35","0","0"
"4712","Himachal Pradesh","Air, Road and Rail Accidents","04-02-2026","2","0","0","1","6","0","0","0","0.00","0","0.00","0","0","0"
"4713","Himachal Pradesh","Electrical Disasters and fires","04-02-2026","1","2","10","0","0","0","1","0","0.00","1","0.00","0","0","0"
"4714","Puducherry","Heavy Rain","04-02-2026","4","0","0","0","0","0","0","0","0.00","0","0.00","0","0","0"
"4715","Himachal Pradesh","Air, Road and Rail Accidents","03-02-2026","3","0","0","3","6","0","0","0","0.00","0","0.00","0","0","0"
"4716","Himachal Pradesh","Fall from height","03-02-2026","1","1","4","1","0","0","0","0","0.00","0","0.00","0","0","0"
"4717","Himachal Pradesh","Heavy Rain","03-02-2026","1","2","6","0","0","0","2","0","0.00","0","0.00","0","0","0"
"4718","Himachal Pradesh","Road Accident & Fire","03-02-2026","1","0","0","0","1","0","0","0","0.00","0","0.00","0","0","0"
"4719","Himachal Pradesh","Snow Avalanches","03-02-2026","1","0","0","0","0","0","0","0","0.00","0","0.00","0","0","0"
"4720","Puducherry","Heavy Rain","03-02-2026","4","0","0","0","0","0","0","0","0.00","0","0.00","0","0","0"
"4721","Himachal Pradesh","fall from Path","02-02-2026","1","0","0","1","0","0","0","0","0.00","0","0.00","0","0","0"
"4722","Himachal Pradesh","Heavy Rain","02-02-2026","1","0","0","0","0","0","0","0","0.00","0","5.00","0","0","0"
"4723","Himachal Pradesh","Thunder and Lightening","02-02-2026","1","0","0","0","0","0","0","54","54.00","0","0.00","0","0","0"
"4724","Puducherry","Heavy Rain","02-02-2026","4","0","0","0","0","0","0","0","0.00","0","6.40","0","0","0"
"4725","Himachal Pradesh","Air, Road and Rail Accidents","01-02-2026","1","0","0","1","0","0","0","0","0.00","0","0.00","0","0","0"
"4726","Himachal Pradesh","Other","01-02-2026","1","0","0","0","0","0","0","0","9.00","0","0.00","0","0","0"
"4727","Himachal Pradesh","Village Fire","01-02-2026","1","0","0","0","0","0","0","0","0.00","0","0.00","0","0","0"
"4728","Puducherry","Heavy Rain","01-02-2026","4","0","0","0","0","0","0","0","0.00","0","0.00","0","0","0"
"4729","Himachal Pradesh","Fall from Height","31-01-2026","1","0","0","1","0","0","1","0","0.00","0","0.00","0","0","0"
"4730","Himachal Pradesh","Fire and Road accident","31-01-2026","1","0","0","0","2","0","1","0","0.00","10000000","0.00","0","0","0"
"4731","Puducherry","Heavy Rain","31-01-2026","4","0","0","0","0","0","0","0","0.00","0","0.00","0","0","0"
"4732","Himachal Pradesh","Air, Road and Rail Accidents","30-01-2026","4","1","1","2","3","0","0","0","0.00","0","0.00","0","0","0"
"4733","Himachal Pradesh","Heavy Rain","30-01-2026","1","2","10","0","0","0","2","0","0.00","0","0.00","0","0","0"
"4734","Himachal Pradesh","Snow","30-01-2026","1","0","0","0","4","0","0","0","0.00","0","0.00","0","0","0"
"4735","Himachal Pradesh","Snow Avalanches","30-01-2026","1","2","50","0","0","0","0","0","0.00","0","0.00","0","0","0"
"4736","Himachal Pradesh","Village Fire","30-01-2026","1","0","0","0","0","0","1","0","0.00","0","0.00","0","0","0"
"4737","Uttarakhand","Other","30-01-2026","1","0","0","0","0","0","0","6","0.00","0","0.00","0","0","0"
"4738","Himachal Pradesh","Air, Road and Rail Accidents","29-01-2026","4","0","0","2","12","0","1","0","0.00","0","0.00","0","0","0"
"4739","Himachal Pradesh","Fall From Height","29-01-2026","1","0","0","1","0","0","0","0","0.00","0","0.00","0","0","0"
"4740","Himachal Pradesh","Hailstorm","29-01-2026","1","4","20","1","0","0","0","0","0.00","0","0.00","0","0","0"
"4741","Himachal Pradesh","Heavy Rain","29-01-2026","1","62","0","0","0","0","0","0","0.00","0","93.40","0","0","0"
"4742","Himachal Pradesh","Reason Unknown","29-01-2026","1","1","1","0","0","0","0","0","0.00","0","0.00","0","0","0"
"4743","Puducherry","Heavy Rain","29-01-2026","4","0","0","0","0","0","0","0","0.00","0","0.00","0","0","0"
"4744","Uttarakhand","Air, Road and Rail Accidents","29-01-2026","1","0","0","1","0","0","0","0","0.00","0","0.00","0","0","0"
"4745","Bihar","Floods","28-01-2026","1","0","0","0","0","0","0","0","0.00","0","0.00","0","0","0"
"4746","Himachal Pradesh","Air, Road and Rail Accidents","28-01-2026","1","0","0","0","0","0","0","0","0.00","0","0.00","0","0","0"
"4747","Himachal Pradesh","Heavy Rain","28-01-2026","1","10","50","0","0","0","23","0","0.00","4","33.20","0","0","0"
"4748","Himachal Pradesh","Other","28-01-2026","1","0","0","0","0","0","0","0","0.00","0","0.00","0","0","0"
"4749","Himachal Pradesh","Thunder and Lightening","28-01-2026","1","0","0","0","0","0","0","2","0.00","0","0.00","0","0","0"
"4750","Puducherry","Heavy Rain","28-01-2026","4","0","0","0","0","0","0","0","0.00","0","0.00","0","0","0"
"4751","Sikkim","Forest Fires","28-01-2026","1","1","21","0","0","0","0","0","0.00","0","0.00","0","0","0"
"4752","Himachal Pradesh","Air, Road and Rail Accidents","27-01-2026","2","1","1","0","2","0","0","0","0.00","0","0.00","0","0","0"
"4753","Himachal Pradesh","Heat Wave and Cold Wave","27-01-2026","1","0","2","2","0","0","0","0","0.00","0","33.20","0","0","0"
"4754","Himachal Pradesh","Heavy Rain","27-01-2026","2","9","100","0","0","0","8","0","0.00","1","33.20","0","0","0"
"4755","Puducherry","Heavy Rain","27-01-2026","4","0","0","0","0","0","0","0","0.00","0","0.00","0","0","0"
"4756","Uttarakhand","Air, Road and Rail Accidents","27-01-2026","3","0","0","1","7","0","0","0","0.00","0","0.00","0","0","0"
"4757","Himachal Pradesh","Air, Road and Rail Accidents","26-01-2026","3","0","0","3","1","0","0","0","0.00","0","0.00","0","0","0"
"4758","Himachal Pradesh","Death Due to Fall ","26-01-2026","1","0","0","1","0","0","0","0","0.00","0","0.00","0","0","0"
"4759","Himachal Pradesh","Falling from height","26-01-2026","1","0","0","0","0","0","0","1","0.00","0","0.00","0","0","0"
"4760","Puducherry","Heavy Rain","26-01-2026","4","0","0","0","0","0","0","0","0.00","0","31.20","0","0","0"
"4761","Uttarakhand","Air, Road and Rail Accidents","26-01-2026","2","0","0","4","7","0","0","0","0.00","0","0.00","0","0","0"
"4762","Himachal Pradesh","Air, Road and Rail Accidents","25-01-2026","3","0","2","2","7","0","0","0","0.00","0","0.00","0","0","0"
"4763","Himachal Pradesh","Due to Fall ","25-01-2026","1","0","0","0","1","0","0","0","0.00","0","0.00","0","0","0"
"4764","Himachal Pradesh","Electrical Disasters and fires","25-01-2026","1","0","0","0","0","0","2","7","0.00","0","0.00","0","0","0"
"4765","Himachal Pradesh","Falling From height ","25-01-2026","1","0","0","1","0","0","0","0","0.00","0","0.00","0","0","0"
"4766","Himachal Pradesh","Heavy Rain","25-01-2026","1","3","15","0","0","0","3","0","0.00","0","0.00","0","0","0"
"4767","Himachal Pradesh","Heavy Snowfall & strong winds","25-01-2026","1","0","0","0","0","0","2","0","1.00","0","0.00","0","0","0"
"4768","Puducherry","Heavy Rain","25-01-2026","4","0","0","0","0","0","0","0","0.00","0","47.60","0","0","0"
"4769","Uttarakhand","Air, Road and Rail Accidents","25-01-2026","2","0","0","0","3","0","0","0","0.00","0","0.00","0","0","0"
"4770","Uttarakhand","Animal Attack","25-01-2026","1","0","0","1","0","0","0","0","0.00","0","0.00","0","0","0"
"4771","Bihar","Floods","24-01-2026","1","0","0","0","0","0","0","0","0.00","0","0.00","0","0","0"
"4772","Himachal Pradesh","Air, Road and Rail Accidents","24-01-2026","1","0","0","0","1","0","0","0","0.00","0","0.00","0","0","0"
"4773","Himachal Pradesh","Hailstorm","24-01-2026","1","0","0","0","0","0","1","12","0.00","0","43.00","0","0","0"
"4774","Himachal Pradesh","Heavy Rain","24-01-2026","2","28","108","0","0","0","24","0","0.00","3","142.10","0","0","0"
"4775","Puducherry","Heavy Rain","24-01-2026","4","0","0","0","0","0","0","0","0.00","0","6.70","0","0","0"
"4776","Uttarakhand","Air, Road and Rail Accidents","24-01-2026","2","0","0","2","4","0","0","0","0.00","0","0.00","0","0","0"
"4777","Uttarakhand","Landslides and Mudflows","24-01-2026","1","0","0","1","0","0","0","0","0.00","0","0.00","0","0","0"
"4778","Himachal Pradesh","Other","23-01-2026","1","0","0","1","0","0","0","0","0.00","0","0.00","0","0","0"
"4779","Himachal Pradesh","Thunder and Lightening","23-01-2026","1","0","0","0","0","0","1","0","0.00","0","3.70","0","0","0"
"4780","Puducherry","Heavy Rain","23-01-2026","4","0","0","0","0","0","0","0","0.00","0","0.00","0","0","0"
"4781","Uttarakhand","Air, Road and Rail Accidents","23-01-2026","1","0","0","0","2","0","0","0","0.00","0","0.00","0","0","0"
"4782","Uttarakhand","slipped and fall into Ditch","23-01-2026","1","0","0","1","0","0","0","0","0.00","0","0.00","0","0","0"
"4783","Himachal Pradesh","Air, Road and Rail Accidents","22-01-2026","1","0","0","1","0","0","0","0","0.00","0","0.00","0","0","0"
"4784","Himachal Pradesh","Road Accident & Forest Fire","22-01-2026","1","2","2","0","2","0","0","0","0.00","0","0.00","0","0","0"
"4785","Puducherry","Heavy Rain","22-01-2026","4","0","0","0","0","0","0","0","0.00","0","0.00","0","0","0"
"4786","Sikkim","Electrical Disasters and fires","22-01-2026","1","1","56","0","0","0","1","0","0.00","0","0.00","0","0","0"
"4787","Himachal Pradesh","Air, Road and Rail Accidents","21-01-2026","1","1","1","1","0","0","0","0","0.00","0","0.00","0","0","0"
"4788","Himachal Pradesh","Fall down","21-01-2026","1","0","0","1","0","0","0","0","0.00","0","0.00","0","0","0"
"4789","Himachal Pradesh","Falling From Height","21-01-2026","1","0","0","1","0","0","0","0","0.00","0","0.00","0","0","0"
"4790","Himachal Pradesh","Road Accident","21-01-2026","1","0","0","0","1","0","0","0","0.00","0","0.00","0","0","0"
"4791","Puducherry","Heavy Rain","21-01-2026","4","0","0","0","0","0","0","0","0.00","0","0.00","0","0","0"
"4792","Sikkim","Forest Fires","21-01-2026","1","0","0","0","0","0","0","0","0.00","0","0.00","0","0","0"
"4793","Uttarakhand","Air, Road and Rail Accidents","21-01-2026","2","0","0","2","1","0","0","0","0.00","0","0.00","0","0","0"
"4794","Uttarakhand","Animal Attack","21-01-2026","1","0","0","0","1","0","0","0","0.00","0","0.00","0","0","0"
"4795","Puducherry","Heavy Rain","20-01-2026","4","0","0","0","0","0","0","0","0.00","0","0.00","0","0","0"
"4796","Uttarakhand","Air, Road and Rail Accidents","20-01-2026","2","0","0","3","3","0","0","0","0.00","0","0.00","0","0","0"
"4797","Himachal Pradesh","Air, Road and Rail Accidents","19-01-2026","2","0","0","1","2","0","0","1","0.00","0","0.00","0","0","0"
"4798","Himachal Pradesh","Road Accident","19-01-2026","1","0","0","0","6","0","0","0","0.00","0","0.00","6","0","0"
"4799","Himachal Pradesh","Road Accident & Fire Incident","19-01-2026","1","2","4","1","1","0","1","0","0.00","0","0.00","0","0","0"
"4800","Puducherry","Heavy Rain","19-01-2026","4","0","0","0","0","0","0","0","0.00","0","0.00","0","0","0"
"4801","Uttarakhand","Air, Road and Rail Accidents","19-01-2026","1","0","0","0","6","0","0","0","0.00","0","0.00","0","0","0"
"4802","Uttarakhand"," Animal Attack","19-01-2026","1","0","0","0","1","0","0","0","0.00","0","0.00","0","0","0"
"4803","Himachal Pradesh","Air, Road and Rail Accidents","18-01-2026","3","0","0","6","4","0","0","0","0.00","0","0.00","0","0","0"
"4804","Himachal Pradesh","Missing Person found dead","18-01-2026","1","0","0","1","0","0","0","0","0.00","0","0.00","0","0","0"
"4805","Puducherry","Heavy Rain","18-01-2026","4","0","0","0","0","0","0","0","0.00","0","0.00","0","0","0"
"4806","Himachal Pradesh","Air, Road and Rail Accidents","17-01-2026","2","6","10","2","8","0","1","0","0.00","0","0.00","0","0","0"
"4807","Himachal Pradesh","Electrical Disasters and fires","17-01-2026","2","1","5","0","0","0","1","0","0.00","0","0.00","0","0","0"
"4808","Puducherry","Heavy Rain","17-01-2026","4","0","0","0","0","0","0","0","0.00","0","0.00","0","0","0"
"4809","Uttarakhand","Air, Road and Rail Accidents","17-01-2026","3","0","0","3","4","0","0","0","0.00","0","0.00","0","0","0"
"4810","Himachal Pradesh","Air, Road and Rail Accidents","16-01-2026","1","2","4","0","4","0","0","0","0.00","0","0.00","0","0","0"
"4811","Himachal Pradesh","Fall from Tree/height","16-01-2026","1","0","1","1","1","0","0","0","0.00","0","0.00","0","0","0"
"4812","Himachal Pradesh","Falling From Height ","16-01-2026","1","0","0","2","0","0","0","4","0.00","0","0.00","0","0","25000"
"4813","Puducherry","Heavy Rain","16-01-2026","4","0","0","0","0","0","0","0","0.00","0","0.00","0","0","0"
"4814","Sikkim","Village Fire","16-01-2026","1","1","0","0","0","0","2","0","0.00","0","0.00","0","0","0"
"4815","Uttarakhand","Air, Road and Rail Accidents","16-01-2026","1","0","0","0","1","0","0","0","0.00","0","0.00","0","0","0"
"4816","Himachal Pradesh","Air, Road and Rail Accidents","15-01-2026","1","1","2","2","0","0","0","0","0.00","0","0.00","0","0","0"
"4817","Himachal Pradesh","Forest Fires","15-01-2026","1","2","0","0","0","0","0","0","0.00","0","0.00","0","0","0"
"4818","Himachal Pradesh","Other","15-01-2026","1","0","0","12","2","0","8","6","0.00","900000","0.00","0","0","0"
"4819","Puducherry","Heavy Rain","15-01-2026","4","0","0","0","0","0","0","0","0.00","0","0.00","0","0","0"
"4820","Uttarakhand","Air, Road and Rail Accidents","15-01-2026","3","0","0","1","4","0","0","0","0.00","0","0.00","0","0","0"
"4821","Uttarakhand","Animal Attack","15-01-2026","1","0","0","1","0","0","0","0","0.00","0","0.00","0","0","0"
"4822","Himachal Pradesh","Air, Road and Rail Accidents","14-01-2026","4","0","0","17","75","0","0","0","0.00","0","0.00","0","0","0"
"4823","Himachal Pradesh","Other","14-01-2026","1","0","0","1","0","0","0","0","0.00","0","0.00","0","0","0"
"4824","Himachal Pradesh","Urban Fires","14-01-2026","1","1","10","0","0","7","0","0","0.00","0","0.00","0","0","0"
"4825","Himachal Pradesh","Village Fire","14-01-2026","1","0","0","0","0","0","0","0","0.00","0","0.00","0","0","0"
"4826","Puducherry","Heavy Rain","14-01-2026","4","0","0","0","0","0","0","0","0.00","0","0.30","0","0","0"
"4827","Uttarakhand","Air, Road and Rail Accidents","14-01-2026","1","0","0","3","1","0","0","0","0.00","0","0.00","0","0","0"
"4828","Uttarakhand","Animal Attack ","14-01-2026","1","0","0","0","2","0","0","0","0.00","0","0.00","0","0","0"
"4829","Himachal Pradesh","Air, Road and Rail Accidents","13-01-2026","1","0","0","0","2","0","0","0","0.00","0","0.00","0","0","0"
"4830","Himachal Pradesh","Electrical Disasters and fires","13-01-2026","1","1","4","0","0","0","1","0","0.00","0","0.00","0","0","0"
"4831","Himachal Pradesh","Urban Fires","13-01-2026","1","0","0","6","0","14","2","0","0.00","0","0.00","0","0","0"
"4832","Puducherry","Heavy Rain","13-01-2026","4","0","0","0","0","0","0","0","0.00","0","77.20","0","0","0"
"4833","Uttarakhand","Animal Attack","13-01-2026","1","0","0","1","0","0","0","0","0.00","0","0.00","0","0","0"
"4834","Himachal Pradesh","Air, Road and Rail Accidents","12-01-2026","1","0","0","0","2","0","0","0","0.00","0","0.00","0","0","0"
"4835","Himachal Pradesh","Cloud Burst","12-01-2026","1","0","0","0","0","0","0","0","0.00","0","0.00","0","0","0"
"4836","Himachal Pradesh","Forest Fires","12-01-2026","1","1","0","0","0","0","0","0","0.00","0","0.00","0","0","0"
"4837","Himachal Pradesh","Slip","12-01-2026","1","0","0","1","0","0","0","0","0.00","0","0.00","0","0","0"
"4838","Himachal Pradesh","Village Fire","12-01-2026","1","1","1","0","0","0","1","0","0.00","0","0.00","0","0","0"
"4839","Puducherry","Heavy Rain","12-01-2026","4","0","0","0","0","0","0","0","0.00","0","4.60","0","0","0"
"4840","Uttarakhand","Air, Road and Rail Accidents","12-01-2026","1","0","0","1","1","0","0","0","0.00","0","0.00","0","0","0"
"4841","Himachal Pradesh","Air, Road and Rail Accidents","11-01-2026","4","0","6","3","5","0","0","0","0.00","0","0.00","0","0","25000"
"4842","Puducherry","Heavy Rain","11-01-2026","4","0","0","0","0","0","0","0","0.00","0","14.50","0","0","0"
"4843","Himachal Pradesh","Air, Road and Rail Accidents","10-01-2026","1","0","0","59","268","0","0","0","0.00","0","0.00","0","0","10255000"
"4844","Puducherry","Heavy Rain","10-01-2026","4","0","0","0","0","0","0","0","0.00","0","4.10","0","0","0"
"4845","Himachal Pradesh","Air, Road and Rail Accidents","09-01-2026","1","0","0","0","2","0","0","0","0.00","0","0.00","0","0","0"
"4846","Himachal Pradesh","Electrical Disasters and fires","09-01-2026","1","0","0","0","0","0","1","0","0.00","0","0.00","0","0","0"
"4847","Himachal Pradesh","Other","09-01-2026","1","0","0","2","0","0","0","0","0.00","0","0.00","0","0","0"
"4848","Puducherry","Heavy Rain","09-01-2026","4","0","0","0","0","0","0","0","0.00","0","0.30","0","0","0"
"4849","Sikkim","Electrical Disasters and fires","09-01-2026","1","1","54","0","0","0","4","0","0.00","0","0.00","0","0","0"
"4850","Tripura","Drowning","09-01-2026","1","0","0","1","0","0","0","0","0.00","0","0.00","0","0","0"
"4851","Uttarakhand","Fire.(angithi gas)","09-01-2026","1","0","0","1","1","0","0","0","0.00","0","0.00","0","0","0"
"4852","Himachal Pradesh","Air, Road and Rail Accidents","08-01-2026","4","4","4","3","4","0","1","0","0.00","0","0.00","0","0","0"
"4853","Himachal Pradesh","Height (Falling from tree)","08-01-2026","1","0","0","1","0","0","0","0","0.00","0","0.00","0","0","0"
"4854","Puducherry","Heavy Rain","08-01-2026","4","0","0","0","0","0","0","0","0.00","0","0.00","0","0","0"
"4855","Uttarakhand","Air, Road and Rail Accidents","08-01-2026","1","1","0","0","0","0","0","0","0.00","0","0.00","0","0","0"
"4856","Himachal Pradesh","Air, Road and Rail Accidents","07-01-2026","2","0","0","2","1","0","0","0","0.00","0","0.00","0","0","0"
"4857","Himachal Pradesh","Falling From Height","07-01-2026","1","0","0","1","0","0","0","0","0.00","0","0.00","0","0","0"
"4858","Himachal Pradesh","Other","07-01-2026","1","0","0","0","0","0","0","0","0.00","0","0.00","0","0","0"
"4859","Puducherry","Heavy Rain","07-01-2026","4","0","0","0","0","0","0","0","0.00","0","2.80","0","0","0"
"4860","Uttarakhand","Electrical Disasters and fires","07-01-2026","1","0","0","0","0","0","3","14","0.00","0","0.00","0","0","0"
"4861","Himachal Pradesh","Air, Road and Rail Accidents","06-01-2026","3","0","7","1","9","0","0","0","0.00","0","0.00","0","0","0"
"4862","Himachal Pradesh","Electrical Disasters and fires","06-01-2026","1","0","0","0","0","0","1","0","0.00","0","0.00","0","0","0"
"4863","Himachal Pradesh","Fall From Hill ","06-01-2026","1","0","0","1","0","0","0","0","0.00","0","0.00","0","0","0"
"4864","Himachal Pradesh","Leopard Attack ","06-01-2026","1","0","0","0","0","0","0","28","0.00","0","0.00","0","0","0"
"4865","Himachal Pradesh","Other","06-01-2026","1","0","0","2","0","0","0","0","0.00","0","0.00","0","0","0"
"4866","Himachal Pradesh","Air, Road and Rail Accidents","05-01-2026","2","0","0","1","3","0","0","0","0.00","0","0.00","0","0","25000"
"4867","Himachal Pradesh","Forest Fires","05-01-2026","1","0","0","0","0","0","0","0","0.00","0","0.00","0","0","0"
"4868","Puducherry","Heavy Rain","05-01-2026","4","0","0","0","0","0","0","0","0.00","0","0.00","0","0","0"
"4869","Uttarakhand","Air, Road and Rail Accidents","05-01-2026","1","0","0","1","1","0","0","0","0.00","0","0.00","0","0","0"
"4870","Himachal Pradesh","Air, Road and Rail Accidents","04-01-2026","2","0","0","2","2","0","0","0","0.00","0","0.00","0","0","25000"
"4871","Himachal Pradesh","Drowning","04-01-2026","1","0","0","0","0","0","0","1","0.00","0","0.00","0","0","0"
"4872","Himachal Pradesh","Electrical Disasters and fires","04-01-2026","1","0","7","0","0","0","1","0","0.00","0","1.00","0","0","0"
"4873","Himachal Pradesh","Falling from height","04-01-2026","1","0","0","1","0","0","0","0","0.00","0","0.00","0","0","0"
"4874","Himachal Pradesh","Height (Falling from tree)","04-01-2026","1","0","0","2","0","0","0","0","0.00","0","0.00","0","0","25000"
"4875","Himachal Pradesh","Other","04-01-2026","1","0","0","1","0","0","0","0","0.00","0","0.00","0","0","0"
"4876","Puducherry","Heavy Rain","04-01-2026","4","0","0","0","0","0","0","0","0.00","0","0.00","0","0","0"
"4877","Himachal Pradesh","Air, Road and Rail Accidents","03-01-2026","3","1","4","4","1","0","0","0","0.00","1","0.00","0","0","0"
"4878","Puducherry","Heavy Rain","03-01-2026","4","0","0","0","0","0","0","0","0.00","0","4.40","0","0","0"
"4879","Uttarakhand","Air, Road and Rail Accidents","03-01-2026","1","0","0","2","1","0","0","0","0.00","0","0.00","0","0","0"
"4880","Himachal Pradesh","Air, Road and Rail Accidents","02-01-2026","1","0","0","1","0","0","0","0","0.00","0","0.00","0","0","0"
"4881","Puducherry","Heavy Rain","02-01-2026","4","0","0","0","0","0","0","0","0.00","0","4.20","0","0","0"
"4882","Uttarakhand","Air, Road and Rail Accidents","02-01-2026","1","0","0","1","4","0","0","0","0.00","0","0.00","0","0","0"
"4883","Uttarakhand","Animal Attack","02-01-2026","1","0","0","1","0","0","0","0","0.00","0","0.00","0","0","0"
"4884","Himachal Pradesh","Air, Road and Rail Accidents","01-01-2026","1","0","0","4","0","0","0","0","0.00","0","0.00","0","0","0"
"4885","Himachal Pradesh","Other","01-01-2026","1","0","0","0","0","0","0","0","0.00","0","0.00","0","0","0"
"4886","Puducherry","Heavy Rain","01-01-2026","4","0","0","0","0","0","0","0","0.00","0","10.10","0","0","0"
"4887","Uttarakhand","Air, Road and Rail Accidents","01-01-2026","2","0","0","2","6","0","0","0","0.00","0","0.00","0","0","0"
"4888","Uttarakhand","Electrical Disasters and fires","01-01-2026","1","0","0","1","0","0","0","0","0.00","0","0.00","0","0","1"